/*
 Navicat Premium Data Transfer

 Source Server         : localhost_3306
 Source Server Type    : MySQL
 Source Server Version : 50610
 Source Host           : localhost:3306
 Source Schema         : ibox

 Target Server Type    : MySQL
 Target Server Version : 50610
 File Encoding         : 65001

 Date: 30/07/2025 01:48:28
*/

SET NAMES utf8mb4;
SET FOREIGN_KEY_CHECKS = 0;

-- ----------------------------
-- Table structure for announcements
-- ----------------------------
DROP TABLE IF EXISTS `announcements`;
CREATE TABLE `announcements`  (
  `id` int(11) NOT NULL AUTO_INCREMENT COMMENT '主键，唯一标识每个公告',
  `nft_id` int(11) NOT NULL COMMENT '外键，关联的NFT ID',
  `image_url` varchar(255) CHARACTER SET utf8 COLLATE utf8_general_ci NULL DEFAULT NULL COMMENT '“寄售公告”图片',
  `title` varchar(255) CHARACTER SET utf8 COLLATE utf8_general_ci NOT NULL COMMENT '公告标题',
  `content` text CHARACTER SET utf8 COLLATE utf8_general_ci NOT NULL COMMENT '公告内容',
  `publisher` varchar(255) CHARACTER SET utf8 COLLATE utf8_general_ci NOT NULL COMMENT '公告发布者/出处',
  `is_pinned` tinyint(1) NULL DEFAULT 0 COMMENT '是否置顶（布尔值）',
  `image` varchar(255) CHARACTER SET utf8 COLLATE utf8_general_ci NULL DEFAULT NULL COMMENT '相关图片url',
  `start_time` datetime(0) NULL DEFAULT NULL COMMENT '公告开始显示时间',
  `end_time` datetime(0) NULL DEFAULT NULL COMMENT '公告结束显示时间',
  `created_at` timestamp(0) NOT NULL DEFAULT CURRENT_TIMESTAMP(0) COMMENT '公告创建时间',
  `updated_at` timestamp(0) NOT NULL DEFAULT CURRENT_TIMESTAMP(0) ON UPDATE CURRENT_TIMESTAMP(0) COMMENT '公告更新时间',
  PRIMARY KEY (`id`) USING BTREE,
  INDEX `fk_announcement_nft`(`nft_id`) USING BTREE,
  CONSTRAINT `fk_announcement_nft` FOREIGN KEY (`nft_id`) REFERENCES `nfts` (`id`) ON DELETE CASCADE ON UPDATE RESTRICT
) ENGINE = InnoDB AUTO_INCREMENT = 7 CHARACTER SET = utf8 COLLATE = utf8_general_ci COMMENT = '存储NFT相关公告的表' ROW_FORMAT = Compact;

-- ----------------------------
-- Records of announcements
-- ----------------------------
INSERT INTO `announcements` VALUES (1, 3, 'assets/images/jstp.jpg', '[经典文化][史诗]藏品《西游-金角大王》开启寄售', '尊敬的用户，您好！[经典文化][史诗]藏品《西游-金角大王》将于2025年3月28日12:30开启寄售，敬请广大用户知悉，谢谢！', 'Joon', 0, NULL, '2025-03-27 12:30:00', '2026-04-17 00:00:00', '2025-03-28 10:21:42', '2025-05-07 10:05:25');
INSERT INTO `announcements` VALUES (2, 3, 'assets/images/jstp.jpg', '[经典文化][史诗]藏品《西游-金角大王》取消限价', '尊敬的用户，您好！[经典文化][史诗]藏品《西游-金角大王》惊喜来临。敬请广大用户知悉，谢谢！', 'Joon', 0, NULL, '2025-05-07 10:04:29', '2026-07-01 00:00:00', '2025-03-28 10:22:16', '2025-06-09 10:41:42');
INSERT INTO `announcements` VALUES (3, 2, 'assets/images/zl.jpg', '[十年甄选][史诗]藏品《祖龙》开启寄售', '尊敬的用户，您好！[十年甄选][史诗]藏品《祖龙》将于2025年5月2日12:00开启寄售。敬请广大用户知悉，谢谢！', 'Joon', 0, NULL, '2025-05-07 10:02:11', '2026-07-01 00:00:00', '2025-05-07 09:54:24', '2025-06-09 10:41:14');
INSERT INTO `announcements` VALUES (4, 1, 'assets/images/juf.jpg', '[赛博系列][史诗]藏品《赛博加菲》开启寄售', '[赛博系列][史诗]藏品《赛博加菲》开启寄售   尊敬的用户，您好！[赛博系列][史诗]藏品《赛博加菲》将于2025年5月2日13:00开启寄售。敬请广大用户知悉，谢谢！', 'Joon', 0, NULL, '2025-05-02 13:00:00', NULL, '2025-05-07 10:00:31', '2025-06-09 10:41:02');
INSERT INTO `announcements` VALUES (5, 70, 'assets/images/hpz.jpg', ' [十年甄选][药水]藏品《大红幺幺》即将发布！', '尊敬的用户，您好！[十年甄选][稀有]藏品《大红幺幺》将于2025年6月9日13:00于主页开启抢购。敬请广大用户知悉，谢谢！', 'Joon', 0, NULL, '2025-06-09 13:00:00', NULL, '2025-06-09 10:31:13', '2025-06-09 10:46:23');
INSERT INTO `announcements` VALUES (6, 71, 'assets/images/nja.jpg', '[新春系列][图画]藏品《初雪》即将发布！  ', ' 尊敬的用户，您好！[新春系列][稀有]藏品《初雪》将于2025年6月9日13:00于主页开启抢购。敬请广大用户知悉，谢谢！ ', 'Joon', 0, NULL, '2025-06-09 13:00:00', NULL, '2025-06-09 10:43:39', '2025-06-09 10:46:26');

-- ----------------------------
-- Table structure for consignments
-- ----------------------------
DROP TABLE IF EXISTS `consignments`;
CREATE TABLE `consignments`  (
  `id` int(11) UNSIGNED NOT NULL AUTO_INCREMENT COMMENT '主键，唯一标识每个寄售记录',
  `instance_id` int(11) NOT NULL COMMENT '外键，指向NFT实例',
  `seller_address` varchar(42) CHARACTER SET utf8 COLLATE utf8_general_ci NOT NULL COMMENT '寄售者的钱包地址',
  `currency` varchar(10) CHARACTER SET utf8 COLLATE utf8_general_ci NOT NULL COMMENT '价格的货币类型（如ETH、USD等）',
  `start_time` timestamp(0) NOT NULL DEFAULT CURRENT_TIMESTAMP(0) COMMENT '寄售开始时间',
  `end_time` timestamp(0) NOT NULL DEFAULT '0000-00-00 00:00:00' COMMENT '寄售结束时间（可选）',
  `status` enum('active','completed','canceled') CHARACTER SET utf8 COLLATE utf8_general_ci NULL DEFAULT 'active' COMMENT '寄售状态（进行中、已完成、已取消）',
  `is_active` tinyint(1) NOT NULL DEFAULT 1 COMMENT '是否处于有效寄售状态（1: 是, 0: 否）',
  PRIMARY KEY (`id`) USING BTREE,
  INDEX `instance_id`(`instance_id`) USING BTREE
) ENGINE = InnoDB AUTO_INCREMENT = 259 CHARACTER SET = utf8 COLLATE = utf8_general_ci COMMENT = '存储NFT寄售信息的表' ROW_FORMAT = Compact;

-- ----------------------------
-- Records of consignments
-- ----------------------------
INSERT INTO `consignments` VALUES (1, 1, '0x000000000000000000000000000000000B676997', 'CNY', '2025-03-23 04:42:43', '0000-00-00 00:00:00', 'active', 1);
INSERT INTO `consignments` VALUES (2, 2, '0x00000000000000000000000000000000260R5TU8', 'CNY', '2025-03-23 04:42:43', '0000-00-00 00:00:00', 'completed', 0);
INSERT INTO `consignments` VALUES (3, 3, '0x00000000000000000000000000000000260D4DE4', 'CNY', '2025-03-23 04:42:43', '0000-00-00 00:00:00', 'completed', 0);
INSERT INTO `consignments` VALUES (4, 4, '0x0000000000000000000000000000000030ED146C', 'CNY', '2025-03-23 04:42:43', '0000-00-00 00:00:00', 'active', 1);
INSERT INTO `consignments` VALUES (5, 5, '0x000000000000000000000000000000001DA05ACD', 'CNY', '2025-03-23 04:42:43', '0000-00-00 00:00:00', 'active', 1);
INSERT INTO `consignments` VALUES (6, 6, '0x00000000000000000000000000000000035B7284', 'CNY', '2025-03-23 04:42:43', '0000-00-00 00:00:00', 'active', 1);
INSERT INTO `consignments` VALUES (7, 7, '0x00000000000000000000000000000000239177B8', 'CNY', '2025-03-23 04:42:43', '0000-00-00 00:00:00', 'active', 1);
INSERT INTO `consignments` VALUES (8, 8, '0x000000000000000000000000000000003188F91E', 'CNY', '2025-03-23 04:42:43', '0000-00-00 00:00:00', 'active', 1);
INSERT INTO `consignments` VALUES (9, 9, '0x00000000000000000000000000000000190164DE', 'CNY', '2025-03-23 04:42:43', '0000-00-00 00:00:00', 'active', 1);
INSERT INTO `consignments` VALUES (10, 10, '0x000000000000000000000000000000001D49BB87', 'CNY', '2025-03-23 04:42:43', '0000-00-00 00:00:00', 'active', 1);
INSERT INTO `consignments` VALUES (11, 11, '0x00000000000000000000000000000000260D4DE4', 'CNY', '2025-03-23 04:42:43', '0000-00-00 00:00:00', 'completed', 0);
INSERT INTO `consignments` VALUES (12, 12, '0x000000000000000000000000000000000D61DCCE', 'CNY', '2025-03-23 04:42:43', '0000-00-00 00:00:00', 'active', 1);
INSERT INTO `consignments` VALUES (13, 13, '0x000000000000000000000000000000000D444DC7', 'CNY', '2025-03-23 04:42:43', '0000-00-00 00:00:00', 'active', 1);
INSERT INTO `consignments` VALUES (14, 14, '0x000000000000000000000000000000000C6B6FA7', 'CNY', '2025-03-23 04:42:43', '0000-00-00 00:00:00', 'active', 1);
INSERT INTO `consignments` VALUES (15, 15, '0x0000000000000000000000000000000038F7C481', 'CNY', '2025-03-23 04:42:43', '0000-00-00 00:00:00', 'active', 1);
INSERT INTO `consignments` VALUES (16, 16, '0x00000000000000000000000000000000260D4DE4', 'CNY', '2025-03-23 04:42:43', '0000-00-00 00:00:00', 'completed', 0);
INSERT INTO `consignments` VALUES (17, 17, '0x000000000000000000000000000000002F85FA08', 'CNY', '2025-03-23 04:42:43', '0000-00-00 00:00:00', 'active', 1);
INSERT INTO `consignments` VALUES (18, 18, '0x00000000000000000000000000000000233FBFDD', 'CNY', '2025-03-23 04:42:43', '0000-00-00 00:00:00', 'active', 1);
INSERT INTO `consignments` VALUES (19, 19, '0x00000000000000000000000000000000039A4C3C', 'CNY', '2025-03-23 04:42:43', '0000-00-00 00:00:00', 'active', 1);
INSERT INTO `consignments` VALUES (20, 20, '0x00000000000000000000000000000000260R5TU8', 'CNY', '2025-03-23 04:42:43', '0000-00-00 00:00:00', 'completed', 0);
INSERT INTO `consignments` VALUES (21, 21, '0x0000000000000000000000000000000008F2DFEE', 'CNY', '2025-03-23 04:42:43', '0000-00-00 00:00:00', 'active', 1);
INSERT INTO `consignments` VALUES (22, 22, '0x0000000000000000000000000000000018F1CEB0', 'CNY', '2025-03-23 04:42:43', '0000-00-00 00:00:00', 'active', 1);
INSERT INTO `consignments` VALUES (23, 23, '0x0000000000000000000000000000000023C7BCD3', 'CNY', '2025-03-23 04:42:43', '0000-00-00 00:00:00', 'active', 1);
INSERT INTO `consignments` VALUES (24, 24, '0x00000000000000000000000000000000260D4DE4', 'CNY', '2025-03-23 04:42:43', '0000-00-00 00:00:00', 'completed', 0);
INSERT INTO `consignments` VALUES (25, 25, '0x000000000000000000000000000000002C12F9A1', 'CNY', '2025-03-23 04:42:43', '0000-00-00 00:00:00', 'active', 1);
INSERT INTO `consignments` VALUES (26, 26, '0x0000000000000000000000000000000011C12956', 'CNY', '2025-03-23 04:42:43', '0000-00-00 00:00:00', 'active', 1);
INSERT INTO `consignments` VALUES (27, 27, '0x00000000000000000000000000000000004615D5', 'CNY', '2025-03-23 04:42:43', '0000-00-00 00:00:00', 'active', 1);
INSERT INTO `consignments` VALUES (28, 28, '0x00000000000000000000000000000000183989E5', 'CNY', '2025-03-23 04:42:43', '0000-00-00 00:00:00', 'active', 1);
INSERT INTO `consignments` VALUES (29, 29, '0x000000000000000000000000000000002892F29A', 'CNY', '2025-03-23 04:42:43', '0000-00-00 00:00:00', 'active', 1);
INSERT INTO `consignments` VALUES (30, 30, '0x0000000000000000000000000000000010710F7F', 'CNY', '2025-03-23 04:42:43', '0000-00-00 00:00:00', 'active', 1);
INSERT INTO `consignments` VALUES (31, 31, '0x0000000000000000000000000000000006D46A19', 'CNY', '2025-03-23 04:42:43', '0000-00-00 00:00:00', 'active', 1);
INSERT INTO `consignments` VALUES (32, 32, '0x0000000000000000000000000000000029651F7B', 'CNY', '2025-03-23 04:42:43', '0000-00-00 00:00:00', 'active', 1);
INSERT INTO `consignments` VALUES (33, 33, '0x0000000000000000000000000000000009C82457', 'CNY', '2025-03-23 04:42:43', '0000-00-00 00:00:00', 'active', 1);
INSERT INTO `consignments` VALUES (34, 34, '0x0000000000000000000000000000000033B7C040', 'CNY', '2025-03-23 04:42:43', '0000-00-00 00:00:00', 'active', 1);
INSERT INTO `consignments` VALUES (35, 35, '0x00000000000000000000000000000000008828C7', 'CNY', '2025-03-23 04:42:43', '0000-00-00 00:00:00', 'active', 1);
INSERT INTO `consignments` VALUES (36, 36, '0x00000000000000000000000000000000157B9596', 'CNY', '2025-03-23 04:42:43', '0000-00-00 00:00:00', 'active', 1);
INSERT INTO `consignments` VALUES (37, 37, '0x000000000000000000000000000000002DC1F03C', 'CNY', '2025-03-23 04:42:43', '0000-00-00 00:00:00', 'active', 1);
INSERT INTO `consignments` VALUES (38, 38, '0x000000000000000000000000000000001465E542', 'CNY', '2025-03-23 04:42:43', '0000-00-00 00:00:00', 'active', 1);
INSERT INTO `consignments` VALUES (39, 39, '0x0000000000000000000000000000000023595CDF', 'CNY', '2025-03-23 04:42:43', '0000-00-00 00:00:00', 'active', 1);
INSERT INTO `consignments` VALUES (40, 40, '0x000000000000000000000000000000000B368654', 'CNY', '2025-03-23 04:42:43', '0000-00-00 00:00:00', 'active', 1);
INSERT INTO `consignments` VALUES (41, 41, '0x000000000000000000000000000000000E1D4980', 'CNY', '2025-03-23 04:42:43', '0000-00-00 00:00:00', 'active', 1);
INSERT INTO `consignments` VALUES (42, 42, '0x00000000000000000000000000000000300C28AD', 'CNY', '2025-03-23 04:42:43', '0000-00-00 00:00:00', 'active', 1);
INSERT INTO `consignments` VALUES (43, 43, '0x000000000000000000000000000000000B032E6C', 'CNY', '2025-03-23 04:42:43', '0000-00-00 00:00:00', 'active', 1);
INSERT INTO `consignments` VALUES (44, 44, '0x000000000000000000000000000000000F3A2D10', 'CNY', '2025-03-23 04:42:43', '0000-00-00 00:00:00', 'active', 1);
INSERT INTO `consignments` VALUES (45, 45, '0x000000000000000000000000000000000B64597D', 'CNY', '2025-03-23 04:42:43', '0000-00-00 00:00:00', 'active', 1);
INSERT INTO `consignments` VALUES (46, 46, '0x0000000000000000000000000000000013CC45D3', 'CNY', '2025-03-23 04:42:43', '0000-00-00 00:00:00', 'active', 1);
INSERT INTO `consignments` VALUES (47, 47, '0x000000000000000000000000000000002336E25E', 'CNY', '2025-03-23 04:42:43', '0000-00-00 00:00:00', 'active', 1);
INSERT INTO `consignments` VALUES (48, 48, '0x000000000000000000000000000000000E0E09A1', 'CNY', '2025-03-23 04:42:43', '0000-00-00 00:00:00', 'active', 1);
INSERT INTO `consignments` VALUES (49, 49, '0x0000000000000000000000000000000009B78CC7', 'CNY', '2025-03-23 04:42:43', '0000-00-00 00:00:00', 'active', 1);
INSERT INTO `consignments` VALUES (50, 50, '0x000000000000000000000000000000003A211D37', 'CNY', '2025-03-23 04:42:43', '0000-00-00 00:00:00', 'active', 1);
INSERT INTO `consignments` VALUES (51, 51, '0x0000000000000000000000000000000003B9CF2A', 'CNY', '2025-03-23 04:42:43', '0000-00-00 00:00:00', 'active', 1);
INSERT INTO `consignments` VALUES (52, 52, '0x000000000000000000000000000000001876AA41', 'CNY', '2025-03-23 04:42:43', '0000-00-00 00:00:00', 'active', 1);
INSERT INTO `consignments` VALUES (53, 53, '0x000000000000000000000000000000000E0AD573', 'CNY', '2025-03-23 04:42:43', '0000-00-00 00:00:00', 'active', 1);
INSERT INTO `consignments` VALUES (54, 54, '0x000000000000000000000000000000002EA1DC55', 'CNY', '2025-03-23 04:42:43', '0000-00-00 00:00:00', 'active', 1);
INSERT INTO `consignments` VALUES (55, 55, '0x000000000000000000000000000000002C606259', 'CNY', '2025-03-23 04:42:43', '0000-00-00 00:00:00', 'active', 1);
INSERT INTO `consignments` VALUES (56, 56, '0x00000000000000000000000000000000063B08B6', 'CNY', '2025-03-23 04:42:43', '0000-00-00 00:00:00', 'active', 1);
INSERT INTO `consignments` VALUES (57, 57, '0x00000000000000000000000000000000260R5TU8', 'CNY', '2025-03-23 04:42:43', '0000-00-00 00:00:00', 'completed', 0);
INSERT INTO `consignments` VALUES (58, 58, '0x000000000000000000000000000000001CD02D1F', 'CNY', '2025-03-23 04:42:43', '0000-00-00 00:00:00', 'active', 1);
INSERT INTO `consignments` VALUES (59, 59, '0x0000000000000000000000000000000024AD5EF1', 'CNY', '2025-03-23 04:42:43', '0000-00-00 00:00:00', 'active', 1);
INSERT INTO `consignments` VALUES (60, 60, '0x000000000000000000000000000000001450F0DF', 'CNY', '2025-03-23 04:42:43', '0000-00-00 00:00:00', 'active', 1);
INSERT INTO `consignments` VALUES (61, 61, '0x0000000000000000000000000000000037E98B2F', 'CNY', '2025-03-23 04:42:43', '0000-00-00 00:00:00', 'active', 1);
INSERT INTO `consignments` VALUES (62, 62, '0x000000000000000000000000000000002D05D1B7', 'CNY', '2025-03-23 04:42:43', '0000-00-00 00:00:00', 'active', 1);
INSERT INTO `consignments` VALUES (63, 63, '0x000000000000000000000000000000003632BB04', 'CNY', '2025-03-23 04:42:43', '0000-00-00 00:00:00', 'active', 1);
INSERT INTO `consignments` VALUES (64, 64, '0x000000000000000000000000000000001C839EFD', 'CNY', '2025-03-23 04:42:43', '0000-00-00 00:00:00', 'active', 1);
INSERT INTO `consignments` VALUES (65, 65, '0x0000000000000000000000000000000035FC3AB7', 'CNY', '2025-03-23 04:42:43', '0000-00-00 00:00:00', 'active', 1);
INSERT INTO `consignments` VALUES (66, 66, '0x0000000000000000000000000000000035D64DD2', 'CNY', '2025-03-23 04:42:43', '0000-00-00 00:00:00', 'active', 1);
INSERT INTO `consignments` VALUES (67, 67, '0x0000000000000000000000000000000000989D3D', 'CNY', '2025-03-23 04:42:43', '0000-00-00 00:00:00', 'active', 1);
INSERT INTO `consignments` VALUES (68, 68, '0x0000000000000000000000000000000003A1403E', 'CNY', '2025-03-23 04:42:43', '0000-00-00 00:00:00', 'active', 1);
INSERT INTO `consignments` VALUES (69, 69, '0x0000000000000000000000000000000003FF7495', 'CNY', '2025-03-23 04:42:43', '0000-00-00 00:00:00', 'active', 1);
INSERT INTO `consignments` VALUES (70, 70, '0x000000000000000000000000000000002B4A65FE', 'CNY', '2025-03-23 04:42:43', '0000-00-00 00:00:00', 'active', 1);
INSERT INTO `consignments` VALUES (71, 71, '0x000000000000000000000000000000000BAE37AF', 'CNY', '2025-03-23 04:42:43', '0000-00-00 00:00:00', 'active', 1);
INSERT INTO `consignments` VALUES (72, 72, '0x00000000000000000000000000000000260R5TU8', 'CNY', '2025-03-23 04:42:43', '0000-00-00 00:00:00', 'completed', 0);
INSERT INTO `consignments` VALUES (73, 73, '0x000000000000000000000000000000002EB6B686', 'CNY', '2025-03-23 04:42:43', '0000-00-00 00:00:00', 'active', 1);
INSERT INTO `consignments` VALUES (74, 74, '0x00000000000000000000000000000000260R5TU8', 'CNY', '2025-03-23 04:42:43', '0000-00-00 00:00:00', 'completed', 0);
INSERT INTO `consignments` VALUES (75, 75, '0x000000000000000000000000000000003850368A', 'CNY', '2025-03-23 04:42:43', '0000-00-00 00:00:00', 'active', 1);
INSERT INTO `consignments` VALUES (76, 76, '0x00000000000000000000000000000000260R5TU8', 'CNY', '2025-03-23 04:42:43', '0000-00-00 00:00:00', 'completed', 0);
INSERT INTO `consignments` VALUES (77, 77, '0x0000000000000000000000000000000022744A21', 'CNY', '2025-03-23 04:42:43', '0000-00-00 00:00:00', 'active', 1);
INSERT INTO `consignments` VALUES (78, 78, '0x000000000000000000000000000000001C0FC5D1', 'CNY', '2025-03-23 04:42:43', '0000-00-00 00:00:00', 'active', 1);
INSERT INTO `consignments` VALUES (79, 79, '0x000000000000000000000000000000002C44B676', 'CNY', '2025-03-23 04:42:43', '0000-00-00 00:00:00', 'active', 1);
INSERT INTO `consignments` VALUES (80, 80, '0x00000000000000000000000000000000341A7D7C', 'CNY', '2025-03-23 04:42:43', '0000-00-00 00:00:00', 'active', 1);
INSERT INTO `consignments` VALUES (81, 81, '0x00000000000000000000000000000000260D4DE4', 'CNY', '2025-03-23 04:42:43', '0000-00-00 00:00:00', 'completed', 0);
INSERT INTO `consignments` VALUES (82, 82, '0x00000000000000000000000000000000260R5TU8', 'CNY', '2025-03-23 04:42:43', '0000-00-00 00:00:00', 'completed', 0);
INSERT INTO `consignments` VALUES (83, 83, '0x0000000000000000000000000000000039B83E24', 'CNY', '2025-03-23 04:42:43', '0000-00-00 00:00:00', 'active', 1);
INSERT INTO `consignments` VALUES (84, 84, '0x00000000000000000000000000000000260D4DE4', 'CNY', '2025-03-23 04:42:43', '0000-00-00 00:00:00', 'completed', 0);
INSERT INTO `consignments` VALUES (85, 85, '0x000000000000000000000000000000000FAAB08F', 'CNY', '2025-03-23 04:42:43', '0000-00-00 00:00:00', 'active', 1);
INSERT INTO `consignments` VALUES (86, 86, '0x000000000000000000000000000000000365A139', 'CNY', '2025-03-23 04:42:43', '0000-00-00 00:00:00', 'active', 1);
INSERT INTO `consignments` VALUES (87, 87, '0x000000000000000000000000000000002AC05756', 'CNY', '2025-03-23 04:42:43', '0000-00-00 00:00:00', 'active', 1);
INSERT INTO `consignments` VALUES (88, 88, '0x0000000000000000000000000000000006D78F7B', 'CNY', '2025-03-23 04:42:43', '0000-00-00 00:00:00', 'active', 1);
INSERT INTO `consignments` VALUES (89, 89, '0x000000000000000000000000000000002B428731', 'CNY', '2025-03-23 04:42:43', '0000-00-00 00:00:00', 'active', 1);
INSERT INTO `consignments` VALUES (90, 90, '0x000000000000000000000000000000002D1A866A', 'CNY', '2025-03-23 04:42:43', '0000-00-00 00:00:00', 'active', 1);
INSERT INTO `consignments` VALUES (91, 91, '0x000000000000000000000000000000003265B446', 'CNY', '2025-03-23 04:42:43', '0000-00-00 00:00:00', 'active', 1);
INSERT INTO `consignments` VALUES (92, 92, '0x000000000000000000000000000000000F2C8E96', 'CNY', '2025-03-23 04:42:43', '0000-00-00 00:00:00', 'active', 1);
INSERT INTO `consignments` VALUES (93, 93, '0x000000000000000000000000000000000D8B9DBA', 'CNY', '2025-03-23 04:42:43', '0000-00-00 00:00:00', 'active', 1);
INSERT INTO `consignments` VALUES (94, 94, '0x0000000000000000000000000000000001961EA6', 'CNY', '2025-03-23 04:42:43', '0000-00-00 00:00:00', 'active', 1);
INSERT INTO `consignments` VALUES (95, 95, '0x000000000000000000000000000000001B714FDC', 'CNY', '2025-03-23 04:42:43', '0000-00-00 00:00:00', 'active', 1);
INSERT INTO `consignments` VALUES (96, 96, '0x000000000000000000000000000000001E4B8AA2', 'CNY', '2025-03-23 04:42:43', '0000-00-00 00:00:00', 'active', 1);
INSERT INTO `consignments` VALUES (97, 97, '0x000000000000000000000000000000001E998A5B', 'CNY', '2025-03-23 04:42:43', '0000-00-00 00:00:00', 'active', 1);
INSERT INTO `consignments` VALUES (98, 98, '0x000000000000000000000000000000000AB77429', 'CNY', '2025-03-23 04:42:43', '0000-00-00 00:00:00', 'active', 1);
INSERT INTO `consignments` VALUES (99, 99, '0x000000000000000000000000000000002F6D56FA', 'CNY', '2025-03-23 04:42:43', '0000-00-00 00:00:00', 'active', 1);
INSERT INTO `consignments` VALUES (100, 100, '0x000000000000000000000000000000001DCE1E37', 'CNY', '2025-03-23 04:42:43', '0000-00-00 00:00:00', 'active', 1);
INSERT INTO `consignments` VALUES (101, 101, '0x00000000000000000000000000000000143E9C59', 'CNY', '2025-03-23 04:42:43', '0000-00-00 00:00:00', 'active', 1);
INSERT INTO `consignments` VALUES (102, 102, '0x0000000000000000000000000000000038CBC1C9', 'CNY', '2025-03-23 04:42:43', '0000-00-00 00:00:00', 'active', 1);
INSERT INTO `consignments` VALUES (103, 103, '0x0000000000000000000000000000000002DA0DDC', 'CNY', '2025-03-23 04:42:43', '0000-00-00 00:00:00', 'active', 1);
INSERT INTO `consignments` VALUES (104, 104, '0x0000000000000000000000000000000013DB8859', 'CNY', '2025-03-23 04:42:43', '0000-00-00 00:00:00', 'active', 1);
INSERT INTO `consignments` VALUES (105, 105, '0x00000000000000000000000000000000359AB0FE', 'CNY', '2025-03-23 04:42:43', '0000-00-00 00:00:00', 'active', 1);
INSERT INTO `consignments` VALUES (106, 106, '0x00000000000000000000000000000000260R5TU8', 'CNY', '2025-03-23 04:42:43', '0000-00-00 00:00:00', 'completed', 0);
INSERT INTO `consignments` VALUES (107, 107, '0x000000000000000000000000000000002375024F', 'CNY', '2025-03-23 04:42:43', '0000-00-00 00:00:00', 'active', 1);
INSERT INTO `consignments` VALUES (108, 108, '0x00000000000000000000000000000000260R5TU8', 'CNY', '2025-03-23 04:42:43', '0000-00-00 00:00:00', 'completed', 0);
INSERT INTO `consignments` VALUES (109, 109, '0x000000000000000000000000000000000B9ED8A5', 'CNY', '2025-03-23 04:42:43', '0000-00-00 00:00:00', 'active', 1);
INSERT INTO `consignments` VALUES (110, 110, '0x000000000000000000000000000000000ACB9FCF', 'CNY', '2025-03-23 04:42:43', '0000-00-00 00:00:00', 'active', 1);
INSERT INTO `consignments` VALUES (111, 111, '0x0000000000000000000000000000000028EC75A5', 'CNY', '2025-03-23 04:42:43', '0000-00-00 00:00:00', 'active', 1);
INSERT INTO `consignments` VALUES (112, 112, '0x0000000000000000000000000000000018BD7019', 'CNY', '2025-03-23 04:42:43', '0000-00-00 00:00:00', 'active', 1);
INSERT INTO `consignments` VALUES (113, 113, '0x000000000000000000000000000000002A246622', 'CNY', '2025-03-23 04:42:43', '0000-00-00 00:00:00', 'active', 1);
INSERT INTO `consignments` VALUES (114, 114, '0x0000000000000000000000000000000029998ABE', 'CNY', '2025-03-23 04:42:43', '0000-00-00 00:00:00', 'active', 1);
INSERT INTO `consignments` VALUES (115, 115, '0x00000000000000000000000000000000357CFA06', 'CNY', '2025-03-23 04:42:43', '0000-00-00 00:00:00', 'active', 1);
INSERT INTO `consignments` VALUES (116, 116, '0x000000000000000000000000000000002DD4CADE', 'CNY', '2025-03-23 04:42:43', '0000-00-00 00:00:00', 'active', 1);
INSERT INTO `consignments` VALUES (117, 117, '0x000000000000000000000000000000001FC58959', 'CNY', '2025-03-23 04:42:43', '0000-00-00 00:00:00', 'active', 1);
INSERT INTO `consignments` VALUES (118, 118, '0x000000000000000000000000000000000C5DB2E3', 'CNY', '2025-03-23 04:42:43', '0000-00-00 00:00:00', 'active', 1);
INSERT INTO `consignments` VALUES (119, 119, '0x00000000000000000000000000000000089D3DD9', 'CNY', '2025-03-23 04:42:43', '0000-00-00 00:00:00', 'active', 1);
INSERT INTO `consignments` VALUES (120, 120, '0x0000000000000000000000000000000034604E39', 'CNY', '2025-03-23 04:42:43', '0000-00-00 00:00:00', 'active', 1);
INSERT INTO `consignments` VALUES (121, 121, '0x00000000000000000000000000000000178CCCAD', 'CNY', '2025-03-23 04:42:43', '0000-00-00 00:00:00', 'active', 1);
INSERT INTO `consignments` VALUES (122, 122, '0x0000000000000000000000000000000023AB3BF3', 'CNY', '2025-03-23 04:42:43', '0000-00-00 00:00:00', 'active', 1);
INSERT INTO `consignments` VALUES (123, 123, '0x000000000000000000000000000000003086BC11', 'CNY', '2025-03-23 04:42:43', '0000-00-00 00:00:00', 'active', 1);
INSERT INTO `consignments` VALUES (124, 124, '0x0000000000000000000000000000000004EEF6CB', 'CNY', '2025-03-23 04:42:43', '0000-00-00 00:00:00', 'active', 1);
INSERT INTO `consignments` VALUES (125, 125, '0x00000000000000000000000000000000260D4DE4', 'CNY', '2025-03-23 04:42:43', '0000-00-00 00:00:00', 'completed', 0);
INSERT INTO `consignments` VALUES (126, 126, '0x0000000000000000000000000000000036B16471', 'CNY', '2025-03-23 04:42:43', '0000-00-00 00:00:00', 'active', 1);
INSERT INTO `consignments` VALUES (127, 127, '0x000000000000000000000000000000000D74A10B', 'CNY', '2025-03-23 04:42:43', '0000-00-00 00:00:00', 'active', 1);
INSERT INTO `consignments` VALUES (128, 128, '0x0000000000000000000000000000000001D694EA', 'CNY', '2025-03-23 04:42:43', '0000-00-00 00:00:00', 'active', 1);
INSERT INTO `consignments` VALUES (129, 129, '0x000000000000000000000000000000002108F910', 'CNY', '2025-03-23 04:42:43', '0000-00-00 00:00:00', 'active', 1);
INSERT INTO `consignments` VALUES (130, 130, '0x000000000000000000000000000000000F135D0A', 'CNY', '2025-03-23 04:42:43', '0000-00-00 00:00:00', 'active', 1);
INSERT INTO `consignments` VALUES (131, 131, '0x00000000000000000000000000000000260R5TU8', 'CNY', '2025-03-23 04:42:43', '0000-00-00 00:00:00', 'completed', 0);
INSERT INTO `consignments` VALUES (132, 132, '0x000000000000000000000000000000000F4261C7', 'CNY', '2025-03-23 04:42:43', '0000-00-00 00:00:00', 'active', 1);
INSERT INTO `consignments` VALUES (133, 133, '0x000000000000000000000000000000001E342580', 'CNY', '2025-03-23 04:42:43', '0000-00-00 00:00:00', 'active', 1);
INSERT INTO `consignments` VALUES (134, 134, '0x00000000000000000000000000000000134DD39A', 'CNY', '2025-03-23 04:42:43', '0000-00-00 00:00:00', 'active', 1);
INSERT INTO `consignments` VALUES (135, 135, '0x0000000000000000000000000000000023569A0A', 'CNY', '2025-03-23 04:42:43', '0000-00-00 00:00:00', 'active', 1);
INSERT INTO `consignments` VALUES (136, 136, '0x0000000000000000000000000000000014DAAF70', 'CNY', '2025-03-23 04:42:43', '0000-00-00 00:00:00', 'active', 1);
INSERT INTO `consignments` VALUES (137, 137, '0x000000000000000000000000000000001294D216', 'CNY', '2025-03-23 04:42:43', '0000-00-00 00:00:00', 'active', 1);
INSERT INTO `consignments` VALUES (138, 138, '0x000000000000000000000000000000002E25D9BE', 'CNY', '2025-03-23 04:42:43', '0000-00-00 00:00:00', 'active', 1);
INSERT INTO `consignments` VALUES (139, 139, '0x0000000000000000000000000000000035ED196D', 'CNY', '2025-03-23 04:42:43', '0000-00-00 00:00:00', 'active', 1);
INSERT INTO `consignments` VALUES (140, 140, '0x000000000000000000000000000000000D385884', 'CNY', '2025-03-23 04:42:43', '0000-00-00 00:00:00', 'active', 1);
INSERT INTO `consignments` VALUES (141, 141, '0x000000000000000000000000000000000443D617', 'CNY', '2025-03-23 04:42:43', '0000-00-00 00:00:00', 'active', 1);
INSERT INTO `consignments` VALUES (142, 142, '0x00000000000000000000000000000000260R5TU8', 'CNY', '2025-03-23 04:42:43', '0000-00-00 00:00:00', 'completed', 0);
INSERT INTO `consignments` VALUES (143, 143, '0x000000000000000000000000000000000F7F9741', 'CNY', '2025-03-23 04:42:43', '0000-00-00 00:00:00', 'active', 1);
INSERT INTO `consignments` VALUES (144, 144, '0x0000000000000000000000000000000027F04D88', 'CNY', '2025-03-23 04:42:43', '0000-00-00 00:00:00', 'active', 1);
INSERT INTO `consignments` VALUES (145, 145, '0x00000000000000000000000000000000174D8CE7', 'CNY', '2025-03-23 04:42:43', '0000-00-00 00:00:00', 'active', 1);
INSERT INTO `consignments` VALUES (146, 146, '0x0000000000000000000000000000000017B3F274', 'CNY', '2025-03-23 04:42:43', '0000-00-00 00:00:00', 'active', 1);
INSERT INTO `consignments` VALUES (147, 147, '0x000000000000000000000000000000000235E396', 'CNY', '2025-03-23 04:42:43', '0000-00-00 00:00:00', 'active', 1);
INSERT INTO `consignments` VALUES (148, 148, '0x00000000000000000000000000000000077CBD22', 'CNY', '2025-03-23 04:42:43', '0000-00-00 00:00:00', 'active', 1);
INSERT INTO `consignments` VALUES (149, 149, '0x0000000000000000000000000000000003277661', 'CNY', '2025-03-23 04:42:43', '0000-00-00 00:00:00', 'active', 1);
INSERT INTO `consignments` VALUES (150, 150, '0x000000000000000000000000000000003425EE1B', 'CNY', '2025-03-23 04:42:43', '0000-00-00 00:00:00', 'active', 1);
INSERT INTO `consignments` VALUES (151, 151, '0x0000000000000000000000000000000008C0E3B6', 'CNY', '2025-03-23 04:42:43', '0000-00-00 00:00:00', 'active', 1);
INSERT INTO `consignments` VALUES (152, 152, '0x00000000000000000000000000000000260D4DE4', 'CNY', '2025-03-23 04:42:43', '0000-00-00 00:00:00', 'completed', 0);
INSERT INTO `consignments` VALUES (153, 153, '0x00000000000000000000000000000000052477DF', 'CNY', '2025-03-23 04:42:43', '0000-00-00 00:00:00', 'active', 1);
INSERT INTO `consignments` VALUES (154, 154, '0x00000000000000000000000000000000177202E7', 'CNY', '2025-03-23 04:42:43', '0000-00-00 00:00:00', 'active', 1);
INSERT INTO `consignments` VALUES (155, 155, '0x00000000000000000000000000000000298D456E', 'CNY', '2025-03-23 04:42:43', '0000-00-00 00:00:00', 'active', 1);
INSERT INTO `consignments` VALUES (156, 156, '0x000000000000000000000000000000002A08F41A', 'CNY', '2025-03-23 04:42:43', '0000-00-00 00:00:00', 'active', 1);
INSERT INTO `consignments` VALUES (157, 157, '0x0000000000000000000000000000000007772827', 'CNY', '2025-03-23 04:42:43', '0000-00-00 00:00:00', 'active', 1);
INSERT INTO `consignments` VALUES (158, 158, '0x00000000000000000000000000000000260D4DE4', 'CNY', '2025-03-23 04:42:43', '0000-00-00 00:00:00', 'completed', 0);
INSERT INTO `consignments` VALUES (159, 159, '0x000000000000000000000000000000001D6AFFBD', 'CNY', '2025-03-23 04:42:43', '0000-00-00 00:00:00', 'active', 1);
INSERT INTO `consignments` VALUES (160, 160, '0x0000000000000000000000000000000004F8DA9F', 'CNY', '2025-03-23 04:42:43', '0000-00-00 00:00:00', 'active', 1);
INSERT INTO `consignments` VALUES (161, 161, '0x00000000000000000000000000000000260R5TU8', 'CNY', '2025-03-23 04:42:43', '0000-00-00 00:00:00', 'completed', 0);
INSERT INTO `consignments` VALUES (162, 162, '0x0000000000000000000000000000000039900D74', 'CNY', '2025-03-23 04:42:43', '0000-00-00 00:00:00', 'active', 1);
INSERT INTO `consignments` VALUES (163, 163, '0x0000000000000000000000000000000003B72163', 'CNY', '2025-03-23 04:42:43', '0000-00-00 00:00:00', 'active', 1);
INSERT INTO `consignments` VALUES (164, 164, '0x000000000000000000000000000000001D5D5254', 'CNY', '2025-03-23 04:42:43', '0000-00-00 00:00:00', 'active', 1);
INSERT INTO `consignments` VALUES (165, 165, '0x000000000000000000000000000000002FA6A0DA', 'CNY', '2025-03-23 04:42:43', '0000-00-00 00:00:00', 'active', 1);
INSERT INTO `consignments` VALUES (166, 166, '0x000000000000000000000000000000002D0A2859', 'CNY', '2025-03-23 04:42:43', '0000-00-00 00:00:00', 'active', 1);
INSERT INTO `consignments` VALUES (167, 167, '0x00000000000000000000000000000000260R5TU8', 'CNY', '2025-03-23 04:42:43', '0000-00-00 00:00:00', 'completed', 0);
INSERT INTO `consignments` VALUES (168, 168, '0x0000000000000000000000000000000010AA54C9', 'CNY', '2025-03-23 04:42:43', '0000-00-00 00:00:00', 'active', 1);
INSERT INTO `consignments` VALUES (169, 169, '0x0000000000000000000000000000000032DB8BA9', 'CNY', '2025-03-23 04:42:43', '0000-00-00 00:00:00', 'active', 1);
INSERT INTO `consignments` VALUES (170, 170, '0x00000000000000000000000000000000260R5TU8', 'CNY', '2025-03-23 04:42:43', '0000-00-00 00:00:00', 'completed', 0);
INSERT INTO `consignments` VALUES (171, 171, '0x000000000000000000000000000000001FBAA43C', 'CNY', '2025-03-23 04:42:43', '0000-00-00 00:00:00', 'active', 1);
INSERT INTO `consignments` VALUES (172, 172, '0x000000000000000000000000000000003306A553', 'CNY', '2025-03-23 04:42:43', '0000-00-00 00:00:00', 'active', 1);
INSERT INTO `consignments` VALUES (173, 173, '0x000000000000000000000000000000001C47D221', 'CNY', '2025-03-23 04:42:43', '0000-00-00 00:00:00', 'active', 1);
INSERT INTO `consignments` VALUES (174, 174, '0x00000000000000000000000000000000127DFFA3', 'CNY', '2025-03-23 04:42:43', '0000-00-00 00:00:00', 'active', 1);
INSERT INTO `consignments` VALUES (175, 175, '0x00000000000000000000000000000000260D4DE4', 'CNY', '2025-03-23 04:42:43', '0000-00-00 00:00:00', 'completed', 0);
INSERT INTO `consignments` VALUES (176, 176, '0x00000000000000000000000000000000045821A0', 'CNY', '2025-03-23 04:42:43', '0000-00-00 00:00:00', 'active', 1);
INSERT INTO `consignments` VALUES (177, 177, '0x000000000000000000000000000000002D913CDF', 'CNY', '2025-03-23 04:42:43', '0000-00-00 00:00:00', 'active', 1);
INSERT INTO `consignments` VALUES (178, 178, '0x0000000000000000000000000000000033D21509', 'CNY', '2025-03-23 04:42:43', '0000-00-00 00:00:00', 'active', 1);
INSERT INTO `consignments` VALUES (179, 179, '0x00000000000000000000000000000000260B52EA', 'CNY', '2025-03-23 04:42:43', '0000-00-00 00:00:00', 'active', 1);
INSERT INTO `consignments` VALUES (180, 180, '0x000000000000000000000000000000001209432C', 'CNY', '2025-03-23 04:42:43', '0000-00-00 00:00:00', 'active', 1);
INSERT INTO `consignments` VALUES (181, 181, '0x00000000000000000000000000000000004A131E', 'CNY', '2025-03-23 04:42:43', '0000-00-00 00:00:00', 'active', 1);
INSERT INTO `consignments` VALUES (182, 182, '0x0000000000000000000000000000000015FC6DC0', 'CNY', '2025-03-23 04:42:43', '0000-00-00 00:00:00', 'active', 1);
INSERT INTO `consignments` VALUES (183, 183, '0x000000000000000000000000000000003980BE4B', 'CNY', '2025-03-23 04:42:43', '0000-00-00 00:00:00', 'active', 1);
INSERT INTO `consignments` VALUES (184, 184, '0x00000000000000000000000000000000009C6EE9', 'CNY', '2025-03-23 04:42:43', '0000-00-00 00:00:00', 'active', 1);
INSERT INTO `consignments` VALUES (185, 185, '0x000000000000000000000000000000001E86A5BC', 'CNY', '2025-03-23 04:42:43', '0000-00-00 00:00:00', 'active', 1);
INSERT INTO `consignments` VALUES (186, 186, '0x00000000000000000000000000000000260D4DE4', 'CNY', '2025-03-23 04:42:43', '2025-04-04 19:00:31', 'canceled', 0);
INSERT INTO `consignments` VALUES (187, 187, '0x000000000000000000000000000000001F056F61', 'CNY', '2025-03-23 04:42:43', '0000-00-00 00:00:00', 'active', 1);
INSERT INTO `consignments` VALUES (188, 188, '0x0000000000000000000000000000000008846049', 'CNY', '2025-03-23 04:42:43', '0000-00-00 00:00:00', 'active', 1);
INSERT INTO `consignments` VALUES (189, 189, '0x0000000000000000000000000000000001D7D016', 'CNY', '2025-03-23 04:42:43', '0000-00-00 00:00:00', 'active', 1);
INSERT INTO `consignments` VALUES (190, 190, '0x00000000000000000000000000000000260R5TU8', 'CNY', '2025-03-23 04:42:43', '0000-00-00 00:00:00', 'completed', 0);
INSERT INTO `consignments` VALUES (191, 191, '0x00000000000000000000000000000000260R5TU8', 'CNY', '2025-03-23 04:42:43', '0000-00-00 00:00:00', 'completed', 0);
INSERT INTO `consignments` VALUES (192, 192, '0x00000000000000000000000000000000312D27A4', 'CNY', '2025-03-23 04:42:43', '0000-00-00 00:00:00', 'active', 1);
INSERT INTO `consignments` VALUES (193, 193, '0x0000000000000000000000000000000025A2D9FF', 'CNY', '2025-03-23 04:42:43', '0000-00-00 00:00:00', 'active', 1);
INSERT INTO `consignments` VALUES (194, 194, '0x000000000000000000000000000000002214A245', 'CNY', '2025-03-23 04:42:43', '0000-00-00 00:00:00', 'active', 1);
INSERT INTO `consignments` VALUES (195, 195, '0x000000000000000000000000000000000AC87035', 'CNY', '2025-03-23 04:42:43', '0000-00-00 00:00:00', 'active', 1);
INSERT INTO `consignments` VALUES (196, 196, '0x00000000000000000000000000000000115C34A8', 'CNY', '2025-03-23 04:42:43', '0000-00-00 00:00:00', 'active', 1);
INSERT INTO `consignments` VALUES (197, 197, '0x0000000000000000000000000000000035FB99A9', 'CNY', '2025-03-23 04:42:43', '0000-00-00 00:00:00', 'active', 1);
INSERT INTO `consignments` VALUES (198, 198, '0x0000000000000000000000000000000022F782BC', 'CNY', '2025-03-23 04:42:43', '0000-00-00 00:00:00', 'active', 1);
INSERT INTO `consignments` VALUES (199, 199, '0x00000000000000000000000000000000260D4DE4', 'CNY', '2025-03-23 04:42:43', '0000-00-00 00:00:00', 'completed', 0);
INSERT INTO `consignments` VALUES (200, 200, '0x00000000000000000000000000000000260D4DE4', 'CNY', '2025-03-23 04:42:43', '2025-04-04 00:45:44', 'canceled', 0);
INSERT INTO `consignments` VALUES (201, 201, '0x00000000000000000000000000000000260R5TU8', 'CNY', '2025-03-23 04:56:10', '0000-00-00 00:00:00', 'completed', 0);
INSERT INTO `consignments` VALUES (202, 202, '0x512323b4d2794baf44aaa87d34ae9d33e7c836b5', 'CNY', '2025-03-23 05:09:08', '0000-00-00 00:00:00', 'completed', 0);
INSERT INTO `consignments` VALUES (203, 203, '0x512323b4d2794baf44aaa87d34ae9d33e7c836b5', 'CNY', '2025-03-23 05:09:54', '0000-00-00 00:00:00', 'completed', 0);
INSERT INTO `consignments` VALUES (204, 206, '0x00000000000000000000000000000000260D4DE4', 'CNY', '2025-03-31 17:58:52', '0000-00-00 00:00:00', 'active', 1);
INSERT INTO `consignments` VALUES (206, 211, '0x00000000000000000000000000000000260R5TU8', 'CNY', '2025-04-02 17:43:49', '0000-00-00 00:00:00', 'completed', 0);
INSERT INTO `consignments` VALUES (207, 204, '0x00000000000000000000000000000000260D4DE4', 'CNY', '2025-04-03 15:02:15', '2025-04-04 01:09:53', 'canceled', 0);
INSERT INTO `consignments` VALUES (208, 205, '0x00000000000000000000000000000000260R5TU8', 'CNY', '2025-04-04 01:08:48', '0000-00-00 00:00:00', 'completed', 0);
INSERT INTO `consignments` VALUES (209, 200, '0x00000000000000000000000000000000260D4DE4', 'CNY', '2025-04-04 18:58:02', '2025-04-04 18:58:15', 'canceled', 0);
INSERT INTO `consignments` VALUES (210, 200, '0x00000000000000000000000000000000260D4DE4', 'CNY', '2025-04-04 18:58:26', '2025-04-07 17:10:07', 'canceled', 0);
INSERT INTO `consignments` VALUES (211, 209, '0x00000000000000000000000000000000260D4DE4', 'CNY', '2025-04-07 15:32:22', '2025-04-07 15:41:18', 'canceled', 0);
INSERT INTO `consignments` VALUES (212, 210, '0x00000000000000000000000000000000260D4DE4', 'CNY', '2025-04-07 17:57:26', '0000-00-00 00:00:00', 'canceled', 0);
INSERT INTO `consignments` VALUES (214, 212, '0x00000000000000000000000000000000260D4DE4', 'CNY', '2025-04-07 17:57:35', '0000-00-00 00:00:00', 'canceled', 0);
INSERT INTO `consignments` VALUES (215, 213, '0x00000000000000000000000000000000260D4DE4', 'CNY', '2025-04-07 17:57:38', '0000-00-00 00:00:00', 'canceled', 0);
INSERT INTO `consignments` VALUES (216, 214, '0x00000000000000000000000000000000260D4DE4', 'CNY', '2025-04-07 17:57:41', '0000-00-00 00:00:00', 'completed', 0);
INSERT INTO `consignments` VALUES (217, 215, '0x00000000000000000000000000000000260R5TU8', 'CNY', '2025-04-07 17:57:43', '0000-00-00 00:00:00', 'completed', 0);
INSERT INTO `consignments` VALUES (218, 216, '0x00000000000000000000000000000000260D4DE4', 'CNY', '2025-04-07 17:57:46', '0000-00-00 00:00:00', 'canceled', 0);
INSERT INTO `consignments` VALUES (219, 211, '0x00000000000000000000000000000000260R5TU8', 'CNY', '2025-04-08 10:28:23', '0000-00-00 00:00:00', 'completed', 0);
INSERT INTO `consignments` VALUES (220, 170, '0x00000000000000000000000000000000260R5TU8', 'CNY', '2025-04-08 11:37:54', '0000-00-00 00:00:00', 'active', 1);
INSERT INTO `consignments` VALUES (221, 216, '0x00000000000000000000000000000000260R5TU8', 'CNY', '2025-04-08 11:38:57', '0000-00-00 00:00:00', 'completed', 0);
INSERT INTO `consignments` VALUES (222, 161, '0x00000000000000000000000000000000260R5TU8', 'CNY', '2025-04-08 15:19:19', '2025-04-08 17:21:05', 'canceled', 0);
INSERT INTO `consignments` VALUES (223, 186, '0x00000000000000000000000000000000260D4DE4', 'CNY', '2025-04-08 15:20:21', '0000-00-00 00:00:00', 'active', 1);
INSERT INTO `consignments` VALUES (224, 200, '0x00000000000000000000000000000000260D4DE4', 'CNY', '2025-04-08 15:20:43', '0000-00-00 00:00:00', 'active', 1);
INSERT INTO `consignments` VALUES (225, 212, '0x512323b4d2794baf44aaa87d34ae9d33e7c836b5', 'CNY', '2025-04-08 15:21:17', '0000-00-00 00:00:00', 'completed', 0);
INSERT INTO `consignments` VALUES (226, 216, '0x00000000000000000000000000000000260R5TU8', 'CNY', '2025-04-08 15:24:34', '2025-04-08 15:27:46', 'canceled', 0);
INSERT INTO `consignments` VALUES (227, 209, '0x00000000000000000000000000000000260D4DE4', 'CNY', '2025-04-08 15:25:02', '2025-04-13 19:55:50', 'canceled', 0);
INSERT INTO `consignments` VALUES (228, 84, '0x00000000000000000000000000000000260R5TU8', 'CNY', '2025-04-08 16:15:12', '2025-04-09 10:04:17', 'canceled', 0);
INSERT INTO `consignments` VALUES (229, 161, '0x00000000000000000000000000000000260R5TU8', 'CNY', '2025-04-08 17:21:52', '0000-00-00 00:00:00', 'active', 1);
INSERT INTO `consignments` VALUES (230, 3, '0x00000000000000000000000000000000260D4DE4', 'CNY', '2025-04-08 17:30:46', '0000-00-00 00:00:00', 'active', 1);
INSERT INTO `consignments` VALUES (231, 210, '0x00000000000000000000000000000000260R5TU8', 'CNY', '2025-04-10 16:10:58', '0000-00-00 00:00:00', 'completed', 0);
INSERT INTO `consignments` VALUES (232, 24, '0x00000000000000000000000000000000260R5TU8', 'CNY', '2025-04-10 16:49:22', '0000-00-00 00:00:00', 'completed', 0);
INSERT INTO `consignments` VALUES (233, 158, '0x00000000000000000000000000000000260D4DE4', 'CNY', '2025-04-13 19:51:51', '2025-04-13 19:53:35', 'canceled', 0);
INSERT INTO `consignments` VALUES (234, 209, '0x512323b4d2794baf44aaa87d34ae9d33e7c836b5', 'CNY', '2025-04-13 19:56:20', '0000-00-00 00:00:00', 'completed', 0);
INSERT INTO `consignments` VALUES (235, 125, '0x00000000000000000000000000000000260D4DE4', 'CNY', '2025-04-13 19:57:23', '2025-04-13 20:03:04', 'canceled', 0);
INSERT INTO `consignments` VALUES (236, 125, '0x00000000000000000000000000000000260D4DE4', 'CNY', '2025-04-13 20:03:16', '0000-00-00 00:00:00', 'active', 1);
INSERT INTO `consignments` VALUES (237, 81, '0x00000000000000000000000000000000260D4DE4', 'CNY', '2025-04-13 20:15:30', '0000-00-00 00:00:00', 'active', 1);
INSERT INTO `consignments` VALUES (238, 175, '0x00000000000000000000000000000000260D4DE4', 'CNY', '2025-04-15 03:03:11', '0000-00-00 00:00:00', 'active', 1);
INSERT INTO `consignments` VALUES (239, 158, '0x00000000000000000000000000000000260D4DE4', 'CNY', '2025-04-15 03:03:19', '0000-00-00 00:00:00', 'active', 1);
INSERT INTO `consignments` VALUES (240, 190, '0x00000000000000000000000000000000260D4DE4', 'CNY', '2025-04-15 03:03:33', '0000-00-00 00:00:00', 'active', 1);
INSERT INTO `consignments` VALUES (241, 72, '0x00000000000000000000000000000000260D4DE4', 'CNY', '2025-04-15 03:03:42', '0000-00-00 00:00:00', 'active', 1);
INSERT INTO `consignments` VALUES (242, 204, '0x512323b4d2794baf44aaa87d34ae9d33e7c836b5', 'CNY', '2025-04-15 03:03:52', '0000-00-00 00:00:00', 'completed', 0);
INSERT INTO `consignments` VALUES (243, 191, '0x00000000000000000000000000000000260R5TU8', 'CNY', '2025-04-16 23:10:15', '0000-00-00 00:00:00', 'active', 1);
INSERT INTO `consignments` VALUES (244, 24, '0x00000000000000000000000000000000260R5TU8', 'CNY', '2025-04-22 18:44:29', '2025-04-22 18:45:02', 'canceled', 0);
INSERT INTO `consignments` VALUES (245, 24, '0x00000000000000000000000000000000260D4DE4', 'CNY', '2025-04-22 18:45:21', '0000-00-00 00:00:00', 'completed', 0);
INSERT INTO `consignments` VALUES (246, 201, '0x00000000000000000000000000000000260R5TU8', 'CNY', '2025-04-24 10:21:12', '0000-00-00 00:00:00', 'active', 1);
INSERT INTO `consignments` VALUES (247, 210, '0x00000000000000000000000000000000260R5TU8', 'CNY', '2025-05-07 10:30:56', '0000-00-00 00:00:00', 'active', 1);
INSERT INTO `consignments` VALUES (248, 227, '0x00000000000000000000000000000000260D4DE4', 'CNY', '2025-06-11 11:53:42', '2025-07-27 23:20:46', 'canceled', 0);
INSERT INTO `consignments` VALUES (249, 11, '0x00000000000000000000000000000000260D4DE4', 'CNY', '2025-07-16 02:00:43', '0000-00-00 00:00:00', 'active', 1);
INSERT INTO `consignments` VALUES (250, 226, '0x00000000000000000000000000000000260D4DE4', 'CNY', '2025-07-16 02:36:54', '0000-00-00 00:00:00', 'active', 1);
INSERT INTO `consignments` VALUES (251, 232, '0x00000000000000000000000000000000260D4DE4', 'CNY', '2025-07-16 02:37:03', '0000-00-00 00:00:00', 'active', 1);
INSERT INTO `consignments` VALUES (252, 233, '0x00000000000000000000000000000000260R5TU8', 'CNY', '2025-07-16 02:37:12', '0000-00-00 00:00:00', 'completed', 0);
INSERT INTO `consignments` VALUES (253, 228, '0x00000000000000000000000000000000260R5TU8', 'CNY', '2025-07-16 02:47:15', '0000-00-00 00:00:00', 'completed', 0);
INSERT INTO `consignments` VALUES (254, 24, '0x00000000000000000000000000000000260D4DE4', 'CNY', '2025-07-16 02:48:46', '2025-07-16 02:49:31', 'canceled', 0);
INSERT INTO `consignments` VALUES (255, 20, '0x00000000000000000000000000000000260D4DE4', 'CNY', '2025-07-27 22:58:36', '0000-00-00 00:00:00', 'active', 1);
INSERT INTO `consignments` VALUES (256, 6, '0x00000000000000000000000000000000260D4DE4', 'CNY', '2025-07-27 23:13:44', '0000-00-00 00:00:00', 'active', 1);
INSERT INTO `consignments` VALUES (257, 228, '0x00000000000000000000000000000000260D4DE4', 'CNY', '2025-07-27 23:17:23', '2025-07-27 23:18:12', 'canceled', 0);
INSERT INTO `consignments` VALUES (258, 227, '0x00000000000000000000000000000000260D4DE4', 'CNY', '2025-07-27 23:22:00', '0000-00-00 00:00:00', 'active', 1);

-- ----------------------------
-- Table structure for nft_instances
-- ----------------------------
DROP TABLE IF EXISTS `nft_instances`;
CREATE TABLE `nft_instances`  (
  `instance_id` int(11) NOT NULL AUTO_INCREMENT COMMENT '主键，唯一标识每个NFT实例',
  `nft_id` int(11) NOT NULL COMMENT '外键，指向NFT模板',
  `owner_address` varchar(42) CHARACTER SET utf8 COLLATE utf8_general_ci NOT NULL COMMENT '当前拥有者的钱包地址',
  `created_at` timestamp(0) NOT NULL DEFAULT CURRENT_TIMESTAMP(0) COMMENT '实例创建的时间戳',
  `updated_at` timestamp(0) NOT NULL DEFAULT CURRENT_TIMESTAMP(0) ON UPDATE CURRENT_TIMESTAMP(0) COMMENT '实例信息最后更新的时间戳',
  `instance_number` int(11) NOT NULL COMMENT 'NFT实例的编号（从1到流通份数）',
  `price` decimal(6, 0) NULL DEFAULT NULL COMMENT '寄售价格',
  `is_consigning` tinyint(1) NOT NULL DEFAULT 0 COMMENT '是否正在寄售（1:是，0:否）',
  `version` int(11) NULL DEFAULT 0,
  `locked_by` varchar(42) CHARACTER SET utf8 COLLATE utf8_general_ci NULL DEFAULT NULL COMMENT '锁定者的钱包地址（NULL表示未锁定）',
  `locked_at` timestamp(0) NULL DEFAULT NULL COMMENT '锁定开始时间（NULL表示未锁定）',
  `lock_expiry` timestamp(0) NULL DEFAULT NULL COMMENT '锁定过期时间（NULL表示未锁定）',
  PRIMARY KEY (`instance_id`) USING BTREE,
  UNIQUE INDEX `unique_nft_instance`(`nft_id`, `instance_number`) USING BTREE
) ENGINE = InnoDB AUTO_INCREMENT = 252 CHARACTER SET = utf8 COLLATE = utf8_general_ci COMMENT = '存储NFT实例信息的表' ROW_FORMAT = Compact;

-- ----------------------------
-- Records of nft_instances
-- ----------------------------
INSERT INTO `nft_instances` VALUES (1, 60, '0x000000000000000000000000000000000B676997', '2025-03-23 04:42:43', '2025-04-01 00:24:37', 1, 6468, 1, 0, NULL, NULL, NULL);
INSERT INTO `nft_instances` VALUES (2, 4, '0x00000000000000000000000000000000260R5TU8', '2025-03-23 04:42:43', '2025-04-10 16:58:41', 2, 8399, 0, 4, NULL, NULL, NULL);
INSERT INTO `nft_instances` VALUES (3, 31, '0x00000000000000000000000000000000260D4DE4', '2025-03-23 04:42:43', '2025-04-08 17:30:46', 3, 3999, 1, 1, NULL, NULL, NULL);
INSERT INTO `nft_instances` VALUES (4, 44, '0x0000000000000000000000000000000030ED146C', '2025-03-23 04:42:43', '2025-04-01 00:24:37', 4, 8151, 1, 0, NULL, NULL, NULL);
INSERT INTO `nft_instances` VALUES (5, 62, '0x000000000000000000000000000000001DA05ACD', '2025-03-23 04:42:43', '2025-04-01 00:24:37', 5, 2791, 1, 0, NULL, NULL, NULL);
INSERT INTO `nft_instances` VALUES (6, 32, '0x00000000000000000000000000000000260D4DE4', '2025-03-23 04:42:43', '2025-07-27 23:13:44', 6, 12999, 1, 0, NULL, NULL, NULL);
INSERT INTO `nft_instances` VALUES (7, 47, '0x00000000000000000000000000000000239177B8', '2025-03-23 04:42:43', '2025-04-01 00:24:37', 7, 6535, 1, 0, NULL, NULL, NULL);
INSERT INTO `nft_instances` VALUES (8, 45, '0x000000000000000000000000000000003188F91E', '2025-03-23 04:42:43', '2025-04-01 00:24:37', 8, 5773, 1, 0, NULL, NULL, NULL);
INSERT INTO `nft_instances` VALUES (9, 61, '0x00000000000000000000000000000000190164DE', '2025-03-23 04:42:43', '2025-04-01 00:24:37', 9, 9062, 1, 0, NULL, NULL, NULL);
INSERT INTO `nft_instances` VALUES (10, 10, '0x000000000000000000000000000000001D49BB87', '2025-03-23 04:42:43', '2025-07-30 01:35:27', 10, 8191, 1, 1, NULL, NULL, NULL);
INSERT INTO `nft_instances` VALUES (11, 1, '0x00000000000000000000000000000000260D4DE4', '2025-03-23 04:42:43', '2025-07-16 02:00:43', 11, 1998, 1, 3, NULL, NULL, NULL);
INSERT INTO `nft_instances` VALUES (12, 49, '0x000000000000000000000000000000000D61DCCE', '2025-03-23 04:42:43', '2025-04-01 00:24:37', 12, 3882, 1, 0, NULL, NULL, NULL);
INSERT INTO `nft_instances` VALUES (13, 49, '0x000000000000000000000000000000000D444DC7', '2025-03-23 04:42:43', '2025-04-01 00:24:37', 13, 7900, 1, 0, NULL, NULL, NULL);
INSERT INTO `nft_instances` VALUES (14, 49, '0x000000000000000000000000000000000C6B6FA7', '2025-03-23 04:42:43', '2025-04-01 00:24:37', 14, 8054, 1, 0, NULL, NULL, NULL);
INSERT INTO `nft_instances` VALUES (15, 45, '0x0000000000000000000000000000000038F7C481', '2025-03-23 04:42:43', '2025-04-01 00:24:37', 15, 6572, 1, 0, NULL, NULL, NULL);
INSERT INTO `nft_instances` VALUES (16, 40, '0x00000000000000000000000000000000260D4DE4', '2025-03-23 04:42:43', '2025-04-10 15:14:07', 16, 8502, 0, 14, NULL, NULL, NULL);
INSERT INTO `nft_instances` VALUES (17, 33, '0x000000000000000000000000000000002F85FA08', '2025-03-23 04:42:43', '2025-04-01 00:24:37', 17, 2993, 1, 0, NULL, NULL, NULL);
INSERT INTO `nft_instances` VALUES (18, 25, '0x00000000000000000000000000000000233FBFDD', '2025-03-23 04:42:43', '2025-04-01 00:24:37', 18, 8861, 1, 0, NULL, NULL, NULL);
INSERT INTO `nft_instances` VALUES (19, 48, '0x00000000000000000000000000000000039A4C3C', '2025-03-23 04:42:43', '2025-04-01 00:24:37', 19, 5729, 1, 0, NULL, NULL, NULL);
INSERT INTO `nft_instances` VALUES (20, 1, '0x00000000000000000000000000000000260D4DE4', '2025-03-23 04:42:43', '2025-07-27 23:05:13', 20, 1999, 1, 3, NULL, NULL, NULL);
INSERT INTO `nft_instances` VALUES (21, 8, '0x0000000000000000000000000000000008F2DFEE', '2025-03-23 04:42:43', '2025-04-01 00:24:37', 21, 1734, 1, 0, NULL, NULL, NULL);
INSERT INTO `nft_instances` VALUES (22, 24, '0x0000000000000000000000000000000018F1CEB0', '2025-03-23 04:42:43', '2025-04-01 00:24:37', 22, 2880, 1, 0, NULL, NULL, NULL);
INSERT INTO `nft_instances` VALUES (23, 61, '0x0000000000000000000000000000000023C7BCD3', '2025-03-23 04:42:43', '2025-04-01 00:24:37', 23, 9000, 1, 0, NULL, NULL, NULL);
INSERT INTO `nft_instances` VALUES (24, 6, '0x00000000000000000000000000000000260D4DE4', '2025-03-23 04:42:43', '2025-07-16 02:49:31', 24, NULL, 0, 5, NULL, NULL, NULL);
INSERT INTO `nft_instances` VALUES (25, 58, '0x000000000000000000000000000000002C12F9A1', '2025-03-23 04:42:43', '2025-04-01 00:24:37', 25, 6601, 1, 0, NULL, NULL, NULL);
INSERT INTO `nft_instances` VALUES (26, 57, '0x0000000000000000000000000000000011C12956', '2025-03-23 04:42:43', '2025-04-01 00:24:37', 26, 2728, 1, 0, NULL, NULL, NULL);
INSERT INTO `nft_instances` VALUES (27, 49, '0x00000000000000000000000000000000004615D5', '2025-03-23 04:42:43', '2025-04-01 00:24:37', 27, 3436, 1, 0, NULL, NULL, NULL);
INSERT INTO `nft_instances` VALUES (28, 43, '0x00000000000000000000000000000000183989E5', '2025-03-23 04:42:43', '2025-04-01 00:24:37', 28, 8800, 1, 0, NULL, NULL, NULL);
INSERT INTO `nft_instances` VALUES (29, 61, '0x000000000000000000000000000000002892F29A', '2025-03-23 04:42:43', '2025-04-01 00:24:37', 29, 4093, 1, 0, NULL, NULL, NULL);
INSERT INTO `nft_instances` VALUES (30, 29, '0x0000000000000000000000000000000010710F7F', '2025-03-23 04:42:43', '2025-04-01 00:24:37', 30, 3667, 1, 0, NULL, NULL, NULL);
INSERT INTO `nft_instances` VALUES (31, 62, '0x0000000000000000000000000000000006D46A19', '2025-03-23 04:42:43', '2025-04-01 00:24:37', 31, 5856, 1, 0, NULL, NULL, NULL);
INSERT INTO `nft_instances` VALUES (32, 38, '0x0000000000000000000000000000000029651F7B', '2025-03-23 04:42:43', '2025-04-01 00:24:41', 32, 8283, 1, 0, NULL, NULL, NULL);
INSERT INTO `nft_instances` VALUES (33, 41, '0x0000000000000000000000000000000009C82457', '2025-03-23 04:42:43', '2025-04-01 00:24:41', 33, 4046, 1, 0, NULL, NULL, NULL);
INSERT INTO `nft_instances` VALUES (34, 55, '0x0000000000000000000000000000000033B7C040', '2025-03-23 04:42:43', '2025-04-01 00:24:41', 34, 4984, 1, 0, NULL, NULL, NULL);
INSERT INTO `nft_instances` VALUES (35, 45, '0x00000000000000000000000000000000008828C7', '2025-03-23 04:42:43', '2025-04-01 00:24:41', 35, 2782, 1, 0, NULL, NULL, NULL);
INSERT INTO `nft_instances` VALUES (36, 55, '0x00000000000000000000000000000000157B9596', '2025-03-23 04:42:43', '2025-04-01 00:24:41', 36, 8562, 1, 0, NULL, NULL, NULL);
INSERT INTO `nft_instances` VALUES (37, 11, '0x000000000000000000000000000000002DC1F03C', '2025-03-23 04:42:43', '2025-04-22 11:28:19', 37, 4863, 1, 1, NULL, NULL, NULL);
INSERT INTO `nft_instances` VALUES (38, 21, '0x000000000000000000000000000000001465E542', '2025-03-23 04:42:43', '2025-04-01 00:24:41', 38, 8231, 1, 0, NULL, NULL, NULL);
INSERT INTO `nft_instances` VALUES (39, 45, '0x0000000000000000000000000000000023595CDF', '2025-03-23 04:42:43', '2025-04-01 00:24:41', 39, 6766, 1, 0, NULL, NULL, NULL);
INSERT INTO `nft_instances` VALUES (40, 50, '0x000000000000000000000000000000000B368654', '2025-03-23 04:42:43', '2025-04-01 00:24:41', 40, 8941, 1, 0, NULL, NULL, NULL);
INSERT INTO `nft_instances` VALUES (41, 35, '0x000000000000000000000000000000000E1D4980', '2025-03-23 04:42:43', '2025-04-01 00:24:41', 41, 4607, 1, 0, NULL, NULL, NULL);
INSERT INTO `nft_instances` VALUES (42, 32, '0x00000000000000000000000000000000300C28AD', '2025-03-23 04:42:43', '2025-04-01 00:24:41', 42, 5814, 1, 0, NULL, NULL, NULL);
INSERT INTO `nft_instances` VALUES (43, 33, '0x000000000000000000000000000000000B032E6C', '2025-03-23 04:42:43', '2025-04-01 00:24:41', 43, 5249, 1, 0, NULL, NULL, NULL);
INSERT INTO `nft_instances` VALUES (44, 23, '0x000000000000000000000000000000000F3A2D10', '2025-03-23 04:42:43', '2025-04-01 00:24:41', 44, 8607, 1, 0, NULL, NULL, NULL);
INSERT INTO `nft_instances` VALUES (45, 12, '0x000000000000000000000000000000000B64597D', '2025-03-23 04:42:43', '2025-04-01 00:24:41', 45, 7489, 1, 0, NULL, NULL, NULL);
INSERT INTO `nft_instances` VALUES (46, 24, '0x0000000000000000000000000000000013CC45D3', '2025-03-23 04:42:43', '2025-04-01 00:24:41', 46, 1625, 1, 0, NULL, NULL, NULL);
INSERT INTO `nft_instances` VALUES (47, 33, '0x000000000000000000000000000000002336E25E', '2025-03-23 04:42:43', '2025-04-01 00:24:41', 47, 5062, 1, 0, NULL, NULL, NULL);
INSERT INTO `nft_instances` VALUES (48, 25, '0x000000000000000000000000000000000E0E09A1', '2025-03-23 04:42:43', '2025-04-01 00:24:41', 48, 633, 1, 0, NULL, NULL, NULL);
INSERT INTO `nft_instances` VALUES (49, 61, '0x0000000000000000000000000000000009B78CC7', '2025-03-23 04:42:43', '2025-04-01 00:24:41', 49, 7382, 1, 0, NULL, NULL, NULL);
INSERT INTO `nft_instances` VALUES (50, 56, '0x000000000000000000000000000000003A211D37', '2025-03-23 04:42:43', '2025-04-01 00:24:41', 50, 5411, 1, 0, NULL, NULL, NULL);
INSERT INTO `nft_instances` VALUES (51, 13, '0x0000000000000000000000000000000003B9CF2A', '2025-03-23 04:42:43', '2025-04-01 00:24:44', 51, 4713, 1, 0, NULL, NULL, NULL);
INSERT INTO `nft_instances` VALUES (52, 45, '0x000000000000000000000000000000001876AA41', '2025-03-23 04:42:43', '2025-04-01 00:24:44', 52, 7132, 1, 0, NULL, NULL, NULL);
INSERT INTO `nft_instances` VALUES (53, 56, '0x000000000000000000000000000000000E0AD573', '2025-03-23 04:42:43', '2025-04-01 00:24:44', 53, 1724, 1, 0, NULL, NULL, NULL);
INSERT INTO `nft_instances` VALUES (54, 31, '0x000000000000000000000000000000002EA1DC55', '2025-03-23 04:42:43', '2025-04-01 00:24:44', 54, 6624, 1, 0, NULL, NULL, NULL);
INSERT INTO `nft_instances` VALUES (55, 26, '0x000000000000000000000000000000002C606259', '2025-03-23 04:42:43', '2025-04-01 00:24:44', 55, 8149, 1, 0, NULL, NULL, NULL);
INSERT INTO `nft_instances` VALUES (56, 29, '0x00000000000000000000000000000000063B08B6', '2025-03-23 04:42:43', '2025-04-01 00:24:44', 56, 1074, 1, 0, NULL, NULL, NULL);
INSERT INTO `nft_instances` VALUES (57, 8, '0x00000000000000000000000000000000260R5TU8', '2025-03-23 04:42:43', '2025-04-19 17:05:27', 57, 324, 0, 2, NULL, NULL, NULL);
INSERT INTO `nft_instances` VALUES (58, 5, '0x000000000000000000000000000000001CD02D1F', '2025-03-23 04:42:43', '2025-07-16 02:46:46', 58, 7999, 1, 1, NULL, NULL, NULL);
INSERT INTO `nft_instances` VALUES (59, 14, '0x0000000000000000000000000000000024AD5EF1', '2025-03-23 04:42:43', '2025-04-01 00:24:44', 59, 9424, 1, 0, NULL, NULL, NULL);
INSERT INTO `nft_instances` VALUES (60, 28, '0x000000000000000000000000000000001450F0DF', '2025-03-23 04:42:43', '2025-04-01 00:24:58', 60, 3326, 1, 0, NULL, NULL, NULL);
INSERT INTO `nft_instances` VALUES (61, 25, '0x0000000000000000000000000000000037E98B2F', '2025-03-23 04:42:43', '2025-04-01 00:24:58', 61, 7760, 1, 0, NULL, NULL, NULL);
INSERT INTO `nft_instances` VALUES (62, 32, '0x000000000000000000000000000000002D05D1B7', '2025-03-23 04:42:43', '2025-04-01 00:24:58', 62, 9024, 1, 0, NULL, NULL, NULL);
INSERT INTO `nft_instances` VALUES (63, 15, '0x000000000000000000000000000000003632BB04', '2025-03-23 04:42:43', '2025-04-01 00:24:58', 63, 2041, 1, 0, NULL, NULL, NULL);
INSERT INTO `nft_instances` VALUES (64, 53, '0x000000000000000000000000000000001C839EFD', '2025-03-23 04:42:43', '2025-04-01 00:24:58', 64, 2533, 1, 0, NULL, NULL, NULL);
INSERT INTO `nft_instances` VALUES (65, 54, '0x0000000000000000000000000000000035FC3AB7', '2025-03-23 04:42:43', '2025-04-01 00:24:58', 65, 6346, 1, 0, NULL, NULL, NULL);
INSERT INTO `nft_instances` VALUES (66, 58, '0x0000000000000000000000000000000035D64DD2', '2025-03-23 04:42:43', '2025-04-01 00:24:58', 66, 4330, 1, 0, NULL, NULL, NULL);
INSERT INTO `nft_instances` VALUES (67, 47, '0x0000000000000000000000000000000000989D3D', '2025-03-23 04:42:43', '2025-04-01 00:24:58', 67, 2413, 1, 0, NULL, NULL, NULL);
INSERT INTO `nft_instances` VALUES (68, 51, '0x0000000000000000000000000000000003A1403E', '2025-03-23 04:42:43', '2025-04-01 00:24:58', 68, 8677, 1, 0, NULL, NULL, NULL);
INSERT INTO `nft_instances` VALUES (69, 53, '0x0000000000000000000000000000000003FF7495', '2025-03-23 04:42:43', '2025-04-01 00:24:58', 69, 6550, 1, 0, NULL, NULL, NULL);
INSERT INTO `nft_instances` VALUES (70, 49, '0x000000000000000000000000000000002B4A65FE', '2025-03-23 04:42:43', '2025-04-01 00:24:58', 70, 6518, 1, 0, NULL, NULL, NULL);
INSERT INTO `nft_instances` VALUES (71, 18, '0x000000000000000000000000000000000BAE37AF', '2025-03-23 04:42:43', '2025-04-02 17:48:19', 71, 2942, 0, 0, NULL, NULL, NULL);
INSERT INTO `nft_instances` VALUES (72, 10, '0x00000000000000000000000000000000260D4DE4', '2025-03-23 04:42:43', '2025-04-15 03:03:42', 72, 5944, 1, 2, NULL, NULL, NULL);
INSERT INTO `nft_instances` VALUES (73, 30, '0x000000000000000000000000000000002EB6B686', '2025-03-23 04:42:43', '2025-04-02 17:48:17', 73, 4970, 0, 0, NULL, NULL, NULL);
INSERT INTO `nft_instances` VALUES (74, 32, '0x00000000000000000000000000000000260R5TU8', '2025-03-23 04:42:43', '2025-04-17 00:04:10', 74, 575, 0, 2, NULL, NULL, NULL);
INSERT INTO `nft_instances` VALUES (75, 32, '0x000000000000000000000000000000003850368A', '2025-03-23 04:42:43', '2025-04-01 00:24:58', 75, 7364, 1, 0, NULL, NULL, NULL);
INSERT INTO `nft_instances` VALUES (76, 12, '0x00000000000000000000000000000000260R5TU8', '2025-03-23 04:42:43', '2025-04-23 15:56:02', 76, 5499, 0, 2, NULL, NULL, NULL);
INSERT INTO `nft_instances` VALUES (77, 47, '0x0000000000000000000000000000000022744A21', '2025-03-23 04:42:43', '2025-04-01 00:24:58', 77, 5204, 1, 0, NULL, NULL, NULL);
INSERT INTO `nft_instances` VALUES (78, 40, '0x000000000000000000000000000000001C0FC5D1', '2025-03-23 04:42:43', '2025-04-10 15:27:53', 78, 9325, 1, 2, NULL, NULL, NULL);
INSERT INTO `nft_instances` VALUES (79, 27, '0x000000000000000000000000000000002C44B676', '2025-03-23 04:42:43', '2025-04-27 15:52:56', 79, 1413, 1, 2, NULL, NULL, NULL);
INSERT INTO `nft_instances` VALUES (80, 27, '0x00000000000000000000000000000000341A7D7C', '2025-03-23 04:42:43', '2025-04-27 15:53:54', 80, 8291, 1, 1, NULL, NULL, NULL);
INSERT INTO `nft_instances` VALUES (81, 7, '0x00000000000000000000000000000000260D4DE4', '2025-03-23 04:42:43', '2025-04-13 20:15:30', 81, 8999, 1, 2, NULL, NULL, NULL);
INSERT INTO `nft_instances` VALUES (82, 19, '0x00000000000000000000000000000000260R5TU8', '2025-03-23 04:42:43', '2025-05-07 11:24:49', 82, 3226, 0, 2, NULL, NULL, NULL);
INSERT INTO `nft_instances` VALUES (83, 39, '0x0000000000000000000000000000000039B83E24', '2025-03-23 04:42:43', '2025-04-01 00:24:58', 83, 2870, 1, 0, NULL, NULL, NULL);
INSERT INTO `nft_instances` VALUES (84, 1, '0x00000000000000000000000000000000260R5TU8', '2025-03-23 04:42:43', '2025-05-07 11:22:16', 84, NULL, 0, 1, NULL, NULL, NULL);
INSERT INTO `nft_instances` VALUES (85, 32, '0x000000000000000000000000000000000FAAB08F', '2025-03-23 04:42:43', '2025-04-01 00:24:58', 85, 3775, 1, 0, NULL, NULL, NULL);
INSERT INTO `nft_instances` VALUES (86, 48, '0x000000000000000000000000000000000365A139', '2025-03-23 04:42:43', '2025-04-01 00:24:58', 86, 5248, 1, 0, NULL, NULL, NULL);
INSERT INTO `nft_instances` VALUES (87, 61, '0x000000000000000000000000000000002AC05756', '2025-03-23 04:42:43', '2025-04-01 00:24:58', 87, 4913, 1, 0, NULL, NULL, NULL);
INSERT INTO `nft_instances` VALUES (88, 41, '0x0000000000000000000000000000000006D78F7B', '2025-03-23 04:42:43', '2025-04-01 00:24:58', 88, 8623, 1, 0, NULL, NULL, NULL);
INSERT INTO `nft_instances` VALUES (89, 39, '0x000000000000000000000000000000002B428731', '2025-03-23 04:42:43', '2025-04-01 00:24:58', 89, 8578, 1, 0, NULL, NULL, NULL);
INSERT INTO `nft_instances` VALUES (90, 49, '0x000000000000000000000000000000002D1A866A', '2025-03-23 04:42:43', '2025-04-01 00:24:58', 90, 7025, 1, 0, NULL, NULL, NULL);
INSERT INTO `nft_instances` VALUES (91, 27, '0x000000000000000000000000000000003265B446', '2025-03-23 04:42:43', '2025-04-01 00:24:58', 91, 9189, 1, 0, NULL, NULL, NULL);
INSERT INTO `nft_instances` VALUES (92, 60, '0x000000000000000000000000000000000F2C8E96', '2025-03-23 04:42:43', '2025-04-01 00:24:58', 92, 5073, 1, 0, NULL, NULL, NULL);
INSERT INTO `nft_instances` VALUES (93, 25, '0x000000000000000000000000000000000D8B9DBA', '2025-03-23 04:42:43', '2025-04-22 16:33:39', 93, 7399, 1, 1, NULL, NULL, NULL);
INSERT INTO `nft_instances` VALUES (94, 59, '0x0000000000000000000000000000000001961EA6', '2025-03-23 04:42:43', '2025-04-01 00:24:58', 94, 1979, 1, 0, NULL, NULL, NULL);
INSERT INTO `nft_instances` VALUES (95, 20, '0x000000000000000000000000000000001B714FDC', '2025-03-23 04:42:43', '2025-04-01 00:24:58', 95, 7098, 1, 0, NULL, NULL, NULL);
INSERT INTO `nft_instances` VALUES (96, 24, '0x000000000000000000000000000000001E4B8AA2', '2025-03-23 04:42:43', '2025-04-01 00:24:58', 96, 9756, 1, 0, NULL, NULL, NULL);
INSERT INTO `nft_instances` VALUES (97, 26, '0x000000000000000000000000000000001E998A5B', '2025-03-23 04:42:43', '2025-04-01 00:24:58', 97, 7687, 1, 0, NULL, NULL, NULL);
INSERT INTO `nft_instances` VALUES (98, 22, '0x000000000000000000000000000000000AB77429', '2025-03-23 04:42:43', '2025-04-01 00:24:58', 98, 8967, 1, 0, NULL, NULL, NULL);
INSERT INTO `nft_instances` VALUES (99, 54, '0x000000000000000000000000000000002F6D56FA', '2025-03-23 04:42:43', '2025-04-01 00:24:58', 99, 1978, 1, 0, NULL, NULL, NULL);
INSERT INTO `nft_instances` VALUES (100, 24, '0x000000000000000000000000000000001DCE1E37', '2025-03-23 04:42:43', '2025-04-01 00:24:58', 100, 2391, 1, 0, NULL, NULL, NULL);
INSERT INTO `nft_instances` VALUES (101, 23, '0x00000000000000000000000000000000143E9C59', '2025-03-23 04:42:43', '2025-04-01 00:24:58', 101, 5821, 1, 0, NULL, NULL, NULL);
INSERT INTO `nft_instances` VALUES (102, 37, '0x0000000000000000000000000000000038CBC1C9', '2025-03-23 04:42:43', '2025-04-01 00:24:58', 102, 2134, 1, 0, NULL, NULL, NULL);
INSERT INTO `nft_instances` VALUES (103, 61, '0x0000000000000000000000000000000002DA0DDC', '2025-03-23 04:42:43', '2025-04-01 00:24:58', 103, 2807, 1, 0, NULL, NULL, NULL);
INSERT INTO `nft_instances` VALUES (104, 19, '0x0000000000000000000000000000000013DB8859', '2025-03-23 04:42:43', '2025-04-01 00:24:58', 104, 7434, 1, 0, NULL, NULL, NULL);
INSERT INTO `nft_instances` VALUES (105, 49, '0x00000000000000000000000000000000359AB0FE', '2025-03-23 04:42:43', '2025-04-01 00:24:58', 105, 8952, 1, 0, NULL, NULL, NULL);
INSERT INTO `nft_instances` VALUES (106, 10, '0x00000000000000000000000000000000260R5TU8', '2025-03-23 04:42:43', '2025-04-08 17:37:32', 106, 2658, 0, 1, NULL, NULL, NULL);
INSERT INTO `nft_instances` VALUES (107, 61, '0x000000000000000000000000000000002375024F', '2025-03-23 04:42:43', '2025-04-01 00:24:58', 107, 5836, 1, 0, NULL, NULL, NULL);
INSERT INTO `nft_instances` VALUES (108, 4, '0x00000000000000000000000000000000260R5TU8', '2025-03-23 04:42:43', '2025-04-10 16:29:06', 108, 1406, 0, 2, NULL, NULL, NULL);
INSERT INTO `nft_instances` VALUES (109, 22, '0x000000000000000000000000000000000B9ED8A5', '2025-03-23 04:42:43', '2025-04-01 00:24:58', 109, 8925, 1, 0, NULL, NULL, NULL);
INSERT INTO `nft_instances` VALUES (110, 60, '0x000000000000000000000000000000000ACB9FCF', '2025-03-23 04:42:43', '2025-04-01 00:24:58', 110, 1009, 1, 0, NULL, NULL, NULL);
INSERT INTO `nft_instances` VALUES (111, 3, '0x0000000000000000000000000000000028EC75A5', '2025-03-23 04:42:43', '2025-07-20 21:04:47', 111, 99999, 1, 10, NULL, NULL, NULL);
INSERT INTO `nft_instances` VALUES (112, 19, '0x0000000000000000000000000000000018BD7019', '2025-03-23 04:42:43', '2025-04-01 00:24:58', 112, 4721, 1, 0, NULL, NULL, NULL);
INSERT INTO `nft_instances` VALUES (113, 12, '0x000000000000000000000000000000002A246622', '2025-03-23 04:42:43', '2025-04-23 15:34:40', 113, 999, 1, 1, NULL, NULL, NULL);
INSERT INTO `nft_instances` VALUES (114, 60, '0x0000000000000000000000000000000029998ABE', '2025-03-23 04:42:43', '2025-04-01 00:24:58', 114, 434, 1, 0, NULL, NULL, NULL);
INSERT INTO `nft_instances` VALUES (115, 38, '0x00000000000000000000000000000000357CFA06', '2025-03-23 04:42:43', '2025-04-01 00:24:58', 115, 8772, 1, 0, NULL, NULL, NULL);
INSERT INTO `nft_instances` VALUES (116, 43, '0x000000000000000000000000000000002DD4CADE', '2025-03-23 04:42:43', '2025-04-02 17:48:06', 116, 3162, 0, 0, NULL, NULL, NULL);
INSERT INTO `nft_instances` VALUES (117, 48, '0x000000000000000000000000000000001FC58959', '2025-03-23 04:42:43', '2025-04-01 00:24:58', 117, 8897, 1, 0, NULL, NULL, NULL);
INSERT INTO `nft_instances` VALUES (118, 23, '0x000000000000000000000000000000000C5DB2E3', '2025-03-23 04:42:43', '2025-04-01 00:24:58', 118, 5398, 1, 0, NULL, NULL, NULL);
INSERT INTO `nft_instances` VALUES (119, 60, '0x00000000000000000000000000000000089D3DD9', '2025-03-23 04:42:43', '2025-04-01 00:24:58', 119, 9902, 1, 0, NULL, NULL, NULL);
INSERT INTO `nft_instances` VALUES (120, 54, '0x0000000000000000000000000000000034604E39', '2025-03-23 04:42:43', '2025-04-01 00:24:58', 120, 3719, 1, 0, NULL, NULL, NULL);
INSERT INTO `nft_instances` VALUES (121, 50, '0x00000000000000000000000000000000178CCCAD', '2025-03-23 04:42:43', '2025-04-01 00:24:58', 121, 8289, 1, 0, NULL, NULL, NULL);
INSERT INTO `nft_instances` VALUES (122, 35, '0x0000000000000000000000000000000023AB3BF3', '2025-03-23 04:42:43', '2025-04-01 00:24:58', 122, 690, 1, 0, NULL, NULL, NULL);
INSERT INTO `nft_instances` VALUES (123, 20, '0x000000000000000000000000000000003086BC11', '2025-03-23 04:42:43', '2025-04-01 00:24:58', 123, 7786, 1, 0, NULL, NULL, NULL);
INSERT INTO `nft_instances` VALUES (124, 7, '0x0000000000000000000000000000000004EEF6CB', '2025-03-23 04:42:43', '2025-04-22 00:09:57', 124, 7261, 1, 2, NULL, NULL, NULL);
INSERT INTO `nft_instances` VALUES (125, 7, '0x00000000000000000000000000000000260D4DE4', '2025-03-23 04:42:43', '2025-04-23 15:24:40', 125, 3001, 1, 3, NULL, NULL, NULL);
INSERT INTO `nft_instances` VALUES (126, 58, '0x0000000000000000000000000000000036B16471', '2025-03-23 04:42:43', '2025-04-01 00:25:11', 126, 2562, 1, 0, NULL, NULL, NULL);
INSERT INTO `nft_instances` VALUES (127, 50, '0x000000000000000000000000000000000D74A10B', '2025-03-23 04:42:43', '2025-04-01 00:25:11', 127, 3765, 1, 0, NULL, NULL, NULL);
INSERT INTO `nft_instances` VALUES (128, 46, '0x0000000000000000000000000000000001D694EA', '2025-03-23 04:42:43', '2025-04-01 00:25:11', 128, 1141, 1, 0, NULL, NULL, NULL);
INSERT INTO `nft_instances` VALUES (129, 58, '0x000000000000000000000000000000002108F910', '2025-03-23 04:42:43', '2025-04-01 00:25:11', 129, 4009, 1, 0, NULL, NULL, NULL);
INSERT INTO `nft_instances` VALUES (130, 61, '0x000000000000000000000000000000000F135D0A', '2025-03-23 04:42:43', '2025-04-01 00:25:11', 130, 6626, 1, 0, NULL, NULL, NULL);
INSERT INTO `nft_instances` VALUES (131, 20, '0x00000000000000000000000000000000260R5TU8', '2025-03-23 04:42:43', '2025-04-09 11:36:52', 131, 1305, 0, 1, NULL, NULL, NULL);
INSERT INTO `nft_instances` VALUES (132, 9, '0x000000000000000000000000000000000F4261C7', '2025-03-23 04:42:43', '2025-04-01 00:25:11', 132, 6047, 1, 0, NULL, NULL, NULL);
INSERT INTO `nft_instances` VALUES (133, 54, '0x000000000000000000000000000000001E342580', '2025-03-23 04:42:43', '2025-04-01 00:25:11', 133, 6523, 1, 0, NULL, NULL, NULL);
INSERT INTO `nft_instances` VALUES (134, 61, '0x00000000000000000000000000000000134DD39A', '2025-03-23 04:42:43', '2025-04-01 00:25:11', 134, 4476, 1, 0, NULL, NULL, NULL);
INSERT INTO `nft_instances` VALUES (135, 45, '0x0000000000000000000000000000000023569A0A', '2025-03-23 04:42:43', '2025-04-01 00:25:11', 135, 2612, 1, 0, NULL, NULL, NULL);
INSERT INTO `nft_instances` VALUES (136, 52, '0x0000000000000000000000000000000014DAAF70', '2025-03-23 04:42:43', '2025-04-01 00:25:11', 136, 9231, 1, 0, NULL, NULL, NULL);
INSERT INTO `nft_instances` VALUES (137, 17, '0x000000000000000000000000000000001294D216', '2025-03-23 04:42:43', '2025-04-01 00:25:11', 137, 8724, 1, 0, NULL, NULL, NULL);
INSERT INTO `nft_instances` VALUES (138, 46, '0x000000000000000000000000000000002E25D9BE', '2025-03-23 04:42:43', '2025-04-01 00:25:11', 138, 5926, 1, 0, NULL, NULL, NULL);
INSERT INTO `nft_instances` VALUES (139, 41, '0x0000000000000000000000000000000035ED196D', '2025-03-23 04:42:43', '2025-04-01 00:25:11', 139, 3261, 1, 0, NULL, NULL, NULL);
INSERT INTO `nft_instances` VALUES (140, 37, '0x000000000000000000000000000000000D385884', '2025-03-23 04:42:43', '2025-04-01 00:25:11', 140, 8127, 1, 0, NULL, NULL, NULL);
INSERT INTO `nft_instances` VALUES (141, 22, '0x000000000000000000000000000000000443D617', '2025-03-23 04:42:43', '2025-04-01 00:25:11', 141, 1256, 1, 0, NULL, NULL, NULL);
INSERT INTO `nft_instances` VALUES (142, 20, '0x00000000000000000000000000000000260R5TU8', '2025-03-23 04:42:43', '2025-04-09 11:36:21', 142, 1300, 0, 1, NULL, NULL, NULL);
INSERT INTO `nft_instances` VALUES (143, 54, '0x000000000000000000000000000000000F7F9741', '2025-03-23 04:42:43', '2025-04-01 00:25:11', 143, 2533, 1, 0, NULL, NULL, NULL);
INSERT INTO `nft_instances` VALUES (144, 43, '0x0000000000000000000000000000000027F04D88', '2025-03-23 04:42:43', '2025-04-01 00:25:11', 144, 8565, 1, 0, NULL, NULL, NULL);
INSERT INTO `nft_instances` VALUES (145, 18, '0x00000000000000000000000000000000174D8CE7', '2025-03-23 04:42:43', '2025-04-01 00:25:11', 145, 5629, 1, 0, NULL, NULL, NULL);
INSERT INTO `nft_instances` VALUES (146, 8, '0x0000000000000000000000000000000017B3F274', '2025-03-23 04:42:43', '2025-04-01 00:25:11', 146, 2250, 1, 0, NULL, NULL, NULL);
INSERT INTO `nft_instances` VALUES (147, 41, '0x000000000000000000000000000000000235E396', '2025-03-23 04:42:43', '2025-04-01 00:25:11', 147, 3966, 1, 0, NULL, NULL, NULL);
INSERT INTO `nft_instances` VALUES (148, 16, '0x00000000000000000000000000000000077CBD22', '2025-03-23 04:42:43', '2025-04-01 00:25:11', 148, 3080, 1, 0, NULL, NULL, NULL);
INSERT INTO `nft_instances` VALUES (149, 55, '0x0000000000000000000000000000000003277661', '2025-03-23 04:42:43', '2025-04-01 00:25:11', 149, 3305, 1, 0, NULL, NULL, NULL);
INSERT INTO `nft_instances` VALUES (150, 38, '0x000000000000000000000000000000003425EE1B', '2025-03-23 04:42:43', '2025-04-01 00:25:11', 150, 7087, 1, 0, NULL, NULL, NULL);
INSERT INTO `nft_instances` VALUES (151, 35, '0x0000000000000000000000000000000008C0E3B6', '2025-03-23 04:42:43', '2025-04-01 00:25:11', 151, 5722, 1, 0, NULL, NULL, NULL);
INSERT INTO `nft_instances` VALUES (152, 5, '0x00000000000000000000000000000000260D4DE4', '2025-03-23 04:42:43', '2025-04-22 18:48:34', 152, 7151, 0, 2, NULL, NULL, NULL);
INSERT INTO `nft_instances` VALUES (153, 23, '0x00000000000000000000000000000000052477DF', '2025-03-23 04:42:43', '2025-04-01 00:25:11', 153, 8592, 1, 0, NULL, NULL, NULL);
INSERT INTO `nft_instances` VALUES (154, 21, '0x00000000000000000000000000000000177202E7', '2025-03-23 04:42:43', '2025-04-01 00:25:11', 154, 1705, 1, 0, NULL, NULL, NULL);
INSERT INTO `nft_instances` VALUES (155, 61, '0x00000000000000000000000000000000298D456E', '2025-03-23 04:42:43', '2025-04-01 00:25:11', 155, 2151, 1, 0, NULL, NULL, NULL);
INSERT INTO `nft_instances` VALUES (156, 35, '0x000000000000000000000000000000002A08F41A', '2025-03-23 04:42:43', '2025-04-01 00:25:11', 156, 5441, 1, 0, NULL, NULL, NULL);
INSERT INTO `nft_instances` VALUES (157, 53, '0x0000000000000000000000000000000007772827', '2025-03-23 04:42:43', '2025-04-01 00:25:11', 157, 953, 1, 0, NULL, NULL, NULL);
INSERT INTO `nft_instances` VALUES (158, 6, '0x00000000000000000000000000000000260D4DE4', '2025-03-23 04:42:43', '2025-04-23 12:09:40', 158, 8988, 1, 4, NULL, NULL, NULL);
INSERT INTO `nft_instances` VALUES (159, 57, '0x000000000000000000000000000000001D6AFFBD', '2025-03-23 04:42:43', '2025-04-01 00:25:11', 159, 6766, 1, 0, NULL, NULL, NULL);
INSERT INTO `nft_instances` VALUES (160, 45, '0x0000000000000000000000000000000004F8DA9F', '2025-03-23 04:42:43', '2025-04-01 00:25:11', 160, 299, 1, 0, NULL, NULL, NULL);
INSERT INTO `nft_instances` VALUES (161, 18, '0x00000000000000000000000000000000260R5TU8', '2025-03-23 04:42:43', '2025-04-08 17:21:52', 161, 1156, 1, 0, NULL, NULL, NULL);
INSERT INTO `nft_instances` VALUES (162, 55, '0x0000000000000000000000000000000039900D74', '2025-03-23 04:42:43', '2025-04-01 00:25:11', 162, 1893, 1, 0, NULL, NULL, NULL);
INSERT INTO `nft_instances` VALUES (163, 12, '0x0000000000000000000000000000000003B72163', '2025-03-23 04:42:43', '2025-04-01 00:25:11', 163, 7471, 1, 0, NULL, NULL, NULL);
INSERT INTO `nft_instances` VALUES (164, 46, '0x000000000000000000000000000000001D5D5254', '2025-03-23 04:42:43', '2025-04-01 00:25:11', 164, 2081, 1, 0, NULL, NULL, NULL);
INSERT INTO `nft_instances` VALUES (165, 16, '0x000000000000000000000000000000002FA6A0DA', '2025-03-23 04:42:43', '2025-04-01 00:25:11', 165, 7391, 1, 0, NULL, NULL, NULL);
INSERT INTO `nft_instances` VALUES (166, 15, '0x000000000000000000000000000000002D0A2859', '2025-03-23 04:42:43', '2025-04-01 00:25:11', 166, 1114, 1, 0, NULL, NULL, NULL);
INSERT INTO `nft_instances` VALUES (167, 6, '0x00000000000000000000000000000000260R5TU8', '2025-03-23 04:42:43', '2025-04-08 17:16:27', 167, 2799, 0, 1, NULL, NULL, NULL);
INSERT INTO `nft_instances` VALUES (168, 35, '0x0000000000000000000000000000000010AA54C9', '2025-03-23 04:42:43', '2025-04-01 00:25:11', 168, 653, 1, 0, NULL, NULL, NULL);
INSERT INTO `nft_instances` VALUES (169, 46, '0x0000000000000000000000000000000032DB8BA9', '2025-03-23 04:42:43', '2025-04-01 00:25:11', 169, 4472, 1, 0, NULL, NULL, NULL);
INSERT INTO `nft_instances` VALUES (170, 4, '0x00000000000000000000000000000000260R5TU8', '2025-03-23 04:42:43', '2025-05-06 17:20:48', 170, 699, 1, 2, NULL, NULL, NULL);
INSERT INTO `nft_instances` VALUES (171, 21, '0x000000000000000000000000000000001FBAA43C', '2025-03-23 04:42:43', '2025-04-01 00:25:11', 171, 8987, 1, 0, NULL, NULL, NULL);
INSERT INTO `nft_instances` VALUES (172, 43, '0x000000000000000000000000000000003306A553', '2025-03-23 04:42:43', '2025-04-01 00:25:11', 172, 3736, 1, 0, NULL, NULL, NULL);
INSERT INTO `nft_instances` VALUES (173, 13, '0x000000000000000000000000000000001C47D221', '2025-03-23 04:42:43', '2025-04-23 15:40:40', 173, 1323, 1, 2, NULL, NULL, NULL);
INSERT INTO `nft_instances` VALUES (174, 47, '0x00000000000000000000000000000000127DFFA3', '2025-03-23 04:42:43', '2025-04-01 00:25:11', 174, 5005, 1, 0, NULL, NULL, NULL);
INSERT INTO `nft_instances` VALUES (175, 20, '0x00000000000000000000000000000000260D4DE4', '2025-03-23 04:42:43', '2025-04-15 03:03:11', 175, 1000, 1, 1, NULL, NULL, NULL);
INSERT INTO `nft_instances` VALUES (176, 12, '0x00000000000000000000000000000000045821A0', '2025-03-23 04:42:43', '2025-04-23 15:19:40', 176, 875, 1, 1, NULL, NULL, NULL);
INSERT INTO `nft_instances` VALUES (177, 50, '0x000000000000000000000000000000002D913CDF', '2025-03-23 04:42:43', '2025-04-01 00:25:11', 177, 403, 1, 0, NULL, NULL, NULL);
INSERT INTO `nft_instances` VALUES (178, 27, '0x0000000000000000000000000000000033D21509', '2025-03-23 04:42:43', '2025-04-01 00:25:11', 178, 8993, 1, 0, NULL, NULL, NULL);
INSERT INTO `nft_instances` VALUES (179, 4, '0x00000000000000000000000000000000260B52EA', '2025-03-23 04:42:43', '2025-04-23 15:04:40', 179, 4359, 1, 4, NULL, NULL, NULL);
INSERT INTO `nft_instances` VALUES (180, 3, '0x000000000000000000000000000000001209432C', '2025-03-23 04:42:43', '2025-04-22 18:01:11', 180, 99999, 1, 6, NULL, NULL, NULL);
INSERT INTO `nft_instances` VALUES (181, 24, '0x00000000000000000000000000000000004A131E', '2025-03-23 04:42:43', '2025-04-01 00:25:11', 181, 8798, 1, 0, NULL, NULL, NULL);
INSERT INTO `nft_instances` VALUES (182, 55, '0x0000000000000000000000000000000015FC6DC0', '2025-03-23 04:42:43', '2025-04-01 00:25:11', 182, 1148, 1, 0, NULL, NULL, NULL);
INSERT INTO `nft_instances` VALUES (183, 14, '0x000000000000000000000000000000003980BE4B', '2025-03-23 04:42:43', '2025-04-01 00:25:11', 183, 8548, 1, 0, NULL, NULL, NULL);
INSERT INTO `nft_instances` VALUES (184, 12, '0x00000000000000000000000000000000009C6EE9', '2025-03-23 04:42:43', '2025-04-01 00:25:11', 184, 9698, 1, 0, NULL, NULL, NULL);
INSERT INTO `nft_instances` VALUES (185, 32, '0x000000000000000000000000000000001E86A5BC', '2025-03-23 04:42:43', '2025-04-01 00:25:11', 185, 3047, 1, 0, NULL, NULL, NULL);
INSERT INTO `nft_instances` VALUES (186, 3, '0x00000000000000000000000000000000260D4DE4', '2025-03-23 04:42:43', '2025-05-06 23:51:50', 186, 35999, 1, 14, NULL, NULL, NULL);
INSERT INTO `nft_instances` VALUES (187, 6, '0x000000000000000000000000000000001F056F61', '2025-03-23 04:42:43', '2025-04-23 11:54:40', 187, 8573, 1, 1, NULL, NULL, NULL);
INSERT INTO `nft_instances` VALUES (188, 22, '0x0000000000000000000000000000000008846049', '2025-03-23 04:42:43', '2025-04-01 00:25:11', 188, 6441, 1, 0, NULL, NULL, NULL);
INSERT INTO `nft_instances` VALUES (189, 43, '0x0000000000000000000000000000000001D7D016', '2025-03-23 04:42:43', '2025-04-01 00:25:11', 189, 6285, 1, 0, NULL, NULL, NULL);
INSERT INTO `nft_instances` VALUES (190, 5, '0x00000000000000000000000000000000260D4DE4', '2025-03-23 04:42:43', '2025-04-23 10:49:40', 190, 1599, 1, 1, NULL, NULL, NULL);
INSERT INTO `nft_instances` VALUES (191, 17, '0x00000000000000000000000000000000260R5TU8', '2025-03-23 04:42:43', '2025-07-20 20:58:59', 191, 1599, 1, 3, NULL, NULL, NULL);
INSERT INTO `nft_instances` VALUES (192, 27, '0x00000000000000000000000000000000312D27A4', '2025-03-23 04:42:43', '2025-04-01 00:25:11', 192, 9604, 1, 0, NULL, NULL, NULL);
INSERT INTO `nft_instances` VALUES (193, 51, '0x0000000000000000000000000000000025A2D9FF', '2025-03-23 04:42:43', '2025-04-01 00:25:11', 193, 4834, 1, 0, NULL, NULL, NULL);
INSERT INTO `nft_instances` VALUES (194, 43, '0x000000000000000000000000000000002214A245', '2025-03-23 04:42:43', '2025-04-01 00:25:11', 194, 4958, 1, 0, NULL, NULL, NULL);
INSERT INTO `nft_instances` VALUES (195, 49, '0x000000000000000000000000000000000AC87035', '2025-03-23 04:42:43', '2025-04-01 00:25:11', 195, 292, 1, 0, NULL, NULL, NULL);
INSERT INTO `nft_instances` VALUES (196, 36, '0x00000000000000000000000000000000115C34A8', '2025-03-23 04:42:43', '2025-04-01 00:25:11', 196, 5986, 1, 0, NULL, NULL, NULL);
INSERT INTO `nft_instances` VALUES (197, 47, '0x0000000000000000000000000000000035FB99A9', '2025-03-23 04:42:43', '2025-04-01 00:25:11', 197, 9257, 1, 0, NULL, NULL, NULL);
INSERT INTO `nft_instances` VALUES (198, 17, '0x0000000000000000000000000000000022F782BC', '2025-03-23 04:42:43', '2025-04-01 00:25:11', 198, 8528, 1, 0, NULL, NULL, NULL);
INSERT INTO `nft_instances` VALUES (199, 10, '0x00000000000000000000000000000000260D4DE4', '2025-03-23 04:42:43', '2025-07-16 02:44:45', 199, 4872, 0, 2, NULL, NULL, NULL);
INSERT INTO `nft_instances` VALUES (200, 33, '0x00000000000000000000000000000000260D4DE4', '2025-03-23 04:42:43', '2025-04-08 15:20:43', 200, 256, 1, 0, NULL, NULL, NULL);
INSERT INTO `nft_instances` VALUES (201, 2, '0x00000000000000000000000000000000260R5TU8', '2025-03-23 04:56:10', '2025-04-24 10:21:12', 201, 5826, 1, 3, NULL, NULL, NULL);
INSERT INTO `nft_instances` VALUES (202, 34, '0x512323b4d2794baf44aaa87d34ae9d33e7c836b5', '2025-03-23 05:09:08', '2025-04-15 03:38:12', 202, 1560, 0, 1, NULL, NULL, NULL);
INSERT INTO `nft_instances` VALUES (203, 42, '0x512323b4d2794baf44aaa87d34ae9d33e7c836b5', '2025-03-23 05:09:54', '2025-04-15 02:54:06', 213, 2999, 0, 1, NULL, NULL, NULL);
INSERT INTO `nft_instances` VALUES (204, 63, '0x512323b4d2794baf44aaa87d34ae9d33e7c836b5', '2025-03-27 16:55:05', '2025-04-15 03:25:53', 259, 7988, 0, 1, NULL, NULL, NULL);
INSERT INTO `nft_instances` VALUES (205, 63, '0x00000000000000000000000000000000260R5TU8', '2025-03-27 16:55:27', '2025-04-08 01:35:32', 323, NULL, 0, 0, NULL, NULL, NULL);
INSERT INTO `nft_instances` VALUES (206, 64, '0x00000000000000000000000000000000260D4DE4', '2025-03-27 16:55:47', '2025-03-31 17:59:55', 500, NULL, 0, 0, NULL, NULL, NULL);
INSERT INTO `nft_instances` VALUES (207, 64, '0x00000000000000000000000000000000260D4DE4', '2025-03-27 16:56:07', '2025-03-31 17:59:56', 86, NULL, 0, 0, NULL, NULL, NULL);
INSERT INTO `nft_instances` VALUES (208, 64, '0x00000000000000000000000000000000260D4DE4', '2025-03-27 16:56:21', '2025-03-31 17:59:58', 320, NULL, 0, 0, NULL, NULL, NULL);
INSERT INTO `nft_instances` VALUES (209, 65, '0x512323b4d2794baf44aaa87d34ae9d33e7c836b5', '2025-03-27 16:56:35', '2025-04-15 03:16:56', 1206, 39989, 0, 1, NULL, NULL, NULL);
INSERT INTO `nft_instances` VALUES (210, 66, '0x00000000000000000000000000000000260R5TU8', '2025-03-27 16:56:47', '2025-05-07 10:30:56', 3559, 2587, 1, 1, NULL, NULL, NULL);
INSERT INTO `nft_instances` VALUES (211, 66, '0x00000000000000000000000000000000260R5TU8', '2025-03-27 16:57:04', '2025-04-08 10:28:40', 5165, NULL, 0, 0, NULL, NULL, NULL);
INSERT INTO `nft_instances` VALUES (212, 67, '0x512323b4d2794baf44aaa87d34ae9d33e7c836b5', '2025-03-27 16:57:14', '2025-04-15 03:23:29', 2565, 1600, 0, 1, NULL, NULL, NULL);
INSERT INTO `nft_instances` VALUES (213, 68, '0x00000000000000000000000000000000260D4DE4', '2025-03-27 16:57:25', '2025-03-31 18:00:05', 116, NULL, 0, 0, NULL, NULL, NULL);
INSERT INTO `nft_instances` VALUES (214, 3, '0x00000000000000000000000000000000260D4DE4', '2025-03-27 16:57:35', '2025-04-20 23:53:25', 12, NULL, 0, 2, NULL, NULL, NULL);
INSERT INTO `nft_instances` VALUES (215, 3, '0x00000000000000000000000000000000260R5TU8', '2025-03-31 17:56:29', '2025-04-20 23:40:29', 6, NULL, 0, 8, NULL, NULL, NULL);
INSERT INTO `nft_instances` VALUES (216, 69, '0x00000000000000000000000000000000260R5TU8', '2025-04-02 17:51:40', '2025-04-08 15:27:46', 1563, NULL, 0, 0, NULL, NULL, NULL);
INSERT INTO `nft_instances` VALUES (224, 70, '0x00000000000000000000000000000000260D4DE4', '2025-06-11 11:27:35', '2025-06-11 11:27:35', 2, 30, 0, 0, NULL, NULL, NULL);
INSERT INTO `nft_instances` VALUES (225, 70, '0x00000000000000000000000000000000260D4DE4', '2025-06-11 11:28:48', '2025-06-11 11:28:48', 3, 30, 0, 0, NULL, NULL, NULL);
INSERT INTO `nft_instances` VALUES (226, 70, '0x00000000000000000000000000000000260D4DE4', '2025-06-11 11:30:54', '2025-07-16 02:36:54', 4, 1985, 1, 0, NULL, NULL, NULL);
INSERT INTO `nft_instances` VALUES (227, 71, '0x00000000000000000000000000000000260D4DE4', '2025-06-11 11:52:54', '2025-07-28 10:03:52', 1, 199, 1, 3, NULL, NULL, NULL);
INSERT INTO `nft_instances` VALUES (228, 71, '0x00000000000000000000000000000000260D4DE4', '2025-06-11 11:52:54', '2025-07-27 23:18:12', 2, NULL, 0, 3, NULL, NULL, NULL);
INSERT INTO `nft_instances` VALUES (229, 71, '0x00000000000000000000000000000000260D4DE4', '2025-06-11 11:52:54', '2025-06-11 11:52:54', 3, 20, 0, 0, NULL, NULL, NULL);
INSERT INTO `nft_instances` VALUES (230, 71, '0x00000000000000000000000000000000260D4DE4', '2025-06-11 11:52:54', '2025-06-11 11:52:54', 4, 20, 0, 0, NULL, NULL, NULL);
INSERT INTO `nft_instances` VALUES (231, 71, '0x00000000000000000000000000000000260D4DE4', '2025-06-11 11:52:54', '2025-06-11 11:52:54', 5, 20, 0, 0, NULL, NULL, NULL);
INSERT INTO `nft_instances` VALUES (232, 70, '0x00000000000000000000000000000000260D4DE4', '2025-06-11 11:55:29', '2025-07-16 02:37:03', 5, 3530, 1, 0, NULL, NULL, NULL);
INSERT INTO `nft_instances` VALUES (233, 70, '0x00000000000000000000000000000000260R5TU8', '2025-06-11 11:55:29', '2025-07-16 02:38:02', 6, 1855, 0, 2, NULL, NULL, NULL);
INSERT INTO `nft_instances` VALUES (234, 70, '0x00000000000000000000000000000000260D4DE4', '2025-06-11 15:11:57', '2025-06-11 15:11:57', 7, 30, 0, 0, NULL, NULL, NULL);
INSERT INTO `nft_instances` VALUES (235, 71, '0x00000000000000000000000000000000260D4DE4', '2025-06-19 09:53:02', '2025-06-19 09:53:02', 6, 20, 0, 0, NULL, NULL, NULL);
INSERT INTO `nft_instances` VALUES (236, 71, '0x00000000000000000000000000000000260D4DE4', '2025-06-19 09:53:02', '2025-06-19 09:53:02', 7, 20, 0, 0, NULL, NULL, NULL);
INSERT INTO `nft_instances` VALUES (237, 71, '0x00000000000000000000000000000000260D4DE4', '2025-06-19 09:53:02', '2025-06-19 09:53:02', 8, 20, 0, 0, NULL, NULL, NULL);
INSERT INTO `nft_instances` VALUES (238, 71, '0x00000000000000000000000000000000260D4DE4', '2025-06-19 09:53:02', '2025-06-19 09:53:02', 9, 20, 0, 0, NULL, NULL, NULL);
INSERT INTO `nft_instances` VALUES (239, 71, '0x00000000000000000000000000000000260D4DE4', '2025-06-19 09:55:33', '2025-06-19 09:55:33', 10, 20, 0, 0, NULL, NULL, NULL);
INSERT INTO `nft_instances` VALUES (240, 71, '0x00000000000000000000000000000000260D4DE4', '2025-06-19 10:05:37', '2025-06-19 10:05:37', 11, 20, 0, 0, NULL, NULL, NULL);
INSERT INTO `nft_instances` VALUES (241, 71, '0x00000000000000000000000000000000260D4DE4', '2025-06-19 10:07:58', '2025-06-19 10:07:58', 12, 20, 0, 0, NULL, NULL, NULL);
INSERT INTO `nft_instances` VALUES (242, 71, '0x00000000000000000000000000000000260D4DE4', '2025-06-19 10:10:40', '2025-06-19 10:10:40', 13, 20, 0, 0, NULL, NULL, NULL);
INSERT INTO `nft_instances` VALUES (243, 71, '0x00000000000000000000000000000000260D4DE4', '2025-06-19 10:16:45', '2025-06-19 10:16:45', 14, 20, 0, 0, NULL, NULL, NULL);
INSERT INTO `nft_instances` VALUES (244, 71, '0x00000000000000000000000000000000260D4DE4', '2025-06-19 10:16:45', '2025-06-19 10:16:45', 15, 20, 0, 0, NULL, NULL, NULL);
INSERT INTO `nft_instances` VALUES (245, 71, '0x00000000000000000000000000000000260D4DE4', '2025-06-19 10:35:57', '2025-06-19 10:35:57', 16, 20, 0, 0, NULL, NULL, NULL);
INSERT INTO `nft_instances` VALUES (246, 71, '0x00000000000000000000000000000000260D4DE4', '2025-06-19 10:48:18', '2025-06-19 10:48:18', 17, 20, 0, 0, NULL, NULL, NULL);
INSERT INTO `nft_instances` VALUES (247, 70, '0x00000000000000000000000000000000260D4DE4', '2025-07-16 02:57:42', '2025-07-16 02:57:42', 8, 30, 0, 0, NULL, NULL, NULL);
INSERT INTO `nft_instances` VALUES (248, 70, '0x00000000000000000000000000000000260D4DE4', '2025-07-16 02:57:42', '2025-07-16 02:57:42', 9, 30, 0, 0, NULL, NULL, NULL);
INSERT INTO `nft_instances` VALUES (249, 70, '0x00000000000000000000000000000000260D4DE4', '2025-07-16 02:57:42', '2025-07-16 02:57:42', 10, 30, 0, 0, NULL, NULL, NULL);
INSERT INTO `nft_instances` VALUES (250, 70, '0x00000000000000000000000000000000260D4DE4', '2025-07-16 02:57:42', '2025-07-16 02:57:42', 11, 30, 0, 0, NULL, NULL, NULL);
INSERT INTO `nft_instances` VALUES (251, 70, '0x00000000000000000000000000000000260D4DE4', '2025-07-16 02:57:42', '2025-07-16 02:57:42', 12, 30, 0, 0, NULL, NULL, NULL);

-- ----------------------------
-- Table structure for nft_levels
-- ----------------------------
DROP TABLE IF EXISTS `nft_levels`;
CREATE TABLE `nft_levels`  (
  `id` int(11) NOT NULL AUTO_INCREMENT COMMENT '主键，唯一标识每个等级',
  `name` varchar(255) CHARACTER SET utf8 COLLATE utf8_general_ci NOT NULL COMMENT '等级名称（如传说、高级、普通）',
  PRIMARY KEY (`id`) USING BTREE,
  UNIQUE INDEX `name`(`name`) USING BTREE
) ENGINE = InnoDB AUTO_INCREMENT = 4 CHARACTER SET = utf8 COLLATE = utf8_general_ci COMMENT = '存储NFT等级信息的表' ROW_FORMAT = Compact;

-- ----------------------------
-- Records of nft_levels
-- ----------------------------
INSERT INTO `nft_levels` VALUES (3, '史诗');
INSERT INTO `nft_levels` VALUES (1, '普通');
INSERT INTO `nft_levels` VALUES (2, '稀有');

-- ----------------------------
-- Table structure for nft_tags
-- ----------------------------
DROP TABLE IF EXISTS `nft_tags`;
CREATE TABLE `nft_tags`  (
  `nft_id` int(11) NOT NULL COMMENT '外键，指向NFT',
  `tag_id` int(11) NOT NULL COMMENT '外键，指向标签',
  PRIMARY KEY (`nft_id`, `tag_id`) USING BTREE,
  INDEX `tag_id`(`tag_id`) USING BTREE,
  CONSTRAINT `nft_tags_ibfk_1` FOREIGN KEY (`nft_id`) REFERENCES `nfts` (`id`) ON DELETE RESTRICT ON UPDATE RESTRICT,
  CONSTRAINT `nft_tags_ibfk_2` FOREIGN KEY (`tag_id`) REFERENCES `tags` (`id`) ON DELETE RESTRICT ON UPDATE RESTRICT
) ENGINE = InnoDB CHARACTER SET = utf8 COLLATE = utf8_general_ci COMMENT = '存储NFT与标签关联关系的表' ROW_FORMAT = Compact;

-- ----------------------------
-- Records of nft_tags
-- ----------------------------
INSERT INTO `nft_tags` VALUES (7, 1);
INSERT INTO `nft_tags` VALUES (10, 1);
INSERT INTO `nft_tags` VALUES (14, 1);
INSERT INTO `nft_tags` VALUES (15, 1);
INSERT INTO `nft_tags` VALUES (26, 1);
INSERT INTO `nft_tags` VALUES (30, 1);
INSERT INTO `nft_tags` VALUES (32, 1);
INSERT INTO `nft_tags` VALUES (41, 1);
INSERT INTO `nft_tags` VALUES (63, 1);
INSERT INTO `nft_tags` VALUES (8, 2);
INSERT INTO `nft_tags` VALUES (17, 2);
INSERT INTO `nft_tags` VALUES (19, 2);
INSERT INTO `nft_tags` VALUES (20, 2);
INSERT INTO `nft_tags` VALUES (29, 2);
INSERT INTO `nft_tags` VALUES (31, 2);
INSERT INTO `nft_tags` VALUES (39, 2);
INSERT INTO `nft_tags` VALUES (40, 2);
INSERT INTO `nft_tags` VALUES (42, 2);
INSERT INTO `nft_tags` VALUES (59, 2);
INSERT INTO `nft_tags` VALUES (60, 2);
INSERT INTO `nft_tags` VALUES (71, 2);
INSERT INTO `nft_tags` VALUES (2, 3);
INSERT INTO `nft_tags` VALUES (3, 3);
INSERT INTO `nft_tags` VALUES (5, 3);
INSERT INTO `nft_tags` VALUES (6, 3);
INSERT INTO `nft_tags` VALUES (9, 3);
INSERT INTO `nft_tags` VALUES (21, 3);
INSERT INTO `nft_tags` VALUES (22, 3);
INSERT INTO `nft_tags` VALUES (24, 3);
INSERT INTO `nft_tags` VALUES (27, 3);
INSERT INTO `nft_tags` VALUES (28, 3);
INSERT INTO `nft_tags` VALUES (33, 3);
INSERT INTO `nft_tags` VALUES (34, 3);
INSERT INTO `nft_tags` VALUES (37, 3);
INSERT INTO `nft_tags` VALUES (38, 3);
INSERT INTO `nft_tags` VALUES (43, 3);
INSERT INTO `nft_tags` VALUES (54, 3);
INSERT INTO `nft_tags` VALUES (55, 3);
INSERT INTO `nft_tags` VALUES (56, 3);
INSERT INTO `nft_tags` VALUES (57, 3);
INSERT INTO `nft_tags` VALUES (58, 3);
INSERT INTO `nft_tags` VALUES (61, 3);
INSERT INTO `nft_tags` VALUES (62, 3);
INSERT INTO `nft_tags` VALUES (70, 3);
INSERT INTO `nft_tags` VALUES (1, 4);
INSERT INTO `nft_tags` VALUES (4, 4);
INSERT INTO `nft_tags` VALUES (11, 4);
INSERT INTO `nft_tags` VALUES (16, 4);
INSERT INTO `nft_tags` VALUES (25, 4);
INSERT INTO `nft_tags` VALUES (44, 4);
INSERT INTO `nft_tags` VALUES (45, 4);
INSERT INTO `nft_tags` VALUES (46, 4);
INSERT INTO `nft_tags` VALUES (47, 4);
INSERT INTO `nft_tags` VALUES (48, 4);
INSERT INTO `nft_tags` VALUES (49, 4);
INSERT INTO `nft_tags` VALUES (50, 4);
INSERT INTO `nft_tags` VALUES (51, 4);
INSERT INTO `nft_tags` VALUES (52, 4);
INSERT INTO `nft_tags` VALUES (53, 4);
INSERT INTO `nft_tags` VALUES (12, 5);
INSERT INTO `nft_tags` VALUES (13, 5);
INSERT INTO `nft_tags` VALUES (18, 5);
INSERT INTO `nft_tags` VALUES (23, 5);
INSERT INTO `nft_tags` VALUES (35, 5);
INSERT INTO `nft_tags` VALUES (36, 5);
INSERT INTO `nft_tags` VALUES (64, 5);
INSERT INTO `nft_tags` VALUES (65, 5);
INSERT INTO `nft_tags` VALUES (66, 5);
INSERT INTO `nft_tags` VALUES (67, 5);
INSERT INTO `nft_tags` VALUES (68, 5);
INSERT INTO `nft_tags` VALUES (69, 5);

-- ----------------------------
-- Table structure for nfts
-- ----------------------------
DROP TABLE IF EXISTS `nfts`;
CREATE TABLE `nfts`  (
  `id` int(11) NOT NULL AUTO_INCREMENT COMMENT '主键，唯一标识每个NFT',
  `name` varchar(255) CHARACTER SET utf8 COLLATE utf8_general_ci NOT NULL COMMENT 'NFT的名称',
  `description` text CHARACTER SET utf8 COLLATE utf8_general_ci NULL COMMENT 'NFT的描述',
  `image_url` varchar(512) CHARACTER SET utf8 COLLATE utf8_general_ci NULL DEFAULT NULL COMMENT 'NFT图片的URL',
  `token_id` varchar(255) CHARACTER SET utf8 COLLATE utf8_general_ci NOT NULL COMMENT 'NFT在链上中的唯一标识符',
  `created_at` timestamp(0) NOT NULL DEFAULT CURRENT_TIMESTAMP(0) COMMENT 'NFT创建的时间戳',
  `updated_at` timestamp(0) NOT NULL DEFAULT CURRENT_TIMESTAMP(0) ON UPDATE CURRENT_TIMESTAMP(0) COMMENT 'NFT信息最后更新的时间戳',
  `is_listed` tinyint(1) NULL DEFAULT 0 COMMENT '是否开启了寄售（布尔值）',
  `royalty_percentage` decimal(5, 2) NULL DEFAULT NULL COMMENT '创作者的版税百分比',
  `level_id` int(11) NULL DEFAULT NULL COMMENT '外键，指向NFT等级',
  PRIMARY KEY (`id`) USING BTREE,
  INDEX `fk_nft_level`(`level_id`) USING BTREE,
  CONSTRAINT `fk_nft_level` FOREIGN KEY (`level_id`) REFERENCES `nft_levels` (`id`) ON DELETE RESTRICT ON UPDATE RESTRICT
) ENGINE = InnoDB AUTO_INCREMENT = 72 CHARACTER SET = utf8 COLLATE = utf8_general_ci COMMENT = '存储NFT藏品信息的表' ROW_FORMAT = Compact;

-- ----------------------------
-- Records of nfts
-- ----------------------------
INSERT INTO `nfts` VALUES (1, '赛博加菲', '原宇宙时代神秘组织CyberMeta后勤小组，代号gayze，与Gama共同负责小队后勤补给，从她的身材体型便可得知，她是一位对美食有着无比执念的猫', 'assets/images/juf.jpg', '1', '2025-03-19 23:44:33', '2025-03-26 17:13:33', 0, 5.00, 3);
INSERT INTO `nfts` VALUES (2, '祖龙', '在古老传说中，天地之间曾有股神秘力量。忽闻九龙声啸，声震云霄，似唤醒了沉睡的时光。只见云雾翻腾，祖龙身披祥瑞，目光如炬，缓缓踏云而来', 'assets/images/zl.jpg', '2', '2025-03-19 23:44:33', '2025-03-26 17:15:41', 0, 5.00, 3);
INSERT INTO `nfts` VALUES (3, '至臻-金角大王', '金角大王，威严如山，宝光四溢，仙气缭绕。他居于莲花洞，手握紫金红葫芦，法力无边，傲视群妖，却终难逃命运的捉弄，令人叹惋。', 'assets/images/io.jpg', '3', '2025-03-19 23:44:33', '2025-04-04 19:01:02', 0, 5.00, 3);
INSERT INTO `nfts` VALUES (4, '赛博头盔', '赛博头盔，光影流转，金属与未来交织。它如星辰之冠，覆于眉宇，开启虚拟与现实的梦幻之门，让灵魂穿梭于无垠的数字宇宙。', 'assets/images/sb1.jpg', '4', '2025-03-21 01:21:26', '2025-03-26 17:17:34', 0, 5.00, 2);
INSERT INTO `nfts` VALUES (5, '新春礼盒', '新春礼盒，红绸裹金，福字映喜。打开瞬间，年味扑面而来，每一物都藏着暖意与祝福，是岁末的温柔馈赠，开启团圆与希望的序章。', 'assets/images/xclh.jpg', '5', '2025-03-21 01:22:22', '2025-03-26 17:17:51', 0, 5.00, 3);
INSERT INTO `nfts` VALUES (6, '喜糖熊猫', '\r\n喜糖熊猫，圆滚滚的萌态，黑白分明的毛色，仿佛从童话中走来。它怀抱着甜蜜的喜糖，传递着幸福的信号，是婚礼上最可爱的使者，见证每一场爱的盛宴。', 'assets/images/xtxm.jpg', '6', '2025-03-21 01:22:55', '2025-03-26 17:18:10', 0, 5.00, 2);
INSERT INTO `nfts` VALUES (7, '山海-混沌', '山海之间，混沌初开，云雾缭绕，神秘莫测。古老的山川与无尽的海洋交融，似有神灵低语，诉说着天地初生的奥秘，每一寸空气都弥漫着创世的魔力。', 'assets/images/hd.jpg', '7', '2025-03-21 01:23:29', '2025-03-26 17:18:36', 0, 5.00, 3);
INSERT INTO `nfts` VALUES (8, '发财猫', '发财猫，灵动俏皮，招财手轻挥，似拂过春风。一身锦毛，眼眸似星，萌态可掬间，满是福气与吉祥，为人间添一抹富足的暖意。', 'assets/images/cat1.jpg', '8', '2025-03-21 01:23:56', '2025-03-26 17:18:58', 0, 5.00, 3);
INSERT INTO `nfts` VALUES (9, '功夫猫', '功夫猫，身姿矫健，矫若惊龙。拳风带风，眼神凌厉，一招一式尽显侠骨柔情。它穿梭于江湖，以猫之灵动，舞动武学传奇，守护着岁月的宁静。', 'assets/images/gfm.jpg', '9', '2025-03-21 01:24:25', '2025-03-26 17:19:34', 0, 5.00, 1);
INSERT INTO `nfts` VALUES (10, '狰', '在《山海经》中，狰是章莪山上的奇兽，形如赤豹，五尾一角，声如击石，威严而神秘。它曾是凶兽，后被烛龙收服，终成瑞兽，象征驱邪避凶', 'assets/images/z.jpg', '10', '2025-03-21 01:24:52', '2025-03-26 17:19:51', 0, 5.00, 3);
INSERT INTO `nfts` VALUES (11, '赛博猴', '赛博猴，灵动的身躯闪烁着未来之光，金属与生物的完美融合。它穿梭于霓虹闪烁的都市，眼中倒映着星辰与代码，是科技与自然的奇妙使者。', 'assets/images/hz.jpg', '11', '2025-03-21 01:25:22', '2025-03-26 17:20:08', 0, 5.00, 2);
INSERT INTO `nfts` VALUES (12, '曹操', '\r\n曹操，乱世之枭雄，豪情万丈，抱负如山。他横槊赋诗，壮志凌云；挥毫泼墨，气吞山河。一生戎马倥偬，却在历史长河中留下不朽的传奇与悲壮。', 'assets/images/cc.jpg', '12', '2025-03-21 01:25:36', '2025-03-26 17:20:27', 0, 5.00, 3);
INSERT INTO `nfts` VALUES (13, '水墨妖龙', '水墨妖龙，于宣纸上腾跃，墨色晕染间，龙身若隐若现，灵动而神秘。它穿梭于山水之间，带着古韵与仙气，仿佛从远古而来，诉说着岁月的悠长。', 'assets/images/yl.jpg', '13', '2025-03-21 01:25:56', '2025-03-26 17:20:44', 0, 5.00, 2);
INSERT INTO `nfts` VALUES (14, '紧箍咒', '紧箍咒，金光闪耀，法力无边。它束缚着悟空的顽劣，也守护着取经路上的信念。每一念，皆是修行，每一痛，皆是成长。', 'assets/images/jgz.jpg', '14', '2025-03-21 01:26:13', '2025-03-26 17:21:15', 0, 5.00, 3);
INSERT INTO `nfts` VALUES (15, '皮影蛇', '皮影蛇，光影中灵动蜿蜒，剪影如梦似幻。它在幕布后舞动，轻灵又神秘，仿佛诉说着古老的故事，穿梭于虚实之间，演绎着岁月的悠长。', 'assets/images/snake1.jpg', '15', '2025-03-21 01:26:39', '2025-03-26 17:21:17', 0, 5.00, 3);
INSERT INTO `nfts` VALUES (16, '赛博斯芬克斯', '赛博斯芬克斯，机械与神秘交织，狮身人面，眼眸如星辰闪烁。它立于数字废墟之上，低语着古老的谜题，守护着未来的秘密。', 'assets/images/sfks.jpg', '16', '2025-03-21 01:26:58', '2025-03-26 17:22:11', 0, 5.00, 3);
INSERT INTO `nfts` VALUES (17, '暴富橘', '暴富橘，圆滚滚的身躯裹着锦缎般的橙毛，慵懒地打着哈欠。它眼神里透着一股“生人勿近”的傲娇，仿佛下一秒就要开启它的“财富密码”，在阳光下打着滚儿，把好运撒一地。', 'assets/images/jz.jpg', '17', '2025-03-21 01:27:28', '2025-03-26 17:22:17', 0, 5.00, 2);
INSERT INTO `nfts` VALUES (18, '吕蒙', '吕蒙，字子明，东汉末年名将，汝南富陂（今安徽阜南东南）人。他出身贫苦，少年时依附姐夫邓当，随孙策为将。吕蒙以胆气著称，屡立战功，从别部司马逐步晋升为虎威将军、南郡太守。', 'assets/images/sg1.jpg', '18', '2025-03-21 01:27:59', '2025-03-26 17:23:13', 0, 5.00, 1);
INSERT INTO `nfts` VALUES (19, '财神到', '财神到，福瑞盈门，金光闪耀。他手持聚宝盆，踏祥云而来，洒下满地铜钱，带来好运与富足，笑语盈盈，开启岁岁平安。', 'assets/images/q1.jpg', '19', '2025-03-21 01:28:20', '2025-03-26 17:23:35', 0, 5.00, 3);
INSERT INTO `nfts` VALUES (20, '喜糖', '喜糖，甜蜜的信使，裹着红纸，藏着幸福。它在指尖跳跃，化作心底的暖流，传递着爱的讯息，见证每一场浪漫的永恒。', 'assets/images/xt.jpg', '20', '2025-03-21 01:28:38', '2025-03-26 17:23:58', 0, 5.00, 1);
INSERT INTO `nfts` VALUES (21, '帝游', '帝游，或可指帝王之巡游，亦有游戏之意。若为游戏，如帝游斗地主，是集经典与创新玩法于一体的棋牌手游，玩家可随时随地畅享斗地主的乐趣。', 'assets/images/a1.jpg', '21', '2025-03-21 01:29:13', '2025-03-26 17:24:20', 0, 5.00, 3);
INSERT INTO `nfts` VALUES (22, '独面', '独面，或许可理解为独自面对一切，如勇士般独立于世，无畏前行，以一己之力撑起一片天地。', 'assets/images/a2.jpg', '22', '2025-03-21 01:29:37', '2025-03-26 17:24:41', 0, 5.00, 2);
INSERT INTO `nfts` VALUES (23, '陆逊', '陆逊，字伯言，三国东吴名将，出身江东大族，智谋卓越。他火烧连营破刘备，石亭之战败曹休，一生出将入相，被赞为“社稷之臣”。', 'assets/images/lx.jpg', '23', '2025-03-21 01:29:54', '2025-03-26 17:25:04', 0, 5.00, 3);
INSERT INTO `nfts` VALUES (24, '飞天足球', '飞天足球，可指一种极具创意与科技感的足球运动形式。在某些比赛中，选手通过操控无人机踢球，足球在空中飞舞，展现出独特的“飞天”效果。此外，它也可能是某些游戏或电影中的奇幻元素，象征着超越常规的想象力。', 'assets/images/zq1.jpg', '24', '2025-03-21 01:30:26', '2025-03-26 17:25:48', 0, 5.00, 1);
INSERT INTO `nfts` VALUES (25, '赛博龙', '赛博龙，鳞甲闪烁着冷冽光芒，机械与血肉交织。它振翅于霓虹夜空，眼中映着未来城市的璀璨，仿佛从科幻梦境中走来，带着未知与神秘。', 'assets/images/sbl.jpg', '25', '2025-03-21 01:30:48', '2025-03-26 17:25:58', 0, 5.00, 3);
INSERT INTO `nfts` VALUES (26, '紫金葫芦', '紫金葫芦，紫金相映，神秘而高贵。它源自混沌初分时的仙藤，被太上老君炼化，能吸纳万物，象征着天地灵气与无尽福运。', 'assets/images/hl.jpg', '26', '2025-03-21 01:31:07', '2025-03-26 17:26:21', 0, 5.00, 1);
INSERT INTO `nfts` VALUES (27, '沉香救母', '沉香救母，眉眼温柔，似水中月，静谧而深情。她于岁月深处轻声细语，用爱为沉香撑起一片温暖的天，是心底永不褪色的温柔港湾。', 'assets/images/saveMom.jpg', '27', '2025-03-21 01:33:31', '2025-03-26 17:27:01', 0, 5.00, 2);
INSERT INTO `nfts` VALUES (28, '暴富有道', '“暴富有道”，仿佛是一场命运的馈赠，带着天意的眷顾与努力的痕迹。它不是一夜暴富的侥幸，而是厚积薄发的必然，是智慧与汗水在时光深处开出的财富之花，闪耀着拼搏的光芒，诉说着耕耘与收获的故事。', 'assets/images/bfyd.jpg', '28', '2025-03-21 01:41:14', '2025-03-26 17:27:48', 0, 5.00, 3);
INSERT INTO `nfts` VALUES (29, '暴富水', '暴富水，名中带着豪气，却流淌着温润。它从深山幽谷中奔涌而出，带着山林的翠绿与野花的清香，仿佛是大自然的馈赠，藏着无尽的宝藏与福泽。', 'assets/images/bf.jpg', '29', '2025-03-21 01:41:15', '2025-03-26 17:28:03', 0, 5.00, 1);
INSERT INTO `nfts` VALUES (30, '赤脚大仙', '赤脚大仙，仙风道骨，踏云而来。他赤足轻点，步步生莲，衣袂飘飘，似从仙界漫步而下，洒脱不羁，尽显自在逍遥之姿。', 'assets/images/cjdx.jpg', '30', '2025-03-21 01:41:16', '2025-03-26 17:28:28', 0, 5.00, 3);
INSERT INTO `nfts` VALUES (31, '五路财神', '五路财神，各司其职，汇聚四方福运。中路赵公明威严持鞭，东路比干智慧公正，西路关羽义薄云天，南路柴荣慷慨解囊，北路王亥开拓创新。他们象征着财富的多元与均衡，是人们对富足生活的美好祈愿。', 'assets/images/cs.jpg', '31', '2025-03-21 01:41:17', '2025-03-26 17:28:57', 0, 5.00, 3);
INSERT INTO `nfts` VALUES (32, '蚩尤', '蚩尤，铜头铁额，三头六臂，背生双翅，勇猛无畏。他是九黎部落的首领，象征着原始的力量与不屈的斗志。在涿鹿之战中，他与黄帝展开激烈对抗，虽败犹荣，被尊为“兵主”，成为战争与勇气的化身。', 'assets/images/cy.jpg', '32', '2025-03-21 01:41:18', '2025-03-26 17:29:22', 0, 5.00, 3);
INSERT INTO `nfts` VALUES (33, '大镖客', '大镖客，身披风尘，行走在荒野之中。他面容坚毅，眼神中藏着过往的沧桑与不羁，仿佛每一步都踏着岁月的回响，于枪林弹雨间书写着属于自己的传奇。', 'assets/images/dbk.jpg', '33', '2025-03-21 01:41:19', '2025-03-26 17:32:17', 0, 5.00, 1);
INSERT INTO `nfts` VALUES (34, '四只鼬', '四只鼬，灵动矫健，穿梭于林间，似暗夜中的精灵。它们眼神灵动，身影轻盈，彼此间默契十足，如同岁月里并肩的伙伴，守护着彼此的秘密与自由。', 'assets/images/dd.jpg', '34', '2025-03-21 01:41:19', '2025-03-26 17:32:41', 0, 5.00, 1);
INSERT INTO `nfts` VALUES (35, '甘宁', '甘宁，字兴霸，巴郡临江（今重庆忠县）人。他少时游侠，曾为“锦帆贼”，后投孙权，成为东吴名将。他勇猛无畏，豪爽豁达，战功赫赫，是三国时代有名的“斗将”。', 'assets/images/dsf.jpg', '35', '2025-03-21 01:41:20', '2025-03-26 17:33:07', 0, 5.00, 3);
INSERT INTO `nfts` VALUES (36, '关胜', '关胜，面如重枣，凤眼朝天，手持青龙偃月刀，威风凛凛。他文武双全，义气凛然，谦虚谨慎，却也略显愚忠。作为梁山马军五虎将之首，他义薄云天，为兄弟两肋插刀。', 'assets/images/dw.jpg', '36', '2025-03-21 01:41:20', '2025-03-26 17:33:32', 0, 5.00, 2);
INSERT INTO `nfts` VALUES (37, '含笑春', '含笑春，如少女含羞，花瓣微张，似玉人浅笑，带着春日的温柔与芬芳，静静绽放，仿若春日里最温柔的诗。', 'assets/images/dw1.jpg', '37', '2025-03-21 01:41:21', '2025-03-26 17:33:33', 0, 5.00, 2);
INSERT INTO `nfts` VALUES (38, '花窗女神', '\r\n花窗女神，倚靠在雕花窗棂边，阳光透过窗格洒在她身上，光影斑驳。她眼神温柔，似有星辰闪烁，静静守护着岁月的宁静与美好，宛如时光深处的静谧诗篇。', 'assets/images/dwa.jpg', '38', '2025-03-21 01:41:22', '2025-03-26 17:34:06', 0, 5.00, 2);
INSERT INTO `nfts` VALUES (39, '日进斗金', '日进斗金，金光闪耀，福运环绕。它似一抹暖阳，洒下无尽财富，让每一步都踏在富足之上，开启岁月的繁花似锦。', 'assets/images/emn.jpg', '39', '2025-03-21 01:41:22', '2025-03-26 17:34:19', 0, 5.00, 3);
INSERT INTO `nfts` VALUES (40, '天降金币', '天降金币，金光洒落，如梦似幻。金币如雨，纷扬而下，带着天赐的福泽，为人间铺就一条金色的希望之路。', 'assets/images/eqw.jpg', '40', '2025-03-21 01:41:23', '2025-03-26 17:34:39', 0, 5.00, 1);
INSERT INTO `nfts` VALUES (41, '玉麒麟', '玉麒麟，灵动矫健，身姿如玉，温润而庄严。它踏云而来，眼神清澈，似守护着古老的祥瑞，为世间带来安宁与祥和。', 'assets/images/erg.jpg', '', '2025-03-21 01:47:30', '2025-03-26 17:34:56', 0, 5.00, 2);
INSERT INTO `nfts` VALUES (42, '新春雪地兔', '新春雪地兔，毛茸茸的身躯，似一团雪球，灵动又可爱。它在雪地里跳跃，留下串串小脚印，仿佛是新春的使者，带来冬日的温暖与欢乐。', 'assets/images/etr.jpg', '', '2025-03-21 01:47:31', '2025-03-26 17:34:57', 0, 5.00, 1);
INSERT INTO `nfts` VALUES (43, '国宝尊', '国宝尊，铜光闪耀，铭文镌刻着古老岁月的密语。它承载着历史的厚重，从远古走来，诉说着华夏文明的辉煌。', 'assets/images/gb.jpg', '', '2025-03-21 01:47:32', '2025-03-26 17:35:37', 0, 5.00, 2);
INSERT INTO `nfts` VALUES (44, '赛博美短', '赛博美短，灵动矫健，眼神中闪烁着未来之光。它穿梭于霓虹闪烁的都市，仿佛是科技与自然的完美融合，灵动又神秘。', 'assets/images/gla.jpg', '', '2025-03-21 01:51:37', '2025-03-26 17:36:07', 0, 5.00, 3);
INSERT INTO `nfts` VALUES (45, '赛博柴犬', '赛博柴犬，身披机械战甲，眼神灵动而锐利，仿佛未来世界的守护者。它穿梭于霓虹闪烁的都市，既有柴犬的灵动与忠诚，又添赛博的科技感与神秘。', 'assets/images/jyt.jpg', '', '2025-03-21 01:52:06', '2025-03-26 17:36:37', 0, 5.00, 3);
INSERT INTO `nfts` VALUES (46, '赛博牛', '赛博牛，钢铁之躯，机械与力量的完美融合。它在霓虹的映照下，眼神坚定，仿佛守护着未来的田野，是科技与自然的奇妙交响。', 'assets/images/l1.jpg', '', '2025-03-21 01:52:08', '2025-03-26 17:36:52', 0, 5.00, 2);
INSERT INTO `nfts` VALUES (47, '赛博哥斯拉', '赛博哥斯拉，巨影横空，机械与野性的终极融合。它踏碎霓虹，怒吼震天，鳞甲闪烁着冷冽光芒，是毁灭与重生的化身，震撼着未来都市的每一个角落。', 'assets/images/oim.jpg', '', '2025-03-21 01:52:09', '2025-03-26 17:36:52', 0, 5.00, 3);
INSERT INTO `nfts` VALUES (48, '赛博鼠', '赛博鼠，小巧灵动，身披金属光泽的外衣。它穿梭于光影交错的都市角落，眼神机敏，仿佛未来世界的精灵，带着一丝俏皮与神秘。', 'assets/images/rew.jpg', '', '2025-03-21 01:52:10', '2025-03-26 17:37:23', 0, 5.00, 1);
INSERT INTO `nfts` VALUES (49, '赛博狗', '赛博狗，机械与忠诚的完美融合，钢铁身躯下藏着温暖的灵魂。它在霓虹闪烁的街头奔跑，眼神坚定而温柔，守护着未来的每一个角落。', 'assets/images/sbg.jpg', '', '2025-03-21 01:54:22', '2025-03-26 17:37:37', 0, 5.00, 3);
INSERT INTO `nfts` VALUES (50, '赛博虎', '赛博虎，威风凛凛，机械与野性的霸气交织。它在光影交错的荒野中咆哮，眼神如电，利爪似刃，尽显王者风范，震撼着未来的大地。', 'assets/images/sbh.jpg', '', '2025-03-21 01:54:34', '2025-03-26 17:37:39', 0, 5.00, 3);
INSERT INTO `nfts` VALUES (51, '赛博龙-2025', '赛博龙，威风凛凛，机械与野性的霸气交织。它在光影交错的荒野中咆哮，眼神如电，利爪似刃，尽显王者风范，震撼着未来的大地。', 'assets/images/sbl.jpg', '', '2025-03-21 01:54:52', '2025-03-26 17:41:12', 0, 5.00, 3);
INSERT INTO `nfts` VALUES (52, '赛博蛇', '赛博蛇，身姿灵动，鳞片闪烁着金属光泽。它在光影交错的暗巷中蜿蜒前行，眼神幽深而神秘，仿佛是未来世界的隐秘守护者。', 'assets/images/sbs.jpg', '', '2025-03-21 01:54:57', '2025-03-26 17:38:30', 0, 5.00, 1);
INSERT INTO `nfts` VALUES (53, 'CyperGril', '\r\nCyperGril，未来之花，机械与柔美的绝美邂逅。她眼神冷冽，身姿灵动，穿梭于霓虹都市，带着赛博的锋芒与少女的温柔，定义着未来的潮流与力量。', 'assets/images/te.jpg', '', '2025-03-21 01:55:37', '2025-03-26 17:38:44', 0, 5.00, 2);
INSERT INTO `nfts` VALUES (54, '神王宙斯', '神王宙斯，雷霆万钧，威严无匹。他高踞奥林匹斯之巅，手持闪电，眼神如星辰般璀璨，俯瞰世间万物，是众神之父，掌管着天地与命运的至高主宰。', 'assets/images/yuk.jpg', '', '2025-03-21 01:55:58', '2025-03-26 17:39:13', 0, 5.00, 3);
INSERT INTO `nfts` VALUES (55, '足球宝贝', '足球宝贝，灵动跃动，如球场上的精灵。她们身姿轻盈，笑容灿烂，为绿茵场增添一抹亮色，是激情与活力的化身，绽放着青春的光彩。', 'assets/images/zqbb.jpg', '', '2025-03-21 01:56:13', '2025-03-26 17:39:26', 0, 5.00, 3);
INSERT INTO `nfts` VALUES (56, '面对我', '面对我，是勇敢的凝视，是灵魂的触碰。在这无声的对望里，藏着千言万语，藏着心底最深的秘密，藏着彼此的故事。', 'assets/images/zds.jpg', '', '2025-03-21 01:56:35', '2025-03-26 17:39:41', 0, 5.00, 2);
INSERT INTO `nfts` VALUES (57, 'I am sorry', '“I am sorry”，轻声呢喃，似风中落叶，带着无尽的温柔与歉意，抚慰着岁月的伤痕，是心底最柔软的忏悔。', 'assets/images/sorry.jpg', '', '2025-03-21 01:56:56', '2025-03-26 17:39:59', 0, 5.00, 2);
INSERT INTO `nfts` VALUES (58, '胜小希', '胜小希，灵动如星，眼眸藏着无尽的灵动与好奇。她穿梭于时空的缝隙，带着勇敢与纯真，用微笑点亮每一个角落，是梦想与希望的使者。', 'assets/images/xx.jpg', '', '2025-03-21 01:57:08', '2025-03-26 17:40:00', 0, 5.00, 1);
INSERT INTO `nfts` VALUES (59, '闷声发大财', '闷声发大财，于无声处积攒力量，似深海中的暗流，悄然涌动，不张扬却深不可测，于岁月静好中收获满满。', 'assets/images/sw.jpg', '', '2025-03-21 01:57:24', '2025-03-26 17:40:21', 0, 5.00, 3);
INSERT INTO `nfts` VALUES (60, '出入平安', '出入平安，四个字，暖如春阳。它是一句轻声的祈愿，是一路的守护，是归途的灯火，伴你走过山川湖海，归来仍是少年。', 'assets/images/sw2.jpg', '', '2025-03-21 01:58:08', '2025-03-26 17:41:07', 0, 5.00, 2);
INSERT INTO `nfts` VALUES (61, '回望春', '回望春，是时光深处的轻叹，是繁花落尽后的温柔。它带着初绽的绿意与未散的芬芳，静静停留在记忆的角落，成为心底最柔软的眷恋。', 'assets/images/rty.jpg', '', '2025-03-21 01:58:25', '2025-03-26 17:41:56', 0, 5.00, 3);
INSERT INTO `nfts` VALUES (62, '一见有喜', '一见有喜，是命运的温柔馈赠，是初见时眼中的星光与心底的悸动，是命中注定的美好开端，藏着无尽的欢喜与期待。', 'assets/images/qzd.jpg', '', '2025-03-21 01:58:56', '2025-03-26 17:41:58', 0, 5.00, 2);
INSERT INTO `nfts` VALUES (63, '精卫', '精卫，是古老传说中那不屈的精灵。她化作一只小鸟，日复一日，衔石填海，用渺小的身躯对抗浩瀚的海洋，执着而坚韧，传递着永不言弃的信念。', 'assets/images/jw.jpg', '', '2025-03-27 16:39:28', '2025-03-27 16:40:10', 0, 5.00, 3);
INSERT INTO `nfts` VALUES (64, '司马懿', '司马懿，乱世中的一抹深邃阴影。他智谋如渊，沉稳似山，于权谋的棋局中步步为营，冷眼观风云变幻，以无尽的耐心和谋略，书写着三国的传奇篇章。', 'assets/images/op.jpg', '', '2025-03-27 16:44:52', '2025-03-27 16:45:20', 0, 5.00, 2);
INSERT INTO `nfts` VALUES (65, '刘备', '刘备，仁德之主，怀壮志于乱世。他以宽厚仁义聚人心，携桃园之义，逐天下之志。虽屡遭挫折，仍不改初心，于烽火中坚守着兴复汉室的宏愿，令人敬仰。', 'assets/images/lb.jpg', '', '2025-03-27 16:46:31', '2025-03-27 16:50:51', 0, 5.00, 3);
INSERT INTO `nfts` VALUES (66, '黄盖', '黄盖，字公覆，东汉末年孙吴名将，忠勇双全，智谋卓越。他一生辅佐孙坚、孙策、孙权三代君主，屡立战功。赤壁之战中，他献苦肉计，火烧曹军，为东吴奠定胜局。他姿貌严毅，善于治军，深受士兵爱戴。', 'assets/images/rtg.jpg', '', '2025-03-27 16:47:30', '2025-03-27 16:50:46', 0, 5.00, 2);
INSERT INTO `nfts` VALUES (67, '太史慈', '太史慈，字子义，东汉末年名将，弓马娴熟，箭法超群。他忠义诚信，为报孔融之恩，孤身突围搬来救兵。与孙策交战时，两人互有胜负，最终被孙策收服，成为东吴猛将，助其平定江东。他一生驰骋疆场，战功赫赫，是三国乱世中一位令人敬佩的英雄。', 'assets/images/sg2.jpg', '', '2025-03-27 16:49:05', '2025-03-27 16:51:02', 0, 5.00, 3);
INSERT INTO `nfts` VALUES (68, '张飞', '张飞，豪迈如烈火，勇猛似雷霆。长坂坡一声吼，喝退曹军，威震八方。他义薄云天，与刘备、关羽结义，共赴乱世风云，虽性如烈火，却也忠肝义胆，是三国中一位热血男儿。', 'assets/images/zf.jpg', '', '2025-03-27 16:49:56', '2025-03-27 16:50:54', 0, 5.00, 2);
INSERT INTO `nfts` VALUES (69, '赵云', '赵云，白马银枪，英姿飒爽，如玉树临风。长坂坡七进七出，救主于危难，单骑护幼主，忠勇无双。他一生为汉室鞠躬尽瘁，是三国乱世中的一抹侠义之光，令人敬仰。', 'assets/images/zy.jpg', '', '2025-03-27 16:51:24', '2025-03-27 16:51:57', 0, 5.00, 2);
INSERT INTO `nfts` VALUES (70, '大红幺幺', '瓶子中装有红色的药水，到底是用来干什么的呢？', 'assets/images/hpz.jpg', '', '2025-05-07 17:07:55', '2025-06-11 15:03:38', 1, 5.00, 2);
INSERT INTO `nfts` VALUES (71, '初雪', '初雪，身着蓝色长袍，披着毛领，手持酒壶，背景如雪景般纯净。', 'assets/images/nja.jpg', '', '2025-05-07 17:08:48', '2025-06-11 15:03:40', 1, 5.00, 2);

-- ----------------------------
-- Table structure for official_orders
-- ----------------------------
DROP TABLE IF EXISTS `official_orders`;
CREATE TABLE `official_orders`  (
  `id` int(11) NOT NULL AUTO_INCREMENT,
  `order_id` varchar(50) CHARACTER SET utf8mb4 COLLATE utf8mb4_general_ci NOT NULL COMMENT '订单编号，用于标识同一批次的批量购买',
  `nft_id` int(11) NOT NULL COMMENT 'NFT ID',
  `user_address` varchar(42) CHARACTER SET utf8mb4 COLLATE utf8mb4_general_ci NOT NULL COMMENT '用户钱包地址',
  `quantity` int(11) NOT NULL DEFAULT 1 COMMENT '购买数量',
  `price` decimal(18, 6) NOT NULL COMMENT '单价',
  `status` varchar(20) CHARACTER SET utf8mb4 COLLATE utf8mb4_general_ci NOT NULL DEFAULT 'pending' COMMENT '订单状态: pending/locked/completed/canceled',
  `lock_expiry` timestamp(0) NULL DEFAULT NULL COMMENT '锁定过期时间',
  `created_at` timestamp(0) NOT NULL DEFAULT CURRENT_TIMESTAMP(0),
  `transaction_hash` varchar(66) CHARACTER SET utf8mb4 COLLATE utf8mb4_general_ci NULL DEFAULT NULL COMMENT '交易哈希',
  PRIMARY KEY (`id`) USING BTREE
) ENGINE = InnoDB AUTO_INCREMENT = 32 CHARACTER SET = utf8mb4 COLLATE = utf8mb4_general_ci ROW_FORMAT = Compact;

-- ----------------------------
-- Records of official_orders
-- ----------------------------
INSERT INTO `official_orders` VALUES (12, 'ORD17496126538822932', 70, '0x00000000000000000000000000000000260D4DE4', 1, 29.900000, 'completed', '2025-06-11 11:33:54', '2025-06-11 11:30:53', NULL);
INSERT INTO `official_orders` VALUES (13, 'ORD17496139743639987', 71, '0x00000000000000000000000000000000260D4DE4', 5, 19.900000, 'completed', '2025-06-11 11:55:54', '2025-06-11 11:52:54', NULL);
INSERT INTO `official_orders` VALUES (14, 'ORD17496141299467061', 70, '0x00000000000000000000000000000000260D4DE4', 2, 29.900000, 'completed', '2025-06-11 11:58:30', '2025-06-11 11:55:29', NULL);
INSERT INTO `official_orders` VALUES (15, 'ORD17496259174027674', 70, '0x00000000000000000000000000000000260D4DE4', 1, 29.900000, 'completed', '2025-06-11 15:14:57', '2025-06-11 15:11:57', NULL);
INSERT INTO `official_orders` VALUES (16, 'ORD17502979826238694', 71, '0x00000000000000000000000000000000260D4DE4', 4, 19.900000, 'completed', '2025-06-19 09:56:03', '2025-06-19 09:53:02', NULL);
INSERT INTO `official_orders` VALUES (17, 'ORD17502981328695582', 71, '0x00000000000000000000000000000000260D4DE4', 1, 19.900000, 'completed', '2025-06-19 09:58:33', '2025-06-19 09:55:32', NULL);
INSERT INTO `official_orders` VALUES (18, 'ORD17502987373879881', 71, '0x00000000000000000000000000000000260D4DE4', 1, 19.900000, 'completed', '2025-06-19 10:08:37', '2025-06-19 10:05:37', NULL);
INSERT INTO `official_orders` VALUES (19, 'ORD17502988786412290', 71, '0x00000000000000000000000000000000260D4DE4', 1, 19.900000, 'completed', '2025-06-19 10:10:59', '2025-06-19 10:07:58', NULL);
INSERT INTO `official_orders` VALUES (20, 'ORD17502989361306633', 71, '0x00000000000000000000000000000000260D4DE4', 1, 19.900000, 'completed', '2025-06-19 10:11:56', '2025-06-19 10:08:56', NULL);
INSERT INTO `official_orders` VALUES (21, 'ORD17502994057897423', 71, '0x00000000000000000000000000000000260D4DE4', 2, 19.900000, 'completed', '2025-06-19 10:19:46', '2025-06-19 10:16:45', NULL);
INSERT INTO `official_orders` VALUES (22, 'ORD17503005344808131', 71, '0x00000000000000000000000000000000260D4DE4', 1, 19.900000, 'completed', '2025-06-19 10:38:34', '2025-06-19 10:35:34', NULL);
INSERT INTO `official_orders` VALUES (23, 'ORD17503005743594721', 71, '0x00000000000000000000000000000000260D4DE4', 1, 19.900000, 'canceled', '2025-06-19 10:39:14', '2025-06-19 10:36:14', NULL);
INSERT INTO `official_orders` VALUES (24, 'ORD17503011566401353', 71, '0x00000000000000000000000000000000260D4DE4', 1, 19.900000, 'canceled', '2025-06-19 10:48:57', '2025-06-19 10:45:56', NULL);
INSERT INTO `official_orders` VALUES (25, 'ORD17503011589315489', 71, '0x00000000000000000000000000000000260D4DE4', 1, 19.900000, 'canceled', '2025-06-19 10:48:59', '2025-06-19 10:45:58', NULL);
INSERT INTO `official_orders` VALUES (26, 'ORD17503011703279400', 71, '0x00000000000000000000000000000000260D4DE4', 1, 19.900000, 'canceled', '2025-06-19 10:49:10', '2025-06-19 10:46:10', NULL);
INSERT INTO `official_orders` VALUES (27, 'ORD17503011887662274', 71, '0x00000000000000000000000000000000260D4DE4', 1, 19.900000, 'canceled', '2025-06-19 10:49:29', '2025-06-19 10:46:28', NULL);
INSERT INTO `official_orders` VALUES (28, 'ORD17503011919066397', 71, '0x00000000000000000000000000000000260D4DE4', 1, 19.900000, 'canceled', '2025-06-19 10:49:32', '2025-06-19 10:46:31', NULL);
INSERT INTO `official_orders` VALUES (29, 'ORD17503012913147875', 71, '0x00000000000000000000000000000000260D4DE4', 1, 19.900000, 'completed', '2025-06-19 10:51:11', '2025-06-19 10:48:11', NULL);
INSERT INTO `official_orders` VALUES (30, 'ORD17503013677663615', 71, '0x00000000000000000000000000000000260D4DE4', 1, 19.900000, 'canceled', '2025-06-19 10:52:28', '2025-06-19 10:49:27', NULL);
INSERT INTO `official_orders` VALUES (31, 'ORD17526058612953824', 70, '0x00000000000000000000000000000000260D4DE4', 5, 29.900000, 'completed', '2025-07-16 03:00:41', '2025-07-16 02:57:41', NULL);

-- ----------------------------
-- Table structure for official_sales
-- ----------------------------
DROP TABLE IF EXISTS `official_sales`;
CREATE TABLE `official_sales`  (
  `id` int(11) NOT NULL AUTO_INCREMENT COMMENT '主键，唯一标识每个官方销售记录',
  `nft_id` int(11) NOT NULL COMMENT '外键，指向NFT',
  `price` decimal(18, 2) NOT NULL COMMENT '官方销售价格',
  `currency` varchar(10) CHARACTER SET utf8 COLLATE utf8_general_ci NOT NULL COMMENT '价格的货币类型（如ETH、USD等）',
  `start_time` timestamp(0) NOT NULL DEFAULT CURRENT_TIMESTAMP(0) ON UPDATE CURRENT_TIMESTAMP(0) COMMENT '销售开始时间',
  `end_time` timestamp(0) NOT NULL DEFAULT '0000-00-00 00:00:00' COMMENT '销售结束时间',
  `created_at` timestamp(0) NOT NULL DEFAULT CURRENT_TIMESTAMP(0) COMMENT '销售记录创建的时间戳',
  `updated_at` timestamp(0) NOT NULL DEFAULT CURRENT_TIMESTAMP(0) ON UPDATE CURRENT_TIMESTAMP(0) COMMENT '销售记录最后更新的时间戳',
  `circulate_count` int(11) NOT NULL COMMENT '流通份数，也就是官方卖出去的份数',
  `issue_count` int(11) NOT NULL COMMENT '发行份数',
  PRIMARY KEY (`id`) USING BTREE,
  INDEX `nft_id`(`nft_id`) USING BTREE,
  CONSTRAINT `official_sales_ibfk_1` FOREIGN KEY (`nft_id`) REFERENCES `nfts` (`id`) ON DELETE RESTRICT ON UPDATE RESTRICT
) ENGINE = InnoDB AUTO_INCREMENT = 72 CHARACTER SET = utf8 COLLATE = utf8_general_ci COMMENT = '存储官方销售信息的表' ROW_FORMAT = Compact;

-- ----------------------------
-- Records of official_sales
-- ----------------------------
INSERT INTO `official_sales` VALUES (1, 1, 9.90, 'CNY', '2025-05-07 17:12:01', '2025-05-07 17:12:01', '2025-03-20 00:57:51', '2025-05-07 17:12:01', 1287, 1288);
INSERT INTO `official_sales` VALUES (2, 2, 19.90, 'CNY', '2025-05-07 17:12:01', '2025-05-07 17:12:01', '2025-03-20 00:58:10', '2025-05-07 17:12:01', 885, 888);
INSERT INTO `official_sales` VALUES (3, 3, 9.90, 'CNY', '2025-05-07 17:12:01', '2025-05-07 17:12:01', '2025-03-20 00:58:24', '2025-05-07 17:12:01', 821, 821);
INSERT INTO `official_sales` VALUES (4, 4, 9.90, 'CNY', '2025-05-07 17:12:01', '2025-05-07 17:12:01', '2025-03-21 03:02:38', '2025-05-07 17:12:01', 8143, 9000);
INSERT INTO `official_sales` VALUES (5, 5, 9.90, 'CNY', '2025-05-07 17:12:01', '2025-05-07 17:12:01', '2025-03-21 03:02:38', '2025-05-07 17:12:01', 8733, 10000);
INSERT INTO `official_sales` VALUES (6, 6, 9.90, 'CNY', '2025-05-07 17:12:01', '2025-05-07 17:12:01', '2025-03-21 03:02:38', '2025-05-07 17:12:01', 3953, 8888);
INSERT INTO `official_sales` VALUES (7, 7, 9.90, 'CNY', '2025-05-07 17:12:01', '2025-05-07 17:12:01', '2025-03-21 03:02:38', '2025-05-07 17:12:01', 8600, 9000);
INSERT INTO `official_sales` VALUES (8, 8, 9.90, 'CNY', '2025-05-07 17:12:01', '2025-05-07 17:12:01', '2025-03-21 03:02:38', '2025-05-07 17:12:01', 3617, 4000);
INSERT INTO `official_sales` VALUES (9, 9, 9.90, 'CNY', '2025-05-07 17:12:01', '2025-05-07 17:12:01', '2025-03-21 03:02:38', '2025-05-07 17:12:01', 5836, 6000);
INSERT INTO `official_sales` VALUES (10, 10, 9.90, 'CNY', '2025-05-07 17:12:01', '2025-05-07 17:12:01', '2025-03-21 03:02:38', '2025-05-07 17:12:01', 2643, 2888);
INSERT INTO `official_sales` VALUES (11, 11, 9.90, 'CNY', '2025-05-07 17:12:01', '2025-05-07 17:12:01', '2025-03-21 03:02:38', '2025-05-07 17:12:01', 6372, 6888);
INSERT INTO `official_sales` VALUES (12, 12, 9.90, 'CNY', '2025-05-07 17:12:01', '2025-05-07 17:12:01', '2025-03-21 03:02:38', '2025-05-07 17:12:01', 9429, 10000);
INSERT INTO `official_sales` VALUES (13, 13, 9.90, 'CNY', '2025-05-07 17:12:01', '2025-05-07 17:12:01', '2025-03-21 03:02:38', '2025-05-07 17:12:01', 8649, 10000);
INSERT INTO `official_sales` VALUES (14, 14, 9.90, 'CNY', '2025-05-07 17:12:01', '2025-05-07 17:12:01', '2025-03-21 03:02:38', '2025-05-07 17:12:01', 3954, 4000);
INSERT INTO `official_sales` VALUES (15, 15, 9.90, 'CNY', '2025-05-07 17:12:01', '2025-05-07 17:12:01', '2025-03-21 03:02:38', '2025-05-07 17:12:01', 7228, 8888);
INSERT INTO `official_sales` VALUES (16, 16, 9.90, 'CNY', '2025-05-07 17:12:01', '2025-05-07 17:12:01', '2025-03-21 03:02:38', '2025-05-07 17:12:01', 2881, 3000);
INSERT INTO `official_sales` VALUES (17, 17, 9.90, 'CNY', '2025-05-07 17:12:01', '2025-05-07 17:12:01', '2025-03-21 03:02:38', '2025-05-07 17:12:01', 8852, 8888);
INSERT INTO `official_sales` VALUES (18, 18, 9.90, 'CNY', '2025-05-07 17:12:01', '2025-05-07 17:12:01', '2025-03-21 03:02:38', '2025-05-07 17:12:01', 8228, 8888);
INSERT INTO `official_sales` VALUES (19, 19, 9.90, 'CNY', '2025-05-07 17:12:01', '2025-05-07 17:12:01', '2025-03-21 03:02:38', '2025-05-07 17:12:01', 8384, 9000);
INSERT INTO `official_sales` VALUES (20, 20, 9.90, 'CNY', '2025-05-07 17:12:01', '2025-05-07 17:12:01', '2025-03-21 03:02:38', '2025-05-07 17:12:01', 3659, 4000);
INSERT INTO `official_sales` VALUES (21, 21, 9.90, 'CNY', '2025-05-07 17:12:01', '2025-05-07 17:12:01', '2025-03-21 03:02:38', '2025-05-07 17:12:01', 6570, 7000);
INSERT INTO `official_sales` VALUES (22, 22, 9.90, 'CNY', '2025-05-07 17:12:01', '2025-05-07 17:12:01', '2025-03-21 03:02:38', '2025-05-07 17:12:01', 8776, 9000);
INSERT INTO `official_sales` VALUES (23, 23, 9.90, 'CNY', '2025-05-07 17:12:01', '2025-05-07 17:12:01', '2025-03-21 03:02:38', '2025-05-07 17:12:01', 6515, 7000);
INSERT INTO `official_sales` VALUES (24, 24, 9.90, 'CNY', '2025-05-07 17:12:01', '2025-05-07 17:12:01', '2025-03-21 03:02:38', '2025-05-07 17:12:01', 4779, 8888);
INSERT INTO `official_sales` VALUES (25, 25, 9.90, 'CNY', '2025-05-07 17:12:01', '2025-05-07 17:12:01', '2025-03-21 03:02:38', '2025-05-07 17:12:01', 6618, 8888);
INSERT INTO `official_sales` VALUES (26, 26, 9.90, 'CNY', '2025-05-07 17:12:01', '2025-05-07 17:12:01', '2025-03-21 03:02:38', '2025-05-07 17:12:01', 4095, 5000);
INSERT INTO `official_sales` VALUES (27, 27, 9.90, 'CNY', '2025-05-07 17:12:01', '2025-05-07 17:12:01', '2025-03-21 03:02:38', '2025-05-07 17:12:01', 9037, 10000);
INSERT INTO `official_sales` VALUES (28, 28, 29.90, 'CNY', '2025-05-07 17:12:01', '2025-05-07 17:12:01', '2025-03-21 03:02:38', '2025-05-07 17:12:01', 2672, 3000);
INSERT INTO `official_sales` VALUES (29, 29, 29.90, 'CNY', '2025-05-07 17:12:01', '2025-05-07 17:12:01', '2025-03-21 03:02:38', '2025-05-07 17:12:01', 8286, 8888);
INSERT INTO `official_sales` VALUES (30, 30, 29.90, 'CNY', '2025-05-07 17:12:01', '2025-05-07 17:12:01', '2025-03-21 03:02:38', '2025-05-07 17:12:01', 2951, 3000);
INSERT INTO `official_sales` VALUES (31, 31, 29.90, 'CNY', '2025-05-07 17:12:01', '2025-05-07 17:12:01', '2025-03-21 03:02:38', '2025-05-07 17:12:01', 5567, 6000);
INSERT INTO `official_sales` VALUES (32, 32, 29.90, 'CNY', '2025-05-07 17:12:01', '2025-05-07 17:12:01', '2025-03-21 03:02:38', '2025-05-07 17:12:01', 8434, 8888);
INSERT INTO `official_sales` VALUES (33, 33, 29.90, 'CNY', '2025-05-07 17:12:01', '2025-05-07 17:12:01', '2025-03-21 03:02:38', '2025-05-07 17:12:01', 3831, 3888);
INSERT INTO `official_sales` VALUES (34, 34, 29.90, 'CNY', '2025-05-07 17:12:01', '2025-05-07 17:12:01', '2025-03-21 03:02:38', '2025-05-07 17:12:01', 5880, 5888);
INSERT INTO `official_sales` VALUES (35, 35, 29.90, 'CNY', '2025-05-07 17:12:01', '2025-05-07 17:12:01', '2025-03-21 03:02:38', '2025-05-07 17:12:01', 7610, 8000);
INSERT INTO `official_sales` VALUES (36, 36, 29.90, 'CNY', '2025-05-07 17:12:01', '2025-05-07 17:12:01', '2025-03-21 03:02:38', '2025-05-07 17:12:01', 8527, 9000);
INSERT INTO `official_sales` VALUES (37, 37, 29.90, 'CNY', '2025-05-07 17:12:01', '2025-05-07 17:12:01', '2025-03-21 03:02:38', '2025-05-07 17:12:01', 7334, 8000);
INSERT INTO `official_sales` VALUES (38, 38, 29.90, 'CNY', '2025-05-07 17:12:01', '2025-05-07 17:12:01', '2025-03-21 03:02:38', '2025-05-07 17:12:01', 3893, 4000);
INSERT INTO `official_sales` VALUES (39, 39, 29.90, 'CNY', '2025-05-07 17:12:01', '2025-05-07 17:12:01', '2025-03-21 03:02:38', '2025-05-07 17:12:01', 9811, 10000);
INSERT INTO `official_sales` VALUES (40, 40, 19.90, 'CNY', '2025-05-07 17:12:01', '2025-05-07 17:12:01', '2025-03-21 03:02:38', '2025-05-07 17:12:01', 3101, 3888);
INSERT INTO `official_sales` VALUES (41, 41, 19.90, 'CNY', '2025-05-07 17:12:01', '2025-05-07 17:12:01', '2025-03-21 03:02:38', '2025-05-07 17:12:01', 9419, 10888);
INSERT INTO `official_sales` VALUES (42, 42, 19.90, 'CNY', '2025-05-07 17:12:01', '2025-05-07 17:12:01', '2025-03-21 03:02:38', '2025-05-07 17:12:01', 9876, 10000);
INSERT INTO `official_sales` VALUES (43, 43, 19.90, 'CNY', '2025-05-07 17:12:01', '2025-05-07 17:12:01', '2025-03-21 03:02:38', '2025-05-07 17:12:01', 6921, 7000);
INSERT INTO `official_sales` VALUES (44, 44, 19.90, 'CNY', '2025-05-07 17:12:01', '2025-05-07 17:12:01', '2025-03-21 03:02:38', '2025-05-07 17:12:01', 9978, 10000);
INSERT INTO `official_sales` VALUES (45, 45, 19.90, 'CNY', '2025-05-07 17:12:01', '2025-05-07 17:12:01', '2025-03-21 03:02:38', '2025-05-07 17:12:01', 8410, 9000);
INSERT INTO `official_sales` VALUES (46, 46, 19.90, 'CNY', '2025-05-07 17:12:01', '2025-05-07 17:12:01', '2025-03-21 03:02:38', '2025-05-07 17:12:01', 6221, 7000);
INSERT INTO `official_sales` VALUES (47, 47, 19.90, 'CNY', '2025-05-07 17:12:01', '2025-05-07 17:12:01', '2025-03-21 03:02:38', '2025-05-07 17:12:01', 8904, 10000);
INSERT INTO `official_sales` VALUES (48, 48, 19.90, 'CNY', '2025-05-07 17:12:01', '2025-05-07 17:12:01', '2025-03-21 03:02:38', '2025-05-07 17:12:01', 6569, 7000);
INSERT INTO `official_sales` VALUES (49, 49, 19.90, 'CNY', '2025-05-07 17:12:01', '2025-05-07 17:12:01', '2025-03-21 03:02:38', '2025-05-07 17:12:01', 9777, 9888);
INSERT INTO `official_sales` VALUES (50, 50, 19.90, 'CNY', '2025-05-07 17:12:01', '2025-05-07 17:12:01', '2025-03-21 03:02:38', '2025-05-07 17:12:01', 7434, 8000);
INSERT INTO `official_sales` VALUES (51, 51, 19.90, 'CNY', '2025-05-07 17:12:01', '2025-05-07 17:12:01', '2025-03-21 03:02:38', '2025-05-07 17:12:01', 4470, 5000);
INSERT INTO `official_sales` VALUES (52, 52, 19.90, 'CNY', '2025-05-07 17:12:01', '2025-05-07 17:12:01', '2025-03-21 03:02:38', '2025-05-07 17:12:01', 4066, 5000);
INSERT INTO `official_sales` VALUES (53, 53, 19.90, 'CNY', '2025-05-07 17:12:01', '2025-05-07 17:12:01', '2025-03-21 03:02:38', '2025-05-07 17:12:01', 9508, 6000);
INSERT INTO `official_sales` VALUES (54, 54, 19.90, 'CNY', '2025-05-07 17:12:01', '2025-05-07 17:12:01', '2025-03-21 03:02:38', '2025-05-07 17:12:01', 6531, 7000);
INSERT INTO `official_sales` VALUES (55, 55, 19.90, 'CNY', '2025-05-07 17:12:01', '2025-05-07 17:12:01', '2025-03-21 03:02:38', '2025-05-07 17:12:01', 5094, 5888);
INSERT INTO `official_sales` VALUES (56, 56, 19.90, 'CNY', '2025-05-07 17:12:01', '2025-05-07 17:12:01', '2025-03-21 03:02:38', '2025-05-07 17:12:01', 6094, 7000);
INSERT INTO `official_sales` VALUES (57, 57, 19.90, 'CNY', '2025-05-07 17:12:01', '2025-05-07 17:12:01', '2025-03-21 03:02:38', '2025-05-07 17:12:01', 3446, 3888);
INSERT INTO `official_sales` VALUES (58, 58, 19.90, 'CNY', '2025-05-07 17:12:01', '2025-05-07 17:12:01', '2025-03-21 03:02:38', '2025-05-07 17:12:01', 9518, 10888);
INSERT INTO `official_sales` VALUES (59, 59, 19.90, 'CNY', '2025-05-07 17:12:01', '2025-05-07 17:12:01', '2025-03-21 03:02:38', '2025-05-07 17:12:01', 6052, 6888);
INSERT INTO `official_sales` VALUES (60, 60, 19.90, 'CNY', '2025-05-07 17:12:01', '2025-05-07 17:12:01', '2025-03-21 03:02:38', '2025-05-07 17:12:01', 5391, 5888);
INSERT INTO `official_sales` VALUES (61, 61, 19.90, 'CNY', '2025-05-07 17:12:01', '2025-05-07 17:12:01', '2025-03-21 03:02:38', '2025-05-07 17:12:01', 7309, 7888);
INSERT INTO `official_sales` VALUES (62, 62, 19.90, 'CNY', '2025-05-07 17:12:01', '2025-05-07 17:12:01', '2025-03-21 03:02:38', '2025-05-07 17:12:01', 5092, 5888);
INSERT INTO `official_sales` VALUES (63, 63, 19.90, 'CNY', '2025-05-07 17:12:01', '2025-05-07 17:12:01', '2025-03-27 16:58:10', '2025-05-07 17:12:01', 888, 888);
INSERT INTO `official_sales` VALUES (64, 64, 99.90, 'CNY', '2025-05-07 17:12:01', '2025-05-07 17:12:01', '2025-03-27 16:58:28', '2025-05-07 17:12:01', 500, 500);
INSERT INTO `official_sales` VALUES (65, 65, 9.90, 'CNY', '2025-05-07 17:12:01', '2025-05-07 17:12:01', '2025-03-27 16:58:43', '2025-05-07 17:12:01', 6666, 6666);
INSERT INTO `official_sales` VALUES (66, 66, 19.90, 'CNY', '2025-05-07 17:12:01', '2025-05-07 17:12:01', '2025-03-27 16:58:56', '2025-05-07 17:12:01', 5876, 5888);
INSERT INTO `official_sales` VALUES (67, 67, 9.90, 'CNY', '2025-05-07 17:12:01', '2025-05-07 17:12:01', '2025-03-27 16:59:11', '2025-05-07 17:12:01', 4888, 5000);
INSERT INTO `official_sales` VALUES (68, 68, 9.90, 'CNY', '2025-05-07 17:12:01', '2025-05-07 17:12:01', '2025-03-27 16:59:28', '2025-05-07 17:12:01', 6782, 6888);
INSERT INTO `official_sales` VALUES (69, 69, 29.90, 'CNY', '2025-05-07 17:12:01', '2025-05-07 17:12:01', '2025-03-27 16:59:47', '2025-05-07 17:12:01', 2856, 3000);
INSERT INTO `official_sales` VALUES (70, 70, 29.90, 'CNY', '2025-07-16 02:57:42', '2025-07-27 17:12:01', '2025-05-07 17:10:48', '2025-07-16 02:57:42', 9, 6666);
INSERT INTO `official_sales` VALUES (71, 71, 19.90, 'CNY', '2025-06-19 10:48:18', '2025-06-20 17:13:14', '2025-05-07 17:13:20', '2025-06-19 10:48:18', 17, 999);

-- ----------------------------
-- Table structure for purchase_requests
-- ----------------------------
DROP TABLE IF EXISTS `purchase_requests`;
CREATE TABLE `purchase_requests`  (
  `id` int(11) NOT NULL AUTO_INCREMENT COMMENT '主键，唯一标识每个求购记录',
  `nft_id` int(11) NOT NULL COMMENT '外键，指向被求购的NFT',
  `buyer_address` varchar(42) CHARACTER SET utf8 COLLATE utf8_general_ci NOT NULL COMMENT '求购者的钱包地址',
  `price` decimal(6, 0) NOT NULL COMMENT '求购价格',
  `currency` varchar(10) CHARACTER SET utf8 COLLATE utf8_general_ci NOT NULL COMMENT '价格的货币类型（如ETH、USD等）',
  `status` enum('all','requesting','completed','refund','canceled') CHARACTER SET utf8 COLLATE utf8_general_ci NULL DEFAULT 'all' COMMENT '求购状态（全部、求购中、已完成、已退款、已取消）',
  `created_at` timestamp(0) NOT NULL DEFAULT CURRENT_TIMESTAMP(0) COMMENT '求购创建的时间戳',
  `updated_at` timestamp(0) NOT NULL DEFAULT CURRENT_TIMESTAMP(0) ON UPDATE CURRENT_TIMESTAMP(0) COMMENT '求购信息最后更新的时间戳',
  `instance_id` int(11) NOT NULL COMMENT '外键，指向NFT实例',
  PRIMARY KEY (`id`) USING BTREE,
  INDEX `nft_id`(`nft_id`) USING BTREE,
  CONSTRAINT `purchase_requests_ibfk_1` FOREIGN KEY (`nft_id`) REFERENCES `nfts` (`id`) ON DELETE RESTRICT ON UPDATE RESTRICT
) ENGINE = InnoDB AUTO_INCREMENT = 148 CHARACTER SET = utf8 COLLATE = utf8_general_ci COMMENT = '存储NFT求购信息的表' ROW_FORMAT = Compact;

-- ----------------------------
-- Records of purchase_requests
-- ----------------------------
INSERT INTO `purchase_requests` VALUES (1, 57, '0xC429F83A23558504', 390, 'CNY', 'requesting', '2025-02-25 02:09:08', '2025-04-15 17:33:28', 0);
INSERT INTO `purchase_requests` VALUES (2, 24, '0xB7CF8D427957610D', 220, 'CNY', 'requesting', '2024-12-28 02:09:08', '2025-04-15 17:33:28', 0);
INSERT INTO `purchase_requests` VALUES (3, 27, '0x76BB0EC10A4FCA5C', 810, 'CNY', 'requesting', '2024-12-04 02:09:08', '2025-04-15 17:33:28', 0);
INSERT INTO `purchase_requests` VALUES (4, 14, '0xA395A57D88F7D465', 7600, 'CNY', 'requesting', '2024-07-05 02:09:08', '2025-04-15 17:33:28', 0);
INSERT INTO `purchase_requests` VALUES (5, 55, '0x83942135FB4C2F3E', 3700, 'CNY', 'requesting', '2025-03-20 02:09:08', '2025-04-15 17:33:28', 0);
INSERT INTO `purchase_requests` VALUES (6, 3, '0x5D4EB24991ED58FD', 7600, 'CNY', 'requesting', '2024-12-15 02:09:08', '2025-04-15 17:33:28', 0);
INSERT INTO `purchase_requests` VALUES (7, 3, '0xB0E81F9E63257805', 8600, 'CNY', 'requesting', '2024-10-06 02:09:08', '2025-04-15 17:33:28', 0);
INSERT INTO `purchase_requests` VALUES (8, 16, '0x143FAE44A59E9979', 100, 'CNY', 'requesting', '2025-02-27 02:09:08', '2025-04-15 17:33:28', 0);
INSERT INTO `purchase_requests` VALUES (9, 47, '0xE906F26E5B3D0025', 5000, 'CNY', 'requesting', '2024-11-16 02:09:08', '2025-04-15 17:33:28', 0);
INSERT INTO `purchase_requests` VALUES (10, 53, '0x080638A8AB5A04C6', 25, 'CNY', 'requesting', '2024-05-23 02:09:08', '2025-04-15 17:33:28', 0);
INSERT INTO `purchase_requests` VALUES (11, 27, '0x64FFBAD9B014943E', 26, 'CNY', 'requesting', '2024-05-06 02:09:08', '2025-04-15 17:33:28', 0);
INSERT INTO `purchase_requests` VALUES (12, 3, '0x287612BCA739AE79', 797, 'CNY', 'requesting', '2025-02-04 02:09:08', '2025-04-15 17:33:28', 0);
INSERT INTO `purchase_requests` VALUES (13, 23, '0x868CA111927550A1', 288, 'CNY', 'requesting', '2025-01-08 02:09:08', '2025-04-15 17:33:28', 0);
INSERT INTO `purchase_requests` VALUES (14, 29, '0x3C3DFA08D15756DE', 380, 'CNY', 'requesting', '2024-10-31 02:09:08', '2025-04-15 17:33:28', 0);
INSERT INTO `purchase_requests` VALUES (15, 3, '0xC5E3C836222D68F8', 350, 'CNY', 'requesting', '2024-12-03 02:09:08', '2025-04-15 17:33:28', 0);
INSERT INTO `purchase_requests` VALUES (16, 36, '0x5454C820F7A7A01E', 856, 'CNY', 'requesting', '2024-06-09 02:09:08', '2025-04-15 17:33:28', 0);
INSERT INTO `purchase_requests` VALUES (17, 51, '0xB743925A2D07A414', 735, 'CNY', 'requesting', '2024-04-20 02:09:08', '2025-04-15 17:33:28', 0);
INSERT INTO `purchase_requests` VALUES (18, 17, '0xABEE801E977FD47D', 944, 'CNY', 'requesting', '2024-08-02 02:09:08', '2025-04-15 17:33:28', 0);
INSERT INTO `purchase_requests` VALUES (19, 3, '0x5AF60401128CAB3C', 303, 'CNY', 'requesting', '2024-11-06 02:09:08', '2025-04-15 17:33:28', 0);
INSERT INTO `purchase_requests` VALUES (20, 42, '0xA436218139682B14', 20, 'CNY', 'requesting', '2024-04-26 02:09:08', '2025-04-15 17:33:28', 0);
INSERT INTO `purchase_requests` VALUES (21, 23, '0xEC3FA34E8F0272DD', 2, 'CNY', 'requesting', '2024-10-01 02:09:08', '2025-04-15 17:33:28', 0);
INSERT INTO `purchase_requests` VALUES (22, 56, '0xDB24A27E9EF21E05', 54, 'CNY', 'requesting', '2024-03-31 02:09:08', '2025-04-15 17:33:28', 0);
INSERT INTO `purchase_requests` VALUES (23, 3, '0x57D29B8160DF1B95', 8600, 'CNY', 'requesting', '2024-03-23 02:09:08', '2025-04-15 17:33:28', 0);
INSERT INTO `purchase_requests` VALUES (24, 20, '0x62CB6A39FD50255A', 79, 'CNY', 'requesting', '2024-07-01 02:09:08', '2025-04-15 17:33:28', 0);
INSERT INTO `purchase_requests` VALUES (25, 56, '0x5C2F1BC12B86DE74', 77, 'CNY', 'requesting', '2024-04-22 02:09:08', '2025-04-15 17:33:28', 0);
INSERT INTO `purchase_requests` VALUES (26, 20, '0x5934FC35CAB86056', 91, 'CNY', 'requesting', '2024-08-27 02:09:08', '2025-04-15 17:33:28', 0);
INSERT INTO `purchase_requests` VALUES (27, 3, '0x81380F4593D20369', 45899, 'CNY', 'requesting', '2024-11-29 02:09:08', '2025-05-06 23:42:32', 0);
INSERT INTO `purchase_requests` VALUES (28, 3, '0xA8951E5D3CAFB3C8', 21000, 'CNY', 'requesting', '2024-12-11 02:09:08', '2025-04-15 17:33:28', 0);
INSERT INTO `purchase_requests` VALUES (29, 14, '0x6EACA2F587243EFD', 34, 'CNY', 'requesting', '2024-07-10 02:09:08', '2025-04-15 17:33:28', 0);
INSERT INTO `purchase_requests` VALUES (30, 7, '0x99D7D7C1B15A28F6', 66, 'CNY', 'requesting', '2025-02-21 02:09:08', '2025-04-15 17:33:28', 0);
INSERT INTO `purchase_requests` VALUES (31, 27, '0x52E72B5C5962B8A9', 77, 'CNY', 'requesting', '2024-09-15 02:09:08', '2025-04-15 17:33:28', 0);
INSERT INTO `purchase_requests` VALUES (32, 22, '0x257523B8BAB5050A', 21, 'CNY', 'requesting', '2024-08-17 02:09:08', '2025-04-15 17:33:28', 0);
INSERT INTO `purchase_requests` VALUES (33, 39, '0xD4859F064FC5FB90', 7, 'CNY', 'requesting', '2024-05-14 02:09:08', '2025-04-15 17:33:28', 0);
INSERT INTO `purchase_requests` VALUES (34, 38, '0x78F97EAD9570E661', 50, 'CNY', 'requesting', '2025-02-22 02:09:08', '2025-04-15 17:33:28', 0);
INSERT INTO `purchase_requests` VALUES (35, 43, '0x99DF0F25005E0970', 20, 'CNY', 'requesting', '2024-12-08 02:09:08', '2025-04-15 17:33:28', 0);
INSERT INTO `purchase_requests` VALUES (36, 18, '0x46F19F14930C1FAD', 4, 'CNY', 'requesting', '2024-04-08 02:09:08', '2025-04-15 17:33:28', 0);
INSERT INTO `purchase_requests` VALUES (37, 47, '0xF54B6CD68FCEF425', 93, 'CNY', 'requesting', '2024-07-18 02:09:08', '2025-04-15 17:33:28', 0);
INSERT INTO `purchase_requests` VALUES (38, 3, '0xBC86109ADA29D67A', 25999, 'CNY', 'requesting', '2024-07-20 02:09:08', '2025-04-15 17:33:28', 0);
INSERT INTO `purchase_requests` VALUES (39, 27, '0x39AD99ECE0A829EA', 71, 'CNY', 'requesting', '2024-07-04 02:09:08', '2025-04-15 17:33:28', 0);
INSERT INTO `purchase_requests` VALUES (40, 13, '0xC764618A4E9BF570', 20, 'CNY', 'requesting', '2024-08-10 02:09:08', '2025-04-15 17:33:28', 0);
INSERT INTO `purchase_requests` VALUES (41, 61, '0x83E36EF5B3BBC616', 96, 'CNY', 'requesting', '2024-11-23 02:09:08', '2025-04-15 17:33:28', 0);
INSERT INTO `purchase_requests` VALUES (42, 44, '0xD3104CDE1284BE4C', 89, 'CNY', 'requesting', '2024-08-10 02:09:08', '2025-04-15 17:33:28', 0);
INSERT INTO `purchase_requests` VALUES (43, 40, '0x0EBFDE5467D1C2E5', 85, 'CNY', 'requesting', '2024-10-09 02:09:08', '2025-04-15 17:33:28', 0);
INSERT INTO `purchase_requests` VALUES (44, 62, '0xB500870298520DD1', 85, 'CNY', 'requesting', '2024-05-15 02:09:08', '2025-04-15 17:33:28', 0);
INSERT INTO `purchase_requests` VALUES (45, 50, '0xEA8779E63B40B630', 41, 'CNY', 'requesting', '2024-08-26 02:09:08', '2025-04-15 17:33:28', 0);
INSERT INTO `purchase_requests` VALUES (46, 42, '0x72EE81D94948CE98', 8, 'CNY', 'requesting', '2025-02-01 02:09:08', '2025-04-15 17:33:28', 0);
INSERT INTO `purchase_requests` VALUES (47, 28, '0x47BF023417F8ED34', 63, 'CNY', 'requesting', '2024-10-17 02:09:08', '2025-04-15 17:33:28', 0);
INSERT INTO `purchase_requests` VALUES (48, 25, '0x237795DC87ADB035', 23, 'CNY', 'requesting', '2024-12-08 02:09:08', '2025-04-15 17:33:28', 0);
INSERT INTO `purchase_requests` VALUES (49, 9, '0x494956FC069075E0', 27, 'CNY', 'requesting', '2024-04-27 02:09:08', '2025-04-15 17:33:28', 0);
INSERT INTO `purchase_requests` VALUES (50, 42, '0xA620BCED4A2F4BDC', 50, 'CNY', 'requesting', '2024-08-24 02:09:08', '2025-04-15 17:33:28', 0);
INSERT INTO `purchase_requests` VALUES (51, 10, '0x6AD43D79A463E58D', 96, 'CNY', 'requesting', '2024-07-06 02:09:08', '2025-04-15 17:33:28', 0);
INSERT INTO `purchase_requests` VALUES (52, 41, '0xC5F65DD6ECAC7D26', 30, 'CNY', 'requesting', '2024-06-26 02:09:08', '2025-04-15 17:33:28', 0);
INSERT INTO `purchase_requests` VALUES (53, 21, '0xAC484CEE6992FE95', 4, 'CNY', 'requesting', '2024-05-07 02:09:08', '2025-04-15 17:33:28', 0);
INSERT INTO `purchase_requests` VALUES (54, 49, '0xA2E741D5DBDF3E82', 39, 'CNY', 'requesting', '2024-04-19 02:09:08', '2025-04-15 17:33:28', 0);
INSERT INTO `purchase_requests` VALUES (55, 24, '0x6994075DEBD33482', 37, 'CNY', 'requesting', '2024-12-28 02:09:08', '2025-04-15 17:33:28', 0);
INSERT INTO `purchase_requests` VALUES (56, 40, '0x5E617C1DF27FE3B6', 63, 'CNY', 'requesting', '2024-11-11 02:09:08', '2025-04-15 17:33:28', 0);
INSERT INTO `purchase_requests` VALUES (57, 2, '0xAB1E3F7E43B6F0BC', 32, 'CNY', 'requesting', '2024-07-16 02:09:08', '2025-04-15 17:33:28', 0);
INSERT INTO `purchase_requests` VALUES (58, 52, '0xFF47641E83B13F79', 58, 'CNY', 'requesting', '2025-01-07 02:09:08', '2025-04-15 17:33:28', 0);
INSERT INTO `purchase_requests` VALUES (59, 38, '0x7B6DD2E59B5A2FB9', 59, 'CNY', 'requesting', '2024-06-07 02:09:08', '2025-04-15 17:33:28', 0);
INSERT INTO `purchase_requests` VALUES (60, 58, '0x330993D041C9AB48', 69, 'CNY', 'requesting', '2024-12-07 02:09:08', '2025-04-15 17:33:28', 0);
INSERT INTO `purchase_requests` VALUES (61, 31, '0x6F99E20DB635C2BE', 25, 'CNY', 'requesting', '2024-05-10 02:09:08', '2025-04-15 17:33:28', 0);
INSERT INTO `purchase_requests` VALUES (62, 24, '0x7780B2ED39EAD130', 73, 'CNY', 'requesting', '2024-09-23 02:09:08', '2025-04-15 17:33:28', 0);
INSERT INTO `purchase_requests` VALUES (63, 36, '0x9B4984B9558619A1', 85, 'CNY', 'requesting', '2024-06-17 02:09:08', '2025-04-15 17:33:28', 0);
INSERT INTO `purchase_requests` VALUES (64, 11, '0xC88E1ABE67D0A6F9', 68, 'CNY', 'requesting', '2024-08-19 02:09:08', '2025-04-15 17:33:28', 0);
INSERT INTO `purchase_requests` VALUES (65, 39, '0xA231A975558F05CD', 77, 'CNY', 'requesting', '2025-02-04 02:09:08', '2025-04-15 17:33:28', 0);
INSERT INTO `purchase_requests` VALUES (66, 48, '0x446F3584173FCF24', 65, 'CNY', 'requesting', '2024-04-06 02:09:08', '2025-04-15 17:33:28', 0);
INSERT INTO `purchase_requests` VALUES (67, 19, '0xFFAA4DC217852978', 46, 'CNY', 'requesting', '2024-04-09 02:09:08', '2025-04-15 17:33:28', 0);
INSERT INTO `purchase_requests` VALUES (68, 43, '0x79D403DD5806A871', 29, 'CNY', 'requesting', '2025-03-19 02:09:08', '2025-04-15 17:33:28', 0);
INSERT INTO `purchase_requests` VALUES (69, 18, '0xA106FB914CA5AD98', 61, 'CNY', 'requesting', '2025-01-12 02:09:08', '2025-04-15 17:33:28', 0);
INSERT INTO `purchase_requests` VALUES (70, 13, '0x81C14FB1F57D908A', 27, 'CNY', 'requesting', '2024-06-19 02:09:08', '2025-04-15 17:33:28', 0);
INSERT INTO `purchase_requests` VALUES (71, 58, '0x08F7CD6C738D67C1', 15, 'CNY', 'requesting', '2024-08-04 02:09:08', '2025-04-15 17:33:28', 0);
INSERT INTO `purchase_requests` VALUES (72, 20, '0x3A602A30366E74B8', 38, 'CNY', 'requesting', '2024-03-31 02:09:08', '2025-04-15 17:33:28', 0);
INSERT INTO `purchase_requests` VALUES (73, 13, '0xB53A909AF3C0EBC6', 64, 'CNY', 'requesting', '2024-07-18 02:09:08', '2025-04-15 17:33:28', 0);
INSERT INTO `purchase_requests` VALUES (74, 56, '0xDEA81D9AB2F18E16', 89, 'CNY', 'requesting', '2025-03-18 02:09:08', '2025-04-15 17:33:28', 0);
INSERT INTO `purchase_requests` VALUES (75, 14, '0xF2D72912153D0FAC', 57, 'CNY', 'requesting', '2024-08-21 02:09:08', '2025-04-15 17:33:28', 0);
INSERT INTO `purchase_requests` VALUES (76, 44, '0x349D6140F220C756', 11, 'CNY', 'requesting', '2024-12-16 02:09:08', '2025-04-15 17:33:28', 0);
INSERT INTO `purchase_requests` VALUES (77, 29, '0xF3776B6E602DE3B5', 3, 'CNY', 'requesting', '2024-08-09 02:09:08', '2025-04-15 17:33:28', 0);
INSERT INTO `purchase_requests` VALUES (78, 43, '0x7E1941116B04C9A5', 61, 'CNY', 'requesting', '2024-08-16 02:09:08', '2025-04-15 17:33:28', 0);
INSERT INTO `purchase_requests` VALUES (79, 3, '0x2144D57483012481', 17, 'CNY', 'requesting', '2024-12-16 02:09:08', '2025-04-15 17:33:28', 0);
INSERT INTO `purchase_requests` VALUES (80, 14, '0x70C87C01948D2B9D', 58, 'CNY', 'requesting', '2024-06-12 02:09:08', '2025-04-15 17:33:28', 0);
INSERT INTO `purchase_requests` VALUES (81, 19, '0x54C3B92CC06BBA9E', 76, 'CNY', 'requesting', '2025-03-01 02:09:08', '2025-04-15 17:33:28', 0);
INSERT INTO `purchase_requests` VALUES (82, 59, '0xCAB23A722B483A90', 47, 'CNY', 'requesting', '2024-09-23 02:09:08', '2025-04-15 17:33:28', 0);
INSERT INTO `purchase_requests` VALUES (83, 49, '0xADA92526191B0958', 46, 'CNY', 'requesting', '2024-06-11 02:09:08', '2025-04-15 17:33:28', 0);
INSERT INTO `purchase_requests` VALUES (84, 59, '0xDC745BFE89B052FD', 11, 'CNY', 'requesting', '2024-09-01 02:09:08', '2025-04-15 17:33:28', 0);
INSERT INTO `purchase_requests` VALUES (85, 16, '0x42172BA0930D15E9', 10, 'CNY', 'requesting', '2024-11-10 02:09:08', '2025-04-15 17:33:28', 0);
INSERT INTO `purchase_requests` VALUES (86, 61, '0x2665723CE34D0A26', 99, 'CNY', 'requesting', '2024-10-25 02:09:08', '2025-04-15 17:33:28', 0);
INSERT INTO `purchase_requests` VALUES (87, 7, '0x842052F54797FF74', 85, 'CNY', 'requesting', '2024-12-06 02:09:08', '2025-04-15 17:33:28', 0);
INSERT INTO `purchase_requests` VALUES (88, 50, '0x218455D84D5D32B8', 12, 'CNY', 'requesting', '2024-12-07 02:09:08', '2025-04-15 17:33:28', 0);
INSERT INTO `purchase_requests` VALUES (89, 19, '0xCC92BC56191707A0', 9, 'CNY', 'requesting', '2024-11-18 02:09:08', '2025-04-15 17:33:28', 0);
INSERT INTO `purchase_requests` VALUES (90, 57, '0x82351ED1DF73814A', 84, 'CNY', 'requesting', '2025-03-07 02:09:08', '2025-04-15 17:33:28', 0);
INSERT INTO `purchase_requests` VALUES (91, 39, '0x9CEDFED53BCBBA94', 33, 'CNY', 'requesting', '2024-05-24 02:09:08', '2025-04-15 17:33:28', 0);
INSERT INTO `purchase_requests` VALUES (92, 14, '0x39911BFC809C60E5', 84, 'CNY', 'requesting', '2024-10-31 02:09:08', '2025-04-15 17:33:28', 0);
INSERT INTO `purchase_requests` VALUES (93, 17, '0x6BDACA9957E07FC9', 45, 'CNY', 'requesting', '2024-11-23 02:09:08', '2025-04-15 17:33:28', 0);
INSERT INTO `purchase_requests` VALUES (94, 5, '0xC09B387A884596AD', 40, 'CNY', 'requesting', '2024-12-05 02:09:08', '2025-04-15 17:33:28', 0);
INSERT INTO `purchase_requests` VALUES (95, 44, '0x5272CC1888BF977D', 70, 'CNY', 'requesting', '2024-07-13 02:09:08', '2025-04-15 17:33:28', 0);
INSERT INTO `purchase_requests` VALUES (96, 51, '0x110EACBCF14AC052', 51, 'CNY', 'requesting', '2024-09-16 02:09:08', '2025-04-15 17:33:28', 0);
INSERT INTO `purchase_requests` VALUES (97, 7, '0x1E7AAD6C4B7540E8', 12, 'CNY', 'requesting', '2024-08-06 02:09:08', '2025-04-15 17:33:28', 0);
INSERT INTO `purchase_requests` VALUES (98, 36, '0xC69261062CAD0E74', 55, 'CNY', 'requesting', '2024-11-28 02:09:08', '2025-04-15 17:33:28', 0);
INSERT INTO `purchase_requests` VALUES (99, 5, '0x1F080D3C6A381A3D', 71, 'CNY', 'requesting', '2025-01-24 02:09:08', '2025-04-15 17:33:28', 0);
INSERT INTO `purchase_requests` VALUES (100, 10, '0x338946348AF2BE8D', 11, 'CNY', 'requesting', '2024-08-08 02:09:08', '2025-04-15 17:33:28', 0);
INSERT INTO `purchase_requests` VALUES (101, 3, '0x59bc92b86b9328f268387b3504020ba6989312ba', 38988, 'CNY', 'completed', '2025-04-17 17:24:02', '2025-04-18 11:42:14', 215);
INSERT INTO `purchase_requests` VALUES (102, 3, '0x00000000000000000000000000000000260R5TU8', 42999, 'CNY', 'completed', '2025-04-18 11:51:10', '2025-04-18 11:51:52', 215);
INSERT INTO `purchase_requests` VALUES (108, 3, '0x59bc92b86b9328f268387b3504020ba6989312ba', 58999, 'CNY', 'completed', '2025-04-18 11:55:08', '2025-04-18 14:53:40', 215);
INSERT INTO `purchase_requests` VALUES (109, 3, '0x00000000000000000000000000000000260R5TU8', 48999, 'CNY', 'completed', '2025-04-18 14:57:51', '2025-04-18 14:59:48', 215);
INSERT INTO `purchase_requests` VALUES (110, 3, '0x59bc92b86b9328f268387b3504020ba6989312ba', 48978, 'CNY', 'completed', '2025-04-18 15:04:33', '2025-04-18 15:05:13', 215);
INSERT INTO `purchase_requests` VALUES (111, 3, '0x00000000000000000000000000000000260R5TU8', 35000, 'CNY', 'completed', '2025-04-18 15:06:56', '2025-04-20 23:40:29', 215);
INSERT INTO `purchase_requests` VALUES (112, 3, '0x00000000000000000000000000000000260R5TU8', 35699, 'CNY', 'completed', '2025-04-18 15:07:06', '2025-04-18 15:07:48', 215);
INSERT INTO `purchase_requests` VALUES (113, 3, '0x59bc92b86b9328f268387b3504020ba6989312ba', 35699, 'CNY', 'completed', '2025-04-18 15:11:08', '2025-04-18 15:12:13', 214);
INSERT INTO `purchase_requests` VALUES (115, 3, '0x59bc92b86b9328f268387b3504020ba6989312ba', 35688, 'CNY', 'requesting', '2025-04-18 15:11:19', '2025-04-18 15:11:33', 0);
INSERT INTO `purchase_requests` VALUES (116, 2, '0x00000000000000000000000000000000260R5TU8', 4599, 'CNY', 'canceled', '2025-04-19 19:12:06', '2025-04-27 16:37:32', 0);
INSERT INTO `purchase_requests` VALUES (117, 2, '0x00000000000000000000000000000000260R5TU8', 4689, 'CNY', 'canceled', '2025-04-19 19:12:50', '2025-04-27 16:16:33', 0);
INSERT INTO `purchase_requests` VALUES (118, 2, '0x00000000000000000000000000000000260R5TU8', 4689, 'CNY', 'requesting', '2025-04-19 19:12:50', '2025-04-19 19:12:50', 0);
INSERT INTO `purchase_requests` VALUES (119, 2, '0x00000000000000000000000000000000260R5TU8', 4689, 'CNY', 'canceled', '2025-04-19 19:12:50', '2025-04-27 16:37:45', 0);
INSERT INTO `purchase_requests` VALUES (120, 2, '0x00000000000000000000000000000000260R5TU8', 4798, 'CNY', 'requesting', '2025-04-19 19:14:01', '2025-04-19 19:14:01', 0);
INSERT INTO `purchase_requests` VALUES (121, 2, '0x00000000000000000000000000000000260R5TU8', 4798, 'CNY', 'requesting', '2025-04-19 19:14:01', '2025-04-19 19:14:01', 0);
INSERT INTO `purchase_requests` VALUES (122, 4, '0x00000000000000000000000000000000260R5TU8', 588, 'CNY', 'canceled', '2025-04-19 19:17:17', '2025-05-06 16:19:28', 0);
INSERT INTO `purchase_requests` VALUES (123, 9, '0x00000000000000000000000000000000260R5TU8', 5000, 'CNY', 'requesting', '2025-04-19 19:18:04', '2025-04-19 19:18:04', 0);
INSERT INTO `purchase_requests` VALUES (124, 5, '0x00000000000000000000000000000000260R5TU8', 1600, 'CNY', 'requesting', '2025-04-19 19:19:34', '2025-04-19 19:19:34', 0);
INSERT INTO `purchase_requests` VALUES (125, 5, '0x00000000000000000000000000000000260R5TU8', 1600, 'CNY', 'canceled', '2025-04-19 19:24:04', '2025-05-06 16:18:45', 0);
INSERT INTO `purchase_requests` VALUES (126, 5, '0x00000000000000000000000000000000260R5TU8', 1644, 'CNY', 'requesting', '2025-04-19 19:24:44', '2025-04-19 19:24:44', 0);
INSERT INTO `purchase_requests` VALUES (127, 4, '0x00000000000000000000000000000000260R5TU8', 589, 'CNY', 'canceled', '2025-04-19 19:57:27', '2025-04-27 16:38:05', 0);
INSERT INTO `purchase_requests` VALUES (128, 4, '0x00000000000000000000000000000000260R5TU8', 589, 'CNY', 'requesting', '2025-04-19 19:57:27', '2025-04-19 19:57:27', 0);
INSERT INTO `purchase_requests` VALUES (129, 3, '0x00000000000000000000000000000000260D4DE4', 35999, 'CNY', 'completed', '2025-04-20 23:32:06', '2025-04-20 23:34:47', 215);
INSERT INTO `purchase_requests` VALUES (130, 3, '0x00000000000000000000000000000000260D4DE4', 35999, 'CNY', 'canceled', '2025-04-20 23:32:06', '2025-05-06 09:48:56', 0);
INSERT INTO `purchase_requests` VALUES (131, 3, '0x00000000000000000000000000000000260D4DE4', 35999, 'CNY', 'requesting', '2025-04-20 23:32:06', '2025-04-20 23:32:06', 0);
INSERT INTO `purchase_requests` VALUES (132, 2, '0x00000000000000000000000000000000260R5TU8', 4800, 'CNY', 'canceled', '2025-04-20 23:36:58', '2025-04-27 16:37:52', 0);
INSERT INTO `purchase_requests` VALUES (133, 2, '0x00000000000000000000000000000000260R5TU8', 4800, 'CNY', 'canceled', '2025-04-20 23:36:58', '2025-04-27 16:38:10', 0);
INSERT INTO `purchase_requests` VALUES (134, 3, '0x00000000000000000000000000000000260D4DE4', 40000, 'CNY', 'completed', '2025-04-20 23:52:22', '2025-04-20 23:53:25', 214);
INSERT INTO `purchase_requests` VALUES (135, 69, '0x00000000000000000000000000000000260R5TU8', 2389, 'CNY', 'requesting', '2025-05-07 10:31:37', '2025-05-07 10:31:37', 0);
INSERT INTO `purchase_requests` VALUES (136, 69, '0x00000000000000000000000000000000260R5TU8', 2389, 'CNY', 'requesting', '2025-05-07 10:31:37', '2025-05-07 10:31:37', 0);
INSERT INTO `purchase_requests` VALUES (137, 69, '0x00000000000000000000000000000000260R5TU8', 2389, 'CNY', 'requesting', '2025-05-07 10:31:37', '2025-05-07 10:31:37', 0);
INSERT INTO `purchase_requests` VALUES (138, 1, '0x00000000000000000000000000000000260R5TU8', 1999, 'CNY', 'completed', '2025-05-07 11:21:38', '2025-05-07 11:22:16', 84);
INSERT INTO `purchase_requests` VALUES (139, 19, '0x00000000000000000000000000000000260R5TU8', 2598, 'CNY', 'requesting', '2025-05-07 11:25:12', '2025-05-07 11:25:12', 0);
INSERT INTO `purchase_requests` VALUES (140, 5, '0x00000000000000000000000000000000260R5TU8', 1780, 'CNY', 'canceled', '2025-05-07 16:15:47', '2025-05-07 16:18:31', 0);
INSERT INTO `purchase_requests` VALUES (141, 4, '0x00000000000000000000000000000000260R5TU8', 699, 'CNY', 'requesting', '2025-07-16 02:50:14', '2025-07-16 02:50:14', 0);
INSERT INTO `purchase_requests` VALUES (142, 4, '0x00000000000000000000000000000000260R5TU8', 699, 'CNY', 'requesting', '2025-07-16 02:50:14', '2025-07-16 02:50:14', 0);
INSERT INTO `purchase_requests` VALUES (143, 71, '0x00000000000000000000000000000000260D4DE4', 255, 'CNY', 'completed', '2025-07-16 02:51:17', '2025-07-16 02:51:42', 228);
INSERT INTO `purchase_requests` VALUES (144, 71, '0x00000000000000000000000000000000260D4DE4', 255, 'CNY', 'canceled', '2025-07-16 02:51:17', '2025-07-16 02:52:26', 0);
INSERT INTO `purchase_requests` VALUES (145, 71, '0x00000000000000000000000000000000260D4DE4', 255, 'CNY', 'requesting', '2025-07-16 02:51:17', '2025-07-16 02:51:17', 0);
INSERT INTO `purchase_requests` VALUES (146, 71, '0x00000000000000000000000000000000260D4DE4', 255, 'CNY', 'requesting', '2025-07-16 02:51:17', '2025-07-16 02:51:17', 0);
INSERT INTO `purchase_requests` VALUES (147, 71, '0x00000000000000000000000000000000260D4DE4', 255, 'CNY', 'requesting', '2025-07-16 02:51:17', '2025-07-16 02:51:17', 0);

-- ----------------------------
-- Table structure for tags
-- ----------------------------
DROP TABLE IF EXISTS `tags`;
CREATE TABLE `tags`  (
  `id` int(11) NOT NULL AUTO_INCREMENT COMMENT '主键，唯一标识每个标签',
  `name` varchar(255) CHARACTER SET utf8 COLLATE utf8_general_ci NOT NULL COMMENT '标签的名称',
  PRIMARY KEY (`id`) USING BTREE,
  UNIQUE INDEX `name`(`name`) USING BTREE
) ENGINE = InnoDB AUTO_INCREMENT = 6 CHARACTER SET = utf8 COLLATE = utf8_general_ci COMMENT = '存储NFT标签信息的表' ROW_FORMAT = Compact;

-- ----------------------------
-- Records of tags
-- ----------------------------
INSERT INTO `tags` VALUES (5, '三国系列');
INSERT INTO `tags` VALUES (3, '十年甄选');
INSERT INTO `tags` VALUES (2, '新春系列');
INSERT INTO `tags` VALUES (1, '经典文化');
INSERT INTO `tags` VALUES (4, '赛博系列');

-- ----------------------------
-- Table structure for transaction_status
-- ----------------------------
DROP TABLE IF EXISTS `transaction_status`;
CREATE TABLE `transaction_status`  (
  `id` int(11) NOT NULL AUTO_INCREMENT,
  `transaction_id` int(11) NOT NULL,
  `status` varchar(20) CHARACTER SET utf8 COLLATE utf8_general_ci NOT NULL,
  `created_at` timestamp(0) NOT NULL DEFAULT CURRENT_TIMESTAMP(0),
  PRIMARY KEY (`id`) USING BTREE,
  INDEX `transaction_id`(`transaction_id`) USING BTREE
) ENGINE = InnoDB AUTO_INCREMENT = 522 CHARACTER SET = utf8 COLLATE = utf8_general_ci ROW_FORMAT = Compact;

-- ----------------------------
-- Records of transaction_status
-- ----------------------------
INSERT INTO `transaction_status` VALUES (1, 1, 'completed', '2024-03-25 04:46:39');
INSERT INTO `transaction_status` VALUES (2, 2, 'completed', '2024-10-14 04:46:39');
INSERT INTO `transaction_status` VALUES (3, 3, 'completed', '2024-11-29 04:46:39');
INSERT INTO `transaction_status` VALUES (4, 4, 'completed', '2025-03-06 04:46:39');
INSERT INTO `transaction_status` VALUES (5, 5, 'completed', '2024-12-13 04:46:39');
INSERT INTO `transaction_status` VALUES (6, 6, 'completed', '2025-03-10 04:46:39');
INSERT INTO `transaction_status` VALUES (7, 8, 'completed', '2024-12-20 04:46:39');
INSERT INTO `transaction_status` VALUES (8, 9, 'completed', '2025-01-06 04:46:39');
INSERT INTO `transaction_status` VALUES (9, 10, 'completed', '2024-12-20 04:46:39');
INSERT INTO `transaction_status` VALUES (10, 11, 'completed', '2024-05-01 04:46:39');
INSERT INTO `transaction_status` VALUES (11, 12, 'completed', '2024-06-15 04:46:39');
INSERT INTO `transaction_status` VALUES (12, 13, 'completed', '2025-01-14 04:46:39');
INSERT INTO `transaction_status` VALUES (13, 14, 'completed', '2024-04-27 04:46:39');
INSERT INTO `transaction_status` VALUES (14, 15, 'completed', '2024-08-16 04:46:39');
INSERT INTO `transaction_status` VALUES (15, 16, 'completed', '2025-03-05 04:46:39');
INSERT INTO `transaction_status` VALUES (16, 17, 'completed', '2024-09-23 04:46:39');
INSERT INTO `transaction_status` VALUES (17, 18, 'completed', '2025-01-31 04:46:39');
INSERT INTO `transaction_status` VALUES (18, 19, 'completed', '2024-06-16 04:46:39');
INSERT INTO `transaction_status` VALUES (19, 20, 'completed', '2024-07-10 04:46:39');
INSERT INTO `transaction_status` VALUES (20, 21, 'completed', '2025-02-21 04:46:39');
INSERT INTO `transaction_status` VALUES (21, 22, 'completed', '2025-02-03 04:46:39');
INSERT INTO `transaction_status` VALUES (22, 23, 'completed', '2024-05-27 04:46:39');
INSERT INTO `transaction_status` VALUES (23, 24, 'completed', '2024-11-12 04:46:39');
INSERT INTO `transaction_status` VALUES (24, 25, 'completed', '2024-05-19 04:46:39');
INSERT INTO `transaction_status` VALUES (25, 26, 'completed', '2025-01-09 04:46:39');
INSERT INTO `transaction_status` VALUES (26, 27, 'completed', '2024-05-20 04:46:39');
INSERT INTO `transaction_status` VALUES (27, 28, 'completed', '2024-08-12 04:46:39');
INSERT INTO `transaction_status` VALUES (28, 29, 'completed', '2025-01-07 04:46:39');
INSERT INTO `transaction_status` VALUES (29, 30, 'completed', '2024-05-19 04:46:39');
INSERT INTO `transaction_status` VALUES (30, 31, 'completed', '2024-04-07 04:46:39');
INSERT INTO `transaction_status` VALUES (31, 32, 'completed', '2024-10-31 04:46:39');
INSERT INTO `transaction_status` VALUES (32, 33, 'completed', '2024-05-04 04:46:39');
INSERT INTO `transaction_status` VALUES (33, 34, 'completed', '2024-08-31 04:46:39');
INSERT INTO `transaction_status` VALUES (34, 35, 'completed', '2024-06-06 04:46:39');
INSERT INTO `transaction_status` VALUES (35, 36, 'completed', '2024-07-30 04:46:39');
INSERT INTO `transaction_status` VALUES (36, 37, 'completed', '2025-01-06 04:46:39');
INSERT INTO `transaction_status` VALUES (37, 38, 'completed', '2024-05-09 04:46:39');
INSERT INTO `transaction_status` VALUES (38, 39, 'completed', '2024-05-14 04:46:39');
INSERT INTO `transaction_status` VALUES (39, 40, 'completed', '2024-04-21 04:46:39');
INSERT INTO `transaction_status` VALUES (40, 41, 'completed', '2024-08-02 04:46:39');
INSERT INTO `transaction_status` VALUES (41, 42, 'completed', '2024-10-25 04:46:39');
INSERT INTO `transaction_status` VALUES (42, 43, 'completed', '2024-03-28 04:46:39');
INSERT INTO `transaction_status` VALUES (43, 44, 'completed', '2024-11-14 04:46:39');
INSERT INTO `transaction_status` VALUES (44, 45, 'completed', '2024-10-24 04:46:39');
INSERT INTO `transaction_status` VALUES (45, 46, 'completed', '2024-12-15 04:46:39');
INSERT INTO `transaction_status` VALUES (46, 47, 'completed', '2024-10-17 04:46:39');
INSERT INTO `transaction_status` VALUES (47, 48, 'completed', '2024-11-30 04:46:39');
INSERT INTO `transaction_status` VALUES (48, 49, 'completed', '2025-02-22 04:46:39');
INSERT INTO `transaction_status` VALUES (49, 50, 'completed', '2024-10-06 04:46:39');
INSERT INTO `transaction_status` VALUES (50, 51, 'completed', '2024-12-20 04:46:39');
INSERT INTO `transaction_status` VALUES (51, 52, 'completed', '2024-09-03 04:46:39');
INSERT INTO `transaction_status` VALUES (52, 53, 'completed', '2024-06-24 04:46:39');
INSERT INTO `transaction_status` VALUES (53, 54, 'completed', '2024-05-21 04:46:39');
INSERT INTO `transaction_status` VALUES (54, 55, 'completed', '2025-01-24 04:46:39');
INSERT INTO `transaction_status` VALUES (55, 56, 'completed', '2024-09-13 04:46:39');
INSERT INTO `transaction_status` VALUES (56, 57, 'completed', '2024-10-02 04:46:39');
INSERT INTO `transaction_status` VALUES (57, 58, 'completed', '2024-06-10 04:46:39');
INSERT INTO `transaction_status` VALUES (58, 59, 'completed', '2024-04-26 04:46:39');
INSERT INTO `transaction_status` VALUES (59, 60, 'completed', '2024-07-29 04:46:39');
INSERT INTO `transaction_status` VALUES (60, 61, 'completed', '2024-12-20 04:46:39');
INSERT INTO `transaction_status` VALUES (61, 62, 'completed', '2024-04-10 04:46:39');
INSERT INTO `transaction_status` VALUES (62, 63, 'completed', '2025-02-06 04:46:39');
INSERT INTO `transaction_status` VALUES (63, 64, 'completed', '2024-07-11 04:46:39');
INSERT INTO `transaction_status` VALUES (64, 65, 'completed', '2024-07-02 04:46:39');
INSERT INTO `transaction_status` VALUES (65, 66, 'completed', '2024-12-20 04:46:39');
INSERT INTO `transaction_status` VALUES (66, 67, 'completed', '2024-05-30 04:46:39');
INSERT INTO `transaction_status` VALUES (67, 68, 'completed', '2024-11-20 04:46:39');
INSERT INTO `transaction_status` VALUES (68, 69, 'completed', '2024-12-03 04:46:39');
INSERT INTO `transaction_status` VALUES (69, 70, 'completed', '2024-12-16 04:46:39');
INSERT INTO `transaction_status` VALUES (70, 71, 'completed', '2024-04-12 04:46:39');
INSERT INTO `transaction_status` VALUES (71, 72, 'completed', '2024-12-27 04:46:39');
INSERT INTO `transaction_status` VALUES (72, 73, 'completed', '2024-10-09 04:46:39');
INSERT INTO `transaction_status` VALUES (73, 74, 'completed', '2024-08-04 04:46:39');
INSERT INTO `transaction_status` VALUES (74, 75, 'completed', '2024-12-29 04:46:39');
INSERT INTO `transaction_status` VALUES (75, 76, 'completed', '2024-04-11 04:46:39');
INSERT INTO `transaction_status` VALUES (76, 77, 'completed', '2024-08-01 04:46:39');
INSERT INTO `transaction_status` VALUES (77, 78, 'completed', '2024-09-16 04:46:39');
INSERT INTO `transaction_status` VALUES (78, 79, 'completed', '2025-02-17 04:46:39');
INSERT INTO `transaction_status` VALUES (79, 80, 'completed', '2024-09-01 04:46:39');
INSERT INTO `transaction_status` VALUES (80, 81, 'completed', '2024-08-15 04:46:39');
INSERT INTO `transaction_status` VALUES (81, 82, 'completed', '2025-01-18 04:46:39');
INSERT INTO `transaction_status` VALUES (82, 83, 'completed', '2025-02-06 04:46:39');
INSERT INTO `transaction_status` VALUES (83, 84, 'completed', '2025-01-06 04:46:39');
INSERT INTO `transaction_status` VALUES (84, 85, 'completed', '2025-02-09 04:46:39');
INSERT INTO `transaction_status` VALUES (85, 86, 'completed', '2024-09-21 04:46:39');
INSERT INTO `transaction_status` VALUES (86, 87, 'completed', '2024-12-28 04:46:39');
INSERT INTO `transaction_status` VALUES (87, 88, 'completed', '2024-09-12 04:46:39');
INSERT INTO `transaction_status` VALUES (88, 89, 'completed', '2024-11-10 04:46:39');
INSERT INTO `transaction_status` VALUES (89, 90, 'completed', '2024-05-24 04:46:39');
INSERT INTO `transaction_status` VALUES (90, 91, 'completed', '2024-08-20 04:46:39');
INSERT INTO `transaction_status` VALUES (91, 92, 'completed', '2024-11-08 04:46:39');
INSERT INTO `transaction_status` VALUES (92, 93, 'completed', '2024-12-06 04:46:39');
INSERT INTO `transaction_status` VALUES (93, 94, 'completed', '2025-02-25 04:46:39');
INSERT INTO `transaction_status` VALUES (94, 95, 'completed', '2024-05-25 04:46:39');
INSERT INTO `transaction_status` VALUES (95, 96, 'completed', '2024-09-11 04:46:39');
INSERT INTO `transaction_status` VALUES (96, 97, 'completed', '2024-08-07 04:46:39');
INSERT INTO `transaction_status` VALUES (97, 98, 'completed', '2025-01-10 04:46:39');
INSERT INTO `transaction_status` VALUES (98, 99, 'completed', '2025-01-27 04:46:39');
INSERT INTO `transaction_status` VALUES (99, 100, 'completed', '2024-07-13 04:46:39');
INSERT INTO `transaction_status` VALUES (100, 101, 'completed', '2024-10-31 04:46:39');
INSERT INTO `transaction_status` VALUES (101, 102, 'completed', '2024-09-25 04:46:39');
INSERT INTO `transaction_status` VALUES (102, 103, 'completed', '2024-12-07 04:46:39');
INSERT INTO `transaction_status` VALUES (103, 104, 'completed', '2024-10-29 04:46:39');
INSERT INTO `transaction_status` VALUES (104, 105, 'completed', '2024-05-03 04:46:39');
INSERT INTO `transaction_status` VALUES (105, 106, 'completed', '2024-09-03 04:46:39');
INSERT INTO `transaction_status` VALUES (106, 107, 'completed', '2024-07-23 04:46:39');
INSERT INTO `transaction_status` VALUES (107, 108, 'completed', '2024-12-06 04:46:39');
INSERT INTO `transaction_status` VALUES (108, 109, 'completed', '2025-02-05 04:46:39');
INSERT INTO `transaction_status` VALUES (109, 110, 'completed', '2025-02-17 04:46:39');
INSERT INTO `transaction_status` VALUES (110, 111, 'completed', '2024-05-07 04:46:39');
INSERT INTO `transaction_status` VALUES (111, 112, 'completed', '2024-09-23 04:46:39');
INSERT INTO `transaction_status` VALUES (112, 113, 'completed', '2024-09-07 04:46:39');
INSERT INTO `transaction_status` VALUES (113, 114, 'completed', '2025-01-25 04:46:39');
INSERT INTO `transaction_status` VALUES (114, 115, 'completed', '2024-08-21 04:46:39');
INSERT INTO `transaction_status` VALUES (115, 116, 'completed', '2024-04-30 04:46:39');
INSERT INTO `transaction_status` VALUES (116, 117, 'completed', '2025-03-15 04:46:39');
INSERT INTO `transaction_status` VALUES (117, 118, 'completed', '2024-05-06 04:46:39');
INSERT INTO `transaction_status` VALUES (118, 119, 'completed', '2024-05-06 04:46:39');
INSERT INTO `transaction_status` VALUES (119, 120, 'completed', '2025-03-04 04:46:39');
INSERT INTO `transaction_status` VALUES (120, 121, 'completed', '2024-08-28 04:46:39');
INSERT INTO `transaction_status` VALUES (121, 122, 'completed', '2024-10-05 04:46:39');
INSERT INTO `transaction_status` VALUES (122, 123, 'completed', '2024-09-23 04:46:39');
INSERT INTO `transaction_status` VALUES (123, 124, 'completed', '2024-05-26 04:46:39');
INSERT INTO `transaction_status` VALUES (124, 125, 'completed', '2024-10-23 04:46:39');
INSERT INTO `transaction_status` VALUES (125, 126, 'completed', '2024-10-03 04:46:39');
INSERT INTO `transaction_status` VALUES (126, 127, 'completed', '2024-12-09 04:46:39');
INSERT INTO `transaction_status` VALUES (127, 128, 'completed', '2024-08-15 04:46:39');
INSERT INTO `transaction_status` VALUES (128, 129, 'completed', '2024-05-08 04:46:39');
INSERT INTO `transaction_status` VALUES (129, 130, 'completed', '2024-04-10 04:46:39');
INSERT INTO `transaction_status` VALUES (130, 131, 'completed', '2024-07-15 04:46:39');
INSERT INTO `transaction_status` VALUES (131, 132, 'completed', '2025-02-09 04:46:39');
INSERT INTO `transaction_status` VALUES (132, 133, 'completed', '2024-10-30 04:46:39');
INSERT INTO `transaction_status` VALUES (133, 134, 'completed', '2024-04-19 04:46:39');
INSERT INTO `transaction_status` VALUES (134, 135, 'completed', '2024-11-15 04:46:39');
INSERT INTO `transaction_status` VALUES (135, 136, 'completed', '2025-03-11 04:46:39');
INSERT INTO `transaction_status` VALUES (136, 137, 'completed', '2025-03-05 04:46:39');
INSERT INTO `transaction_status` VALUES (137, 138, 'completed', '2024-09-03 04:46:39');
INSERT INTO `transaction_status` VALUES (138, 139, 'completed', '2025-03-19 04:46:39');
INSERT INTO `transaction_status` VALUES (139, 140, 'completed', '2025-01-05 04:46:39');
INSERT INTO `transaction_status` VALUES (140, 141, 'completed', '2024-10-10 04:46:39');
INSERT INTO `transaction_status` VALUES (141, 142, 'completed', '2024-08-26 04:46:39');
INSERT INTO `transaction_status` VALUES (142, 143, 'completed', '2024-08-12 04:46:39');
INSERT INTO `transaction_status` VALUES (143, 144, 'completed', '2025-03-10 04:46:39');
INSERT INTO `transaction_status` VALUES (144, 145, 'completed', '2024-07-24 04:46:39');
INSERT INTO `transaction_status` VALUES (145, 146, 'completed', '2024-11-04 04:46:39');
INSERT INTO `transaction_status` VALUES (146, 147, 'completed', '2024-09-24 04:46:39');
INSERT INTO `transaction_status` VALUES (147, 148, 'completed', '2024-09-26 04:46:39');
INSERT INTO `transaction_status` VALUES (148, 149, 'completed', '2024-05-12 04:46:39');
INSERT INTO `transaction_status` VALUES (149, 150, 'completed', '2024-12-17 04:46:39');
INSERT INTO `transaction_status` VALUES (150, 151, 'completed', '2024-11-05 04:46:39');
INSERT INTO `transaction_status` VALUES (151, 152, 'completed', '2024-06-15 04:46:39');
INSERT INTO `transaction_status` VALUES (152, 153, 'completed', '2024-12-15 04:46:39');
INSERT INTO `transaction_status` VALUES (153, 154, 'completed', '2024-11-06 04:46:39');
INSERT INTO `transaction_status` VALUES (154, 155, 'completed', '2024-05-19 04:46:39');
INSERT INTO `transaction_status` VALUES (155, 156, 'completed', '2024-12-27 04:46:39');
INSERT INTO `transaction_status` VALUES (156, 157, 'completed', '2024-09-24 04:46:39');
INSERT INTO `transaction_status` VALUES (157, 158, 'completed', '2024-09-29 04:46:39');
INSERT INTO `transaction_status` VALUES (158, 159, 'completed', '2025-03-15 04:46:39');
INSERT INTO `transaction_status` VALUES (159, 160, 'completed', '2024-12-29 04:46:39');
INSERT INTO `transaction_status` VALUES (160, 161, 'completed', '2024-08-17 04:46:39');
INSERT INTO `transaction_status` VALUES (161, 162, 'completed', '2024-10-27 04:46:39');
INSERT INTO `transaction_status` VALUES (162, 163, 'completed', '2024-11-13 04:46:39');
INSERT INTO `transaction_status` VALUES (163, 164, 'completed', '2025-01-17 04:46:39');
INSERT INTO `transaction_status` VALUES (164, 165, 'completed', '2025-02-11 04:46:39');
INSERT INTO `transaction_status` VALUES (165, 166, 'completed', '2025-03-23 04:46:39');
INSERT INTO `transaction_status` VALUES (166, 167, 'completed', '2025-02-03 04:46:39');
INSERT INTO `transaction_status` VALUES (167, 168, 'completed', '2024-06-13 04:46:39');
INSERT INTO `transaction_status` VALUES (168, 169, 'completed', '2024-05-07 04:46:39');
INSERT INTO `transaction_status` VALUES (169, 170, 'completed', '2024-03-27 04:46:39');
INSERT INTO `transaction_status` VALUES (170, 171, 'completed', '2024-11-02 04:46:39');
INSERT INTO `transaction_status` VALUES (171, 172, 'completed', '2024-09-21 04:46:39');
INSERT INTO `transaction_status` VALUES (172, 173, 'completed', '2025-01-09 04:46:39');
INSERT INTO `transaction_status` VALUES (173, 174, 'completed', '2025-02-15 04:46:39');
INSERT INTO `transaction_status` VALUES (174, 175, 'completed', '2024-11-17 04:46:39');
INSERT INTO `transaction_status` VALUES (175, 176, 'completed', '2025-01-17 04:46:39');
INSERT INTO `transaction_status` VALUES (176, 177, 'completed', '2024-12-30 04:46:39');
INSERT INTO `transaction_status` VALUES (177, 178, 'completed', '2024-10-11 04:46:39');
INSERT INTO `transaction_status` VALUES (178, 179, 'completed', '2024-09-17 04:46:39');
INSERT INTO `transaction_status` VALUES (179, 180, 'completed', '2024-08-03 04:46:39');
INSERT INTO `transaction_status` VALUES (180, 181, 'completed', '2024-07-07 04:46:39');
INSERT INTO `transaction_status` VALUES (181, 182, 'completed', '2024-05-10 04:46:39');
INSERT INTO `transaction_status` VALUES (182, 183, 'completed', '2024-08-25 04:46:39');
INSERT INTO `transaction_status` VALUES (183, 184, 'completed', '2024-07-04 04:46:39');
INSERT INTO `transaction_status` VALUES (184, 185, 'completed', '2024-04-29 04:46:39');
INSERT INTO `transaction_status` VALUES (185, 186, 'completed', '2024-12-29 04:46:39');
INSERT INTO `transaction_status` VALUES (186, 187, 'completed', '2024-05-28 04:46:39');
INSERT INTO `transaction_status` VALUES (187, 188, 'completed', '2024-08-02 04:46:39');
INSERT INTO `transaction_status` VALUES (188, 189, 'completed', '2025-01-06 04:46:39');
INSERT INTO `transaction_status` VALUES (189, 190, 'completed', '2025-03-20 04:46:39');
INSERT INTO `transaction_status` VALUES (190, 191, 'completed', '2024-11-01 04:46:39');
INSERT INTO `transaction_status` VALUES (191, 192, 'completed', '2024-07-09 04:46:39');
INSERT INTO `transaction_status` VALUES (192, 193, 'completed', '2025-01-22 04:46:39');
INSERT INTO `transaction_status` VALUES (193, 194, 'completed', '2025-02-04 04:46:39');
INSERT INTO `transaction_status` VALUES (194, 195, 'completed', '2024-03-26 04:46:39');
INSERT INTO `transaction_status` VALUES (195, 196, 'completed', '2024-09-06 04:46:39');
INSERT INTO `transaction_status` VALUES (196, 197, 'completed', '2024-05-24 04:46:39');
INSERT INTO `transaction_status` VALUES (197, 198, 'completed', '2024-12-20 04:46:39');
INSERT INTO `transaction_status` VALUES (198, 199, 'completed', '2024-10-06 04:46:39');
INSERT INTO `transaction_status` VALUES (199, 200, 'completed', '2024-08-11 04:46:39');
INSERT INTO `transaction_status` VALUES (200, 201, 'completed', '2024-04-28 04:46:39');
INSERT INTO `transaction_status` VALUES (201, 202, 'completed', '2024-11-26 04:46:39');
INSERT INTO `transaction_status` VALUES (202, 203, 'completed', '2024-10-12 04:46:39');
INSERT INTO `transaction_status` VALUES (203, 204, 'completed', '2024-12-01 04:46:39');
INSERT INTO `transaction_status` VALUES (204, 205, 'completed', '2024-10-22 04:46:39');
INSERT INTO `transaction_status` VALUES (205, 206, 'completed', '2024-08-13 04:46:39');
INSERT INTO `transaction_status` VALUES (206, 207, 'completed', '2024-05-01 04:46:39');
INSERT INTO `transaction_status` VALUES (207, 208, 'completed', '2024-10-24 04:46:39');
INSERT INTO `transaction_status` VALUES (208, 209, 'completed', '2024-10-18 04:46:39');
INSERT INTO `transaction_status` VALUES (209, 210, 'completed', '2024-07-04 04:46:39');
INSERT INTO `transaction_status` VALUES (210, 211, 'completed', '2024-11-04 04:46:39');
INSERT INTO `transaction_status` VALUES (211, 212, 'completed', '2024-05-09 04:46:39');
INSERT INTO `transaction_status` VALUES (212, 213, 'completed', '2024-05-26 04:46:39');
INSERT INTO `transaction_status` VALUES (213, 214, 'completed', '2024-06-24 04:46:39');
INSERT INTO `transaction_status` VALUES (214, 215, 'completed', '2024-10-08 04:46:39');
INSERT INTO `transaction_status` VALUES (215, 216, 'completed', '2024-10-13 04:46:39');
INSERT INTO `transaction_status` VALUES (216, 217, 'completed', '2024-04-02 04:46:39');
INSERT INTO `transaction_status` VALUES (217, 218, 'completed', '2025-01-28 04:46:39');
INSERT INTO `transaction_status` VALUES (218, 219, 'completed', '2024-12-11 04:46:39');
INSERT INTO `transaction_status` VALUES (219, 220, 'completed', '2024-08-29 04:46:39');
INSERT INTO `transaction_status` VALUES (220, 221, 'completed', '2025-02-09 04:46:39');
INSERT INTO `transaction_status` VALUES (221, 222, 'completed', '2024-09-07 04:46:39');
INSERT INTO `transaction_status` VALUES (222, 223, 'completed', '2024-07-11 04:46:39');
INSERT INTO `transaction_status` VALUES (223, 224, 'completed', '2024-08-15 04:46:39');
INSERT INTO `transaction_status` VALUES (224, 225, 'completed', '2025-01-30 04:46:39');
INSERT INTO `transaction_status` VALUES (225, 226, 'completed', '2025-01-12 04:46:39');
INSERT INTO `transaction_status` VALUES (226, 227, 'completed', '2024-06-02 04:46:39');
INSERT INTO `transaction_status` VALUES (227, 228, 'completed', '2024-07-27 04:46:39');
INSERT INTO `transaction_status` VALUES (228, 229, 'completed', '2024-07-04 04:46:39');
INSERT INTO `transaction_status` VALUES (229, 230, 'completed', '2024-07-18 04:46:39');
INSERT INTO `transaction_status` VALUES (230, 231, 'completed', '2024-05-31 04:46:39');
INSERT INTO `transaction_status` VALUES (231, 232, 'completed', '2024-07-17 04:46:39');
INSERT INTO `transaction_status` VALUES (232, 233, 'completed', '2024-11-03 04:46:39');
INSERT INTO `transaction_status` VALUES (233, 234, 'completed', '2025-02-11 04:46:39');
INSERT INTO `transaction_status` VALUES (234, 235, 'completed', '2024-08-12 04:46:39');
INSERT INTO `transaction_status` VALUES (235, 236, 'completed', '2025-02-23 04:46:39');
INSERT INTO `transaction_status` VALUES (236, 237, 'completed', '2024-05-03 04:46:39');
INSERT INTO `transaction_status` VALUES (237, 238, 'completed', '2024-06-10 04:46:39');
INSERT INTO `transaction_status` VALUES (238, 239, 'completed', '2025-01-05 04:46:39');
INSERT INTO `transaction_status` VALUES (239, 240, 'completed', '2024-08-31 04:46:39');
INSERT INTO `transaction_status` VALUES (240, 241, 'completed', '2025-01-08 04:46:39');
INSERT INTO `transaction_status` VALUES (241, 242, 'completed', '2024-04-20 04:46:39');
INSERT INTO `transaction_status` VALUES (242, 243, 'completed', '2024-11-28 04:46:39');
INSERT INTO `transaction_status` VALUES (243, 244, 'completed', '2024-11-09 04:46:39');
INSERT INTO `transaction_status` VALUES (244, 245, 'completed', '2025-02-14 04:46:39');
INSERT INTO `transaction_status` VALUES (245, 246, 'completed', '2024-05-29 04:46:39');
INSERT INTO `transaction_status` VALUES (246, 247, 'completed', '2024-04-12 04:46:39');
INSERT INTO `transaction_status` VALUES (247, 248, 'completed', '2024-07-24 04:46:39');
INSERT INTO `transaction_status` VALUES (248, 249, 'completed', '2024-08-13 04:46:39');
INSERT INTO `transaction_status` VALUES (249, 250, 'completed', '2024-07-31 04:46:39');
INSERT INTO `transaction_status` VALUES (250, 251, 'completed', '2024-04-10 04:46:39');
INSERT INTO `transaction_status` VALUES (251, 252, 'completed', '2024-05-28 04:46:39');
INSERT INTO `transaction_status` VALUES (252, 253, 'completed', '2024-08-27 04:46:39');
INSERT INTO `transaction_status` VALUES (253, 254, 'completed', '2024-11-03 04:46:39');
INSERT INTO `transaction_status` VALUES (254, 255, 'completed', '2025-02-27 04:46:39');
INSERT INTO `transaction_status` VALUES (255, 256, 'completed', '2025-02-01 04:46:39');
INSERT INTO `transaction_status` VALUES (256, 257, 'completed', '2024-07-12 04:46:39');
INSERT INTO `transaction_status` VALUES (257, 258, 'completed', '2025-03-22 04:46:39');
INSERT INTO `transaction_status` VALUES (258, 259, 'completed', '2025-03-11 04:46:39');
INSERT INTO `transaction_status` VALUES (259, 260, 'completed', '2024-12-14 04:46:39');
INSERT INTO `transaction_status` VALUES (260, 261, 'completed', '2025-02-28 04:46:39');
INSERT INTO `transaction_status` VALUES (261, 262, 'completed', '2024-08-30 04:46:39');
INSERT INTO `transaction_status` VALUES (262, 263, 'completed', '2024-06-19 04:46:39');
INSERT INTO `transaction_status` VALUES (263, 264, 'completed', '2024-04-03 04:46:39');
INSERT INTO `transaction_status` VALUES (264, 265, 'completed', '2024-05-05 04:46:39');
INSERT INTO `transaction_status` VALUES (265, 266, 'completed', '2024-05-04 04:46:39');
INSERT INTO `transaction_status` VALUES (266, 267, 'completed', '2025-01-04 04:46:39');
INSERT INTO `transaction_status` VALUES (267, 268, 'completed', '2025-03-08 04:46:39');
INSERT INTO `transaction_status` VALUES (268, 269, 'completed', '2025-01-26 04:46:39');
INSERT INTO `transaction_status` VALUES (269, 270, 'completed', '2024-11-07 04:46:39');
INSERT INTO `transaction_status` VALUES (270, 271, 'completed', '2024-07-02 04:46:39');
INSERT INTO `transaction_status` VALUES (271, 272, 'completed', '2024-10-13 04:46:39');
INSERT INTO `transaction_status` VALUES (272, 273, 'completed', '2025-01-13 04:46:39');
INSERT INTO `transaction_status` VALUES (273, 274, 'completed', '2024-09-26 04:46:39');
INSERT INTO `transaction_status` VALUES (274, 275, 'completed', '2024-10-16 04:46:39');
INSERT INTO `transaction_status` VALUES (275, 276, 'completed', '2024-11-02 04:46:39');
INSERT INTO `transaction_status` VALUES (276, 277, 'completed', '2024-08-26 04:46:39');
INSERT INTO `transaction_status` VALUES (277, 278, 'completed', '2024-11-26 04:46:39');
INSERT INTO `transaction_status` VALUES (278, 279, 'completed', '2024-09-09 04:46:39');
INSERT INTO `transaction_status` VALUES (279, 280, 'completed', '2024-09-25 04:46:39');
INSERT INTO `transaction_status` VALUES (280, 281, 'completed', '2025-01-06 04:46:39');
INSERT INTO `transaction_status` VALUES (281, 282, 'completed', '2024-10-17 04:46:39');
INSERT INTO `transaction_status` VALUES (282, 283, 'completed', '2024-05-21 04:46:39');
INSERT INTO `transaction_status` VALUES (283, 284, 'completed', '2025-02-21 04:46:39');
INSERT INTO `transaction_status` VALUES (284, 285, 'completed', '2024-11-23 04:46:39');
INSERT INTO `transaction_status` VALUES (285, 286, 'completed', '2024-10-22 04:46:39');
INSERT INTO `transaction_status` VALUES (286, 287, 'completed', '2024-11-21 04:46:39');
INSERT INTO `transaction_status` VALUES (287, 288, 'completed', '2024-09-28 04:46:39');
INSERT INTO `transaction_status` VALUES (288, 289, 'completed', '2024-05-24 04:46:39');
INSERT INTO `transaction_status` VALUES (289, 290, 'completed', '2024-09-04 04:46:39');
INSERT INTO `transaction_status` VALUES (290, 291, 'completed', '2025-03-05 04:46:39');
INSERT INTO `transaction_status` VALUES (291, 292, 'completed', '2024-06-06 04:46:39');
INSERT INTO `transaction_status` VALUES (292, 293, 'completed', '2024-06-26 04:46:39');
INSERT INTO `transaction_status` VALUES (293, 294, 'completed', '2025-01-20 04:46:39');
INSERT INTO `transaction_status` VALUES (294, 295, 'completed', '2024-08-10 04:46:39');
INSERT INTO `transaction_status` VALUES (295, 296, 'completed', '2024-11-17 04:46:39');
INSERT INTO `transaction_status` VALUES (296, 297, 'completed', '2025-02-20 04:46:39');
INSERT INTO `transaction_status` VALUES (297, 298, 'completed', '2024-05-22 04:46:39');
INSERT INTO `transaction_status` VALUES (298, 299, 'completed', '2024-06-17 04:46:39');
INSERT INTO `transaction_status` VALUES (299, 300, 'completed', '2024-07-09 04:46:39');
INSERT INTO `transaction_status` VALUES (300, 301, 'completed', '2024-06-08 04:46:39');
INSERT INTO `transaction_status` VALUES (301, 302, 'completed', '2024-07-30 04:46:39');
INSERT INTO `transaction_status` VALUES (302, 303, 'completed', '2025-01-04 04:46:39');
INSERT INTO `transaction_status` VALUES (303, 304, 'completed', '2024-10-15 04:46:39');
INSERT INTO `transaction_status` VALUES (304, 305, 'completed', '2024-05-20 04:46:39');
INSERT INTO `transaction_status` VALUES (305, 306, 'completed', '2024-05-24 04:46:39');
INSERT INTO `transaction_status` VALUES (306, 307, 'completed', '2024-08-27 04:46:39');
INSERT INTO `transaction_status` VALUES (307, 308, 'completed', '2024-05-10 04:46:39');
INSERT INTO `transaction_status` VALUES (308, 309, 'completed', '2024-12-03 04:46:39');
INSERT INTO `transaction_status` VALUES (309, 310, 'completed', '2024-08-21 04:46:39');
INSERT INTO `transaction_status` VALUES (310, 311, 'completed', '2024-11-10 04:46:39');
INSERT INTO `transaction_status` VALUES (311, 312, 'completed', '2024-05-30 04:46:39');
INSERT INTO `transaction_status` VALUES (312, 313, 'completed', '2024-11-01 04:46:39');
INSERT INTO `transaction_status` VALUES (313, 314, 'completed', '2024-11-08 04:46:39');
INSERT INTO `transaction_status` VALUES (314, 315, 'completed', '2025-01-27 04:46:39');
INSERT INTO `transaction_status` VALUES (315, 316, 'completed', '2025-01-31 04:46:39');
INSERT INTO `transaction_status` VALUES (316, 317, 'completed', '2024-07-14 04:46:39');
INSERT INTO `transaction_status` VALUES (317, 318, 'completed', '2025-01-27 04:46:39');
INSERT INTO `transaction_status` VALUES (318, 319, 'completed', '2025-01-14 04:46:39');
INSERT INTO `transaction_status` VALUES (319, 320, 'completed', '2025-02-14 04:46:39');
INSERT INTO `transaction_status` VALUES (320, 321, 'completed', '2025-02-19 04:46:39');
INSERT INTO `transaction_status` VALUES (321, 322, 'completed', '2024-07-25 04:46:39');
INSERT INTO `transaction_status` VALUES (322, 323, 'completed', '2024-04-26 04:46:39');
INSERT INTO `transaction_status` VALUES (323, 324, 'completed', '2024-12-08 04:46:39');
INSERT INTO `transaction_status` VALUES (324, 325, 'completed', '2024-06-08 04:46:39');
INSERT INTO `transaction_status` VALUES (325, 326, 'completed', '2024-06-26 04:46:39');
INSERT INTO `transaction_status` VALUES (326, 327, 'completed', '2024-09-10 04:46:39');
INSERT INTO `transaction_status` VALUES (327, 328, 'completed', '2024-11-02 04:46:39');
INSERT INTO `transaction_status` VALUES (328, 329, 'completed', '2024-07-26 04:46:39');
INSERT INTO `transaction_status` VALUES (329, 330, 'completed', '2024-04-02 04:46:39');
INSERT INTO `transaction_status` VALUES (330, 331, 'completed', '2025-01-13 04:46:39');
INSERT INTO `transaction_status` VALUES (331, 332, 'completed', '2024-06-19 04:46:39');
INSERT INTO `transaction_status` VALUES (332, 333, 'completed', '2024-10-21 04:46:39');
INSERT INTO `transaction_status` VALUES (333, 334, 'completed', '2024-08-19 04:46:39');
INSERT INTO `transaction_status` VALUES (334, 335, 'completed', '2024-10-26 04:46:39');
INSERT INTO `transaction_status` VALUES (335, 336, 'completed', '2024-07-03 04:46:39');
INSERT INTO `transaction_status` VALUES (336, 337, 'completed', '2024-09-12 04:46:39');
INSERT INTO `transaction_status` VALUES (337, 338, 'completed', '2025-01-07 04:46:39');
INSERT INTO `transaction_status` VALUES (338, 339, 'completed', '2024-07-31 04:46:39');
INSERT INTO `transaction_status` VALUES (339, 340, 'completed', '2024-05-06 04:46:39');
INSERT INTO `transaction_status` VALUES (340, 341, 'completed', '2024-11-19 04:46:39');
INSERT INTO `transaction_status` VALUES (341, 342, 'completed', '2024-05-08 04:46:39');
INSERT INTO `transaction_status` VALUES (342, 343, 'completed', '2025-02-07 04:46:39');
INSERT INTO `transaction_status` VALUES (343, 344, 'completed', '2024-05-17 04:46:39');
INSERT INTO `transaction_status` VALUES (344, 345, 'completed', '2024-06-05 04:46:39');
INSERT INTO `transaction_status` VALUES (345, 346, 'completed', '2024-12-11 04:46:39');
INSERT INTO `transaction_status` VALUES (346, 347, 'completed', '2024-05-02 04:46:39');
INSERT INTO `transaction_status` VALUES (347, 348, 'completed', '2024-07-24 04:46:39');
INSERT INTO `transaction_status` VALUES (348, 349, 'completed', '2024-10-05 04:46:39');
INSERT INTO `transaction_status` VALUES (349, 350, 'completed', '2025-03-13 04:46:39');
INSERT INTO `transaction_status` VALUES (350, 351, 'completed', '2025-03-01 04:46:39');
INSERT INTO `transaction_status` VALUES (351, 352, 'completed', '2024-11-19 04:46:39');
INSERT INTO `transaction_status` VALUES (352, 353, 'completed', '2024-09-08 04:46:39');
INSERT INTO `transaction_status` VALUES (353, 354, 'completed', '2024-04-13 04:46:39');
INSERT INTO `transaction_status` VALUES (354, 355, 'completed', '2025-02-09 04:46:39');
INSERT INTO `transaction_status` VALUES (355, 356, 'completed', '2024-09-23 04:46:39');
INSERT INTO `transaction_status` VALUES (356, 357, 'completed', '2024-09-06 04:46:39');
INSERT INTO `transaction_status` VALUES (357, 358, 'completed', '2024-08-28 04:46:39');
INSERT INTO `transaction_status` VALUES (358, 359, 'completed', '2024-11-03 04:46:39');
INSERT INTO `transaction_status` VALUES (359, 360, 'completed', '2024-09-15 04:46:39');
INSERT INTO `transaction_status` VALUES (360, 361, 'completed', '2025-01-01 04:46:39');
INSERT INTO `transaction_status` VALUES (361, 362, 'completed', '2024-10-03 04:46:39');
INSERT INTO `transaction_status` VALUES (362, 363, 'completed', '2024-08-09 04:46:39');
INSERT INTO `transaction_status` VALUES (363, 364, 'completed', '2024-11-11 04:46:39');
INSERT INTO `transaction_status` VALUES (364, 365, 'completed', '2024-03-28 04:46:39');
INSERT INTO `transaction_status` VALUES (365, 366, 'completed', '2025-02-01 04:46:39');
INSERT INTO `transaction_status` VALUES (366, 367, 'completed', '2024-08-21 04:46:39');
INSERT INTO `transaction_status` VALUES (367, 368, 'completed', '2024-09-27 04:46:39');
INSERT INTO `transaction_status` VALUES (368, 369, 'completed', '2024-10-27 04:46:39');
INSERT INTO `transaction_status` VALUES (369, 370, 'completed', '2024-09-17 04:46:39');
INSERT INTO `transaction_status` VALUES (370, 371, 'completed', '2024-09-04 04:46:39');
INSERT INTO `transaction_status` VALUES (371, 372, 'completed', '2024-12-24 04:46:39');
INSERT INTO `transaction_status` VALUES (372, 373, 'completed', '2024-11-13 04:46:39');
INSERT INTO `transaction_status` VALUES (373, 374, 'completed', '2024-04-20 04:46:39');
INSERT INTO `transaction_status` VALUES (374, 375, 'completed', '2024-08-06 04:46:39');
INSERT INTO `transaction_status` VALUES (375, 376, 'completed', '2024-11-17 04:46:39');
INSERT INTO `transaction_status` VALUES (376, 377, 'completed', '2024-12-14 04:46:39');
INSERT INTO `transaction_status` VALUES (377, 378, 'completed', '2025-01-01 04:46:39');
INSERT INTO `transaction_status` VALUES (378, 379, 'completed', '2024-07-31 04:46:39');
INSERT INTO `transaction_status` VALUES (379, 380, 'completed', '2024-12-17 04:46:39');
INSERT INTO `transaction_status` VALUES (380, 381, 'completed', '2024-07-17 04:46:39');
INSERT INTO `transaction_status` VALUES (381, 382, 'completed', '2025-01-16 04:46:39');
INSERT INTO `transaction_status` VALUES (382, 383, 'completed', '2024-10-04 04:46:39');
INSERT INTO `transaction_status` VALUES (383, 384, 'completed', '2025-01-23 04:46:39');
INSERT INTO `transaction_status` VALUES (384, 385, 'completed', '2025-02-20 04:46:39');
INSERT INTO `transaction_status` VALUES (385, 386, 'completed', '2024-04-22 04:46:39');
INSERT INTO `transaction_status` VALUES (386, 387, 'completed', '2025-03-16 04:46:39');
INSERT INTO `transaction_status` VALUES (387, 388, 'completed', '2024-08-12 04:46:39');
INSERT INTO `transaction_status` VALUES (388, 389, 'completed', '2024-06-28 04:46:39');
INSERT INTO `transaction_status` VALUES (389, 390, 'completed', '2025-02-22 04:46:39');
INSERT INTO `transaction_status` VALUES (390, 391, 'completed', '2024-07-12 04:46:39');
INSERT INTO `transaction_status` VALUES (391, 392, 'completed', '2025-01-01 04:46:39');
INSERT INTO `transaction_status` VALUES (392, 393, 'completed', '2025-01-01 04:46:39');
INSERT INTO `transaction_status` VALUES (393, 394, 'completed', '2024-03-28 04:46:39');
INSERT INTO `transaction_status` VALUES (394, 395, 'completed', '2025-01-14 04:46:39');
INSERT INTO `transaction_status` VALUES (395, 396, 'completed', '2024-08-12 04:46:39');
INSERT INTO `transaction_status` VALUES (396, 397, 'completed', '2024-06-21 04:46:39');
INSERT INTO `transaction_status` VALUES (397, 398, 'completed', '2024-06-27 04:46:39');
INSERT INTO `transaction_status` VALUES (398, 399, 'completed', '2025-03-11 04:46:39');
INSERT INTO `transaction_status` VALUES (399, 400, 'completed', '2025-02-20 04:46:39');
INSERT INTO `transaction_status` VALUES (400, 401, 'completed', '2024-09-17 04:46:39');
INSERT INTO `transaction_status` VALUES (401, 402, 'completed', '2024-07-04 04:46:39');
INSERT INTO `transaction_status` VALUES (402, 403, 'completed', '2025-03-08 04:46:39');
INSERT INTO `transaction_status` VALUES (403, 404, 'completed', '2024-04-12 04:46:39');
INSERT INTO `transaction_status` VALUES (404, 405, 'completed', '2024-10-02 04:46:39');
INSERT INTO `transaction_status` VALUES (405, 406, 'completed', '2025-02-11 04:46:39');
INSERT INTO `transaction_status` VALUES (406, 407, 'completed', '2024-09-05 04:46:39');
INSERT INTO `transaction_status` VALUES (407, 408, 'completed', '2025-01-20 04:46:39');
INSERT INTO `transaction_status` VALUES (408, 409, 'completed', '2025-01-04 04:46:39');
INSERT INTO `transaction_status` VALUES (409, 410, 'completed', '2024-04-16 04:46:39');
INSERT INTO `transaction_status` VALUES (410, 411, 'completed', '2025-01-30 04:46:39');
INSERT INTO `transaction_status` VALUES (411, 412, 'completed', '2024-04-02 04:46:39');
INSERT INTO `transaction_status` VALUES (412, 413, 'completed', '2024-06-05 04:46:39');
INSERT INTO `transaction_status` VALUES (413, 414, 'completed', '2024-05-20 04:46:39');
INSERT INTO `transaction_status` VALUES (414, 415, 'completed', '2024-11-10 04:46:39');
INSERT INTO `transaction_status` VALUES (415, 416, 'completed', '2025-01-06 04:46:39');
INSERT INTO `transaction_status` VALUES (416, 417, 'completed', '2025-01-02 04:46:39');
INSERT INTO `transaction_status` VALUES (417, 418, 'completed', '2024-08-19 04:46:39');
INSERT INTO `transaction_status` VALUES (418, 419, 'completed', '2024-07-25 04:46:39');
INSERT INTO `transaction_status` VALUES (419, 420, 'completed', '2024-07-14 04:46:39');
INSERT INTO `transaction_status` VALUES (420, 421, 'completed', '2025-03-01 04:46:39');
INSERT INTO `transaction_status` VALUES (421, 422, 'completed', '2024-08-22 04:46:39');
INSERT INTO `transaction_status` VALUES (422, 423, 'completed', '2024-06-21 04:46:39');
INSERT INTO `transaction_status` VALUES (423, 424, 'completed', '2024-05-11 04:46:39');
INSERT INTO `transaction_status` VALUES (424, 425, 'completed', '2024-10-14 04:46:39');
INSERT INTO `transaction_status` VALUES (425, 426, 'completed', '2024-11-09 04:46:39');
INSERT INTO `transaction_status` VALUES (426, 427, 'completed', '2025-01-27 04:46:39');
INSERT INTO `transaction_status` VALUES (427, 428, 'completed', '2024-08-29 04:46:39');
INSERT INTO `transaction_status` VALUES (428, 429, 'completed', '2024-04-25 04:46:39');
INSERT INTO `transaction_status` VALUES (429, 430, 'completed', '2024-07-01 04:46:39');
INSERT INTO `transaction_status` VALUES (430, 431, 'completed', '2024-10-09 04:46:39');
INSERT INTO `transaction_status` VALUES (431, 432, 'completed', '2024-03-28 04:46:39');
INSERT INTO `transaction_status` VALUES (432, 433, 'completed', '2024-11-09 04:46:39');
INSERT INTO `transaction_status` VALUES (433, 434, 'completed', '2024-09-29 04:46:39');
INSERT INTO `transaction_status` VALUES (434, 435, 'completed', '2024-06-14 04:46:39');
INSERT INTO `transaction_status` VALUES (435, 436, 'completed', '2024-10-09 04:46:39');
INSERT INTO `transaction_status` VALUES (436, 437, 'completed', '2024-05-21 04:46:39');
INSERT INTO `transaction_status` VALUES (437, 438, 'completed', '2024-10-28 04:46:39');
INSERT INTO `transaction_status` VALUES (438, 439, 'completed', '2024-09-28 04:46:39');
INSERT INTO `transaction_status` VALUES (439, 440, 'completed', '2024-08-20 04:46:39');
INSERT INTO `transaction_status` VALUES (440, 441, 'completed', '2024-11-27 04:46:39');
INSERT INTO `transaction_status` VALUES (441, 442, 'completed', '2024-09-29 04:46:39');
INSERT INTO `transaction_status` VALUES (442, 443, 'completed', '2024-11-15 04:46:39');
INSERT INTO `transaction_status` VALUES (443, 444, 'completed', '2024-12-13 04:46:39');
INSERT INTO `transaction_status` VALUES (444, 445, 'completed', '2024-07-01 04:46:39');
INSERT INTO `transaction_status` VALUES (445, 446, 'completed', '2024-05-01 04:46:39');
INSERT INTO `transaction_status` VALUES (446, 447, 'completed', '2025-02-02 04:46:39');
INSERT INTO `transaction_status` VALUES (447, 448, 'completed', '2024-11-18 04:46:39');
INSERT INTO `transaction_status` VALUES (448, 449, 'completed', '2024-10-11 04:46:39');
INSERT INTO `transaction_status` VALUES (449, 450, 'completed', '2024-06-02 04:46:39');
INSERT INTO `transaction_status` VALUES (450, 451, 'completed', '2024-07-01 04:46:39');
INSERT INTO `transaction_status` VALUES (451, 452, 'completed', '2025-01-31 04:46:39');
INSERT INTO `transaction_status` VALUES (452, 453, 'completed', '2024-07-27 04:46:39');
INSERT INTO `transaction_status` VALUES (453, 454, 'completed', '2024-12-03 04:46:39');
INSERT INTO `transaction_status` VALUES (454, 455, 'completed', '2024-05-28 04:46:39');
INSERT INTO `transaction_status` VALUES (455, 456, 'completed', '2024-09-04 04:46:39');
INSERT INTO `transaction_status` VALUES (456, 457, 'completed', '2025-01-29 04:46:39');
INSERT INTO `transaction_status` VALUES (457, 458, 'completed', '2025-03-07 04:46:39');
INSERT INTO `transaction_status` VALUES (458, 459, 'completed', '2024-04-25 04:46:39');
INSERT INTO `transaction_status` VALUES (459, 460, 'completed', '2024-08-20 04:46:39');
INSERT INTO `transaction_status` VALUES (460, 461, 'completed', '2025-03-03 04:46:39');
INSERT INTO `transaction_status` VALUES (461, 462, 'completed', '2024-10-04 04:46:39');
INSERT INTO `transaction_status` VALUES (462, 463, 'completed', '2024-07-10 04:46:39');
INSERT INTO `transaction_status` VALUES (463, 464, 'completed', '2024-09-30 04:46:39');
INSERT INTO `transaction_status` VALUES (464, 465, 'completed', '2024-03-31 04:46:39');
INSERT INTO `transaction_status` VALUES (465, 466, 'completed', '2024-08-20 04:46:39');
INSERT INTO `transaction_status` VALUES (466, 467, 'completed', '2024-10-17 04:46:39');
INSERT INTO `transaction_status` VALUES (467, 468, 'completed', '2024-11-12 04:46:39');
INSERT INTO `transaction_status` VALUES (468, 469, 'completed', '2025-01-09 04:46:39');
INSERT INTO `transaction_status` VALUES (469, 470, 'completed', '2025-02-28 04:46:39');
INSERT INTO `transaction_status` VALUES (470, 471, 'completed', '2025-02-10 04:46:39');
INSERT INTO `transaction_status` VALUES (471, 472, 'completed', '2024-08-26 04:46:39');
INSERT INTO `transaction_status` VALUES (472, 473, 'completed', '2025-02-06 04:46:39');
INSERT INTO `transaction_status` VALUES (473, 474, 'completed', '2024-07-27 04:46:39');
INSERT INTO `transaction_status` VALUES (474, 475, 'completed', '2024-04-06 04:46:39');
INSERT INTO `transaction_status` VALUES (475, 476, 'completed', '2024-10-02 04:46:39');
INSERT INTO `transaction_status` VALUES (476, 477, 'completed', '2025-03-03 04:46:39');
INSERT INTO `transaction_status` VALUES (477, 478, 'completed', '2024-11-17 04:46:39');
INSERT INTO `transaction_status` VALUES (478, 479, 'completed', '2024-10-18 04:46:39');
INSERT INTO `transaction_status` VALUES (479, 480, 'completed', '2024-07-06 04:46:39');
INSERT INTO `transaction_status` VALUES (480, 481, 'completed', '2024-12-27 04:46:39');
INSERT INTO `transaction_status` VALUES (481, 482, 'completed', '2025-03-21 04:46:39');
INSERT INTO `transaction_status` VALUES (482, 483, 'completed', '2025-02-09 04:46:39');
INSERT INTO `transaction_status` VALUES (483, 484, 'completed', '2024-05-10 04:46:39');
INSERT INTO `transaction_status` VALUES (484, 485, 'completed', '2024-07-02 04:46:39');
INSERT INTO `transaction_status` VALUES (485, 486, 'completed', '2024-10-01 04:46:39');
INSERT INTO `transaction_status` VALUES (486, 487, 'completed', '2024-04-24 04:46:39');
INSERT INTO `transaction_status` VALUES (487, 488, 'completed', '2025-02-27 04:46:39');
INSERT INTO `transaction_status` VALUES (488, 489, 'completed', '2024-09-11 04:46:39');
INSERT INTO `transaction_status` VALUES (489, 490, 'completed', '2024-09-28 04:46:39');
INSERT INTO `transaction_status` VALUES (490, 491, 'completed', '2024-10-10 04:46:39');
INSERT INTO `transaction_status` VALUES (491, 492, 'completed', '2024-07-30 04:46:39');
INSERT INTO `transaction_status` VALUES (492, 493, 'completed', '2024-09-29 04:46:39');
INSERT INTO `transaction_status` VALUES (493, 494, 'completed', '2024-09-03 04:46:39');
INSERT INTO `transaction_status` VALUES (494, 495, 'completed', '2024-04-08 04:46:39');
INSERT INTO `transaction_status` VALUES (495, 496, 'completed', '2025-01-19 04:46:39');
INSERT INTO `transaction_status` VALUES (496, 497, 'completed', '2024-10-03 04:46:39');
INSERT INTO `transaction_status` VALUES (497, 498, 'completed', '2024-04-24 04:46:39');
INSERT INTO `transaction_status` VALUES (498, 499, 'completed', '2024-12-11 04:46:39');
INSERT INTO `transaction_status` VALUES (499, 500, 'completed', '2024-05-29 04:46:39');
INSERT INTO `transaction_status` VALUES (500, 501, 'completed', '2025-03-23 04:56:39');
INSERT INTO `transaction_status` VALUES (501, 502, 'completed', '2025-03-27 17:10:40');
INSERT INTO `transaction_status` VALUES (502, 503, 'completed', '2025-03-27 17:10:40');
INSERT INTO `transaction_status` VALUES (503, 504, 'completed', '2025-03-27 17:10:40');
INSERT INTO `transaction_status` VALUES (504, 505, 'completed', '2025-03-27 17:10:40');
INSERT INTO `transaction_status` VALUES (505, 506, 'completed', '2025-03-27 17:10:40');
INSERT INTO `transaction_status` VALUES (506, 508, 'completed', '2025-03-27 17:13:19');
INSERT INTO `transaction_status` VALUES (507, 509, 'completed', '2025-03-27 17:13:19');
INSERT INTO `transaction_status` VALUES (508, 510, 'completed', '2025-03-27 17:13:19');
INSERT INTO `transaction_status` VALUES (509, 511, 'completed', '2025-03-27 17:13:19');
INSERT INTO `transaction_status` VALUES (510, 512, 'completed', '2025-03-27 17:13:19');
INSERT INTO `transaction_status` VALUES (511, 513, 'completed', '2025-03-27 17:13:19');
INSERT INTO `transaction_status` VALUES (512, 514, 'completed', '2025-03-27 17:13:19');
INSERT INTO `transaction_status` VALUES (513, 515, 'completed', '2025-03-27 17:13:19');
INSERT INTO `transaction_status` VALUES (514, 516, 'completed', '2025-03-27 17:13:19');
INSERT INTO `transaction_status` VALUES (515, 517, 'completed', '2025-03-27 17:15:26');
INSERT INTO `transaction_status` VALUES (516, 518, 'completed', '2025-03-27 17:15:26');
INSERT INTO `transaction_status` VALUES (517, 519, 'completed', '2025-03-27 17:15:26');
INSERT INTO `transaction_status` VALUES (518, 520, 'completed', '2025-03-27 17:15:26');
INSERT INTO `transaction_status` VALUES (519, 521, 'completed', '2025-03-27 17:15:26');
INSERT INTO `transaction_status` VALUES (520, 522, 'completed', '2025-03-27 17:15:26');
INSERT INTO `transaction_status` VALUES (521, 523, 'completed', '2025-03-31 23:50:23');

-- ----------------------------
-- Table structure for transactions
-- ----------------------------
DROP TABLE IF EXISTS `transactions`;
CREATE TABLE `transactions`  (
  `id` int(11) NOT NULL AUTO_INCREMENT COMMENT '主键，唯一标识每笔交易',
  `nft_id` int(11) NOT NULL COMMENT '外键，指向交易的NFT',
  `from_address` varchar(42) CHARACTER SET utf8 COLLATE utf8_general_ci NULL DEFAULT NULL COMMENT '官方销售时为NULL',
  `to_address` varchar(42) CHARACTER SET utf8 COLLATE utf8_general_ci NOT NULL COMMENT '交易中买家的钱包地址',
  `transaction_hash` varchar(66) CHARACTER SET utf8 COLLATE utf8_general_ci NOT NULL COMMENT '区块链上的交易哈希',
  `price` decimal(6, 0) NULL DEFAULT NULL COMMENT '交易价格',
  `currency` varchar(10) CHARACTER SET utf8 COLLATE utf8_general_ci NULL DEFAULT NULL COMMENT '交易使用的货币类型',
  `transaction_date` timestamp(0) NOT NULL DEFAULT CURRENT_TIMESTAMP(0) COMMENT '交易发生的时间戳',
  `type` enum('purchase','purchase_request','canceled') CHARACTER SET utf8 COLLATE utf8_general_ci NOT NULL,
  `purchase_request_id` int(11) NULL DEFAULT NULL COMMENT '外键，指向求购记录（如果是求购交易）',
  `order_id` int(11) NULL DEFAULT NULL,
  `instance_id` int(11) NOT NULL,
  PRIMARY KEY (`id`) USING BTREE,
  INDEX `nft_id`(`nft_id`) USING BTREE,
  INDEX `purchase_request_id`(`purchase_request_id`) USING BTREE,
  INDEX `fk_order`(`order_id`) USING BTREE,
  CONSTRAINT `transactions_ibfk_1` FOREIGN KEY (`nft_id`) REFERENCES `nfts` (`id`) ON DELETE RESTRICT ON UPDATE RESTRICT,
  CONSTRAINT `transactions_ibfk_2` FOREIGN KEY (`purchase_request_id`) REFERENCES `purchase_requests` (`id`) ON DELETE RESTRICT ON UPDATE RESTRICT
) ENGINE = InnoDB AUTO_INCREMENT = 616 CHARACTER SET = utf8 COLLATE = utf8_general_ci COMMENT = '存储NFT交易记录的表' ROW_FORMAT = Compact;

-- ----------------------------
-- Records of transactions
-- ----------------------------
INSERT INTO `transactions` VALUES (1, 18, '0x00000000000000000000000000000000260D4DE4', '0x000000000000000000000000000000C0E9018E21', '0x0000000000000000000000000000000000000000000000000CE26EFB7180DE00', 10000, 'RMB', '2024-03-25 04:46:39', 'purchase', NULL, NULL, 71);
INSERT INTO `transactions` VALUES (2, 37, '0x0000000000000000000000000000005F1C7B508E', '0x0000000000000000000000000000003E4024F15C', '0x000000000000000000000000000000000000000000000000018B7E4FC5739930', 10000, 'RMB', '2024-10-14 04:46:39', 'purchase', NULL, NULL, 186);
INSERT INTO `transactions` VALUES (3, 21, '0x000000000000000000000000000000CA936EA3B9', '0x00000000000000000000000000000052AF86734C', '0x000000000000000000000000000000000000000000000000024BF054620EB340', 10000, 'RMB', '2024-11-29 04:46:39', 'purchase', NULL, NULL, 57);
INSERT INTO `transactions` VALUES (4, 30, '0x00000000000000000000000000000077FEDED3DF', '0x00000000000000000000000000000024EAB73212', '0x000000000000000000000000000000000000000000000000036C48D148D45740', 10000, 'RMB', '2025-03-06 04:46:39', 'purchase', NULL, NULL, 194);
INSERT INTO `transactions` VALUES (5, 43, '0x00000000000000000000000000000082166138D9', '0x000000000000000000000000000000A707D58B5C', '0x0000000000000000000000000000000000000000000000000CA3C7CF6C055900', 10000, 'RMB', '2024-12-13 04:46:39', 'purchase', NULL, NULL, 36);
INSERT INTO `transactions` VALUES (6, 4, '0x000000000000000000000000000000AF86BCC760', '0x0000000000000000000000000000008B30880665', '0x0000000000000000000000000000000000000000000000000A185D62EE2AA280', 10000, 'RMB', '2025-03-10 04:46:39', 'purchase', NULL, NULL, 131);
INSERT INTO `transactions` VALUES (8, 43, '0x00000000000000000000000000000050AC93DE5D', '0x0000000000000000000000000000009D2942B9EB', '0x00000000000000000000000000000000000000000000000004A80CD60500A100', 10000, 'RMB', '2024-12-20 04:46:39', 'purchase', NULL, NULL, 66);
INSERT INTO `transactions` VALUES (9, 54, '0x0000000000000000000000000000004801276699', '0x000000000000000000000000000000E3000DBD2A', '0x0000000000000000000000000000000000000000000000000D247EF204611D00', 10000, 'RMB', '2025-01-06 04:46:39', 'purchase', NULL, NULL, 124);
INSERT INTO `transactions` VALUES (10, 30, '0x00000000000000000000000000000000260D4DE4', '0x00000000000000000000000000000002E17DAF6A', '0x000000000000000000000000000000000000000000000000087AA1F32029D500', 1974, 'RMB', '2024-12-20 04:46:39', 'purchase', NULL, NULL, 73);
INSERT INTO `transactions` VALUES (11, 23, '0x00000000000000000000000000000020CF473620', '0x0000000000000000000000000000008EA09DCCF7', '0x00000000000000000000000000000000000000000000000008E245BE0829DD00', 10000, 'RMB', '2024-05-01 04:46:39', 'purchase', NULL, NULL, 77);
INSERT INTO `transactions` VALUES (12, 63, '0x00000000000000000000000000000006E8206848', '0x000000000000000000000000000000664539A03A', '0x000000000000000000000000000000000000000000000000017D052B1D5454D0', 10000, 'RMB', '2024-06-15 04:46:39', 'purchase', NULL, NULL, 205);
INSERT INTO `transactions` VALUES (13, 63, '0x00000000000000000000000000000000260D4DE4', '0x000000000000000000000000000000DEC085463D', '0x0000000000000000000000000000000000000000000000000562B2EF01A19040', 7207, 'RMB', '2025-01-14 04:46:39', 'purchase', NULL, NULL, 204);
INSERT INTO `transactions` VALUES (14, 4, '0x0000000000000000000000000000001AE0012805', '0x0000000000000000000000000000005E69F1C7F3', '0x000000000000000000000000000000000000000000000000097440224005EE00', 10000, 'RMB', '2024-04-27 04:46:39', 'purchase', NULL, NULL, 191);
INSERT INTO `transactions` VALUES (15, 4, '0x00000000000000000000000000000063C2EE8FD0', '0x000000000000000000000000000000E12F6B7A5C', '0x00000000000000000000000000000000000000000000000007A3697EDF37C700', 10000, 'RMB', '2024-08-16 04:46:39', 'purchase', NULL, NULL, 92);
INSERT INTO `transactions` VALUES (16, 30, '0x000000000000000000000000000000E76F121C9C', '0x000000000000000000000000000000810CCA0A94', '0x0000000000000000000000000000000000000000000000000AF43E0DFFBE5980', 10000, 'RMB', '2025-03-05 04:46:39', 'purchase', NULL, NULL, 81);
INSERT INTO `transactions` VALUES (17, 54, '0x0000000000000000000000000000001D8518688E', '0x0000000000000000000000000000000706426DC4', '0x0000000000000000000000000000000000000000000000000AB152AB58266900', 10000, 'RMB', '2024-09-23 04:46:39', 'purchase', NULL, NULL, 42);
INSERT INTO `transactions` VALUES (18, 33, '0x0000000000000000000000000000000968381506', '0x0000000000000000000000000000008DAE19B042', '0x0000000000000000000000000000000000000000000000000CC94827FDA4AA80', 10000, 'RMB', '2025-01-31 04:46:39', 'purchase', NULL, NULL, 74);
INSERT INTO `transactions` VALUES (19, 26, '0x000000000000000000000000000000D7E447C7CF', '0x00000000000000000000000000000061F41112A7', '0x000000000000000000000000000000000000000000000000047739B183E67400', 10000, 'RMB', '2024-06-16 04:46:39', 'purchase', NULL, NULL, 161);
INSERT INTO `transactions` VALUES (20, 45, '0x000000000000000000000000000000211F57786A', '0x0000000000000000000000000000008705362C55', '0x000000000000000000000000000000000000000000000000068F9587DBD8F780', 10000, 'RMB', '2024-07-10 04:46:39', 'purchase', NULL, NULL, 128);
INSERT INTO `transactions` VALUES (21, 6, '0x0000000000000000000000000000007738B16142', '0x00000000000000000000000000000046C7196403', '0x0000000000000000000000000000000000000000000000000DA719D8E814CA00', 894, 'RMB', '2025-02-21 04:46:39', 'purchase', NULL, NULL, 80);
INSERT INTO `transactions` VALUES (22, 46, '0x0000000000000000000000000000006C670BA16C', '0x0000000000000000000000000000001F85533A0C', '0x00000000000000000000000000000000000000000000000003E349551A0E5DA0', 10000, 'RMB', '2025-02-03 04:46:39', 'purchase', NULL, NULL, 136);
INSERT INTO `transactions` VALUES (23, 62, '0x000000000000000000000000000000DCDFF145B2', '0x000000000000000000000000000000AF13C38E0F', '0x0000000000000000000000000000000000000000000000000CAE7C5EBECBD200', 10000, 'RMB', '2024-05-27 04:46:39', 'purchase', NULL, NULL, 37);
INSERT INTO `transactions` VALUES (24, 28, '0x00000000000000000000000000000097DE32FAE2', '0x000000000000000000000000000000DB21E5D422', '0x0000000000000000000000000000000000000000000000000A6515D9740BBB80', 10000, 'RMB', '2024-11-12 04:46:39', 'purchase', NULL, NULL, 9);
INSERT INTO `transactions` VALUES (25, 8, '0x0000000000000000000000000000006FA9D39D74', '0x00000000000000000000000000000008938694C8', '0x0000000000000000000000000000000000000000000000000A583374394DA000', 10000, 'RMB', '2024-05-19 04:46:39', 'purchase', NULL, NULL, 77);
INSERT INTO `transactions` VALUES (26, 24, '0x000000000000000000000000000000A5B9257927', '0x000000000000000000000000000000675FFD6AF0', '0x000000000000000000000000000000000000000000000000012CAD26010F2F10', 9300, 'RMB', '2025-01-09 04:46:39', 'purchase', NULL, NULL, 148);
INSERT INTO `transactions` VALUES (27, 5, '0x00000000000000000000000000000028E241380C', '0x000000000000000000000000000000968F7A56FA', '0x00000000000000000000000000000000000000000000000009CDE97F651C5B80', 10000, 'RMB', '2024-05-20 04:46:39', 'purchase', NULL, NULL, 88);
INSERT INTO `transactions` VALUES (28, 41, '0x000000000000000000000000000000DF0E00CCB4', '0x000000000000000000000000000000C139C5BCDD', '0x00000000000000000000000000000000000000000000000003D299FFD77B4700', 10000, 'RMB', '2024-08-12 04:46:39', 'purchase', NULL, NULL, 79);
INSERT INTO `transactions` VALUES (29, 9, '0x00000000000000000000000000000076DBB23F64', '0x0000000000000000000000000000001F9CB59ED0', '0x000000000000000000000000000000000000000000000000020BA210908253A0', 10000, 'RMB', '2025-01-07 04:46:39', 'purchase', NULL, NULL, 9);
INSERT INTO `transactions` VALUES (30, 37, '0x000000000000000000000000000000BD14069953', '0x00000000000000000000000000000045B57C28A5', '0x00000000000000000000000000000000000000000000000000D7C4BA8C2D1108', 10000, 'RMB', '2024-05-19 04:46:39', 'purchase', NULL, NULL, 2);
INSERT INTO `transactions` VALUES (31, 32, '0x0000000000000000000000000000007B690E3B24', '0x0000000000000000000000000000001AD2B04C94', '0x0000000000000000000000000000000000000000000000000DAE94E3534E1280', 10000, 'RMB', '2024-04-07 04:46:39', 'purchase', NULL, NULL, 12);
INSERT INTO `transactions` VALUES (32, 25, '0x000000000000000000000000000000BC7E73D202', '0x000000000000000000000000000000C88AEDF69C', '0x0000000000000000000000000000000000000000000000000C2EE946D4330880', 10000, 'RMB', '2024-10-31 04:46:39', 'purchase', NULL, NULL, 111);
INSERT INTO `transactions` VALUES (33, 37, '0x0000000000000000000000000000003A77634268', '0x00000000000000000000000000000076C3C18845', '0x0000000000000000000000000000000000000000000000000B0FEF2F9C720880', 10000, 'RMB', '2024-05-04 04:46:39', 'purchase', NULL, NULL, 13);
INSERT INTO `transactions` VALUES (34, 41, '0x0000000000000000000000000000000B2941E382', '0x00000000000000000000000000000046669C3D43', '0x000000000000000000000000000000000000000000000000051B86823835DEC0', 10000, 'RMB', '2024-08-31 04:46:39', 'purchase', NULL, NULL, 2);
INSERT INTO `transactions` VALUES (35, 22, '0x000000000000000000000000000000AB505B8380', '0x000000000000000000000000000000917A7BEC63', '0x0000000000000000000000000000000000000000000000000CB8FF5918D1E880', 10000, 'RMB', '2024-06-06 04:46:39', 'purchase', NULL, NULL, 171);
INSERT INTO `transactions` VALUES (36, 55, '0x000000000000000000000000000000C43F27A2C6', '0x0000000000000000000000000000008507483222', '0x000000000000000000000000000000000000000000000000048DCDDA605824C0', 10000, 'RMB', '2024-07-30 04:46:39', 'purchase', NULL, NULL, 93);
INSERT INTO `transactions` VALUES (37, 24, '0x00000000000000000000000000000070DD5C7253', '0x000000000000000000000000000000451F063F83', '0x000000000000000000000000000000000000000000000000006AFE24FACC3448', 10000, 'RMB', '2025-01-06 04:46:39', 'purchase', NULL, NULL, 54);
INSERT INTO `transactions` VALUES (38, 44, '0x000000000000000000000000000000AC5E7D4C75', '0x000000000000000000000000000000862516A0FA', '0x000000000000000000000000000000000000000000000000092802C3A12E8880', 10000, 'RMB', '2024-05-09 04:46:39', 'purchase', NULL, NULL, 131);
INSERT INTO `transactions` VALUES (39, 41, '0x00000000000000000000000000000041359787A0', '0x0000000000000000000000000000006A39B9A96B', '0x000000000000000000000000000000000000000000000000061E99EB63CA1C00', 10000, 'RMB', '2024-05-14 04:46:39', 'purchase', NULL, NULL, 156);
INSERT INTO `transactions` VALUES (40, 21, '0x00000000000000000000000000000042F612DF5F', '0x0000000000000000000000000000006B99DC4A31', '0x000000000000000000000000000000000000000000000000063759D71D643480', 10000, 'RMB', '2024-04-21 04:46:39', 'purchase', NULL, NULL, 11);
INSERT INTO `transactions` VALUES (41, 31, '0x00000000000000000000000000000045BF45CD6E', '0x00000000000000000000000000000005E91EDDFB', '0x000000000000000000000000000000000000000000000000032AE3267AEB3EC0', 6693, 'RMB', '2024-08-02 04:46:39', 'purchase', NULL, NULL, 2);
INSERT INTO `transactions` VALUES (42, 8, '0x00000000000000000000000000000082CADF58E6', '0x0000000000000000000000000000006A936995E7', '0x000000000000000000000000000000000000000000000000085FE2F0EB089080', 10000, 'RMB', '2024-10-25 04:46:39', 'purchase', NULL, NULL, 24);
INSERT INTO `transactions` VALUES (43, 23, '0x0000000000000000000000000000006335B57719', '0x0000000000000000000000000000000EF9259147', '0x00000000000000000000000000000000000000000000000000999DC5A9A9CA78', 2522, 'RMB', '2024-03-28 04:46:39', 'purchase', NULL, NULL, 173);
INSERT INTO `transactions` VALUES (44, 23, '0x0000000000000000000000000000002CF68A3BE3', '0x000000000000000000000000000000D090CA874C', '0x0000000000000000000000000000000000000000000000000C7BE7E78BCE6A00', 10000, 'RMB', '2024-11-14 04:46:39', 'purchase', NULL, NULL, 68);
INSERT INTO `transactions` VALUES (45, 39, '0x0000000000000000000000000000001A83D7DAD2', '0x000000000000000000000000000000A1942609F2', '0x00000000000000000000000000000000000000000000000001C7933608340EF0', 10000, 'RMB', '2024-10-24 04:46:39', 'purchase', NULL, NULL, 76);
INSERT INTO `transactions` VALUES (46, 42, '0x0000000000000000000000000000002A78AD1C5B', '0x000000000000000000000000000000D5FAF5953D', '0x00000000000000000000000000000000000000000000000000AA5C872747C660', 10000, 'RMB', '2024-12-15 04:46:39', 'purchase', NULL, NULL, 180);
INSERT INTO `transactions` VALUES (47, 43, '0x000000000000000000000000000000AB6A8F3C6F', '0x00000000000000000000000000000090A7BDDCE9', '0x0000000000000000000000000000000000000000000000000C75818AF897E680', 10000, 'RMB', '2024-10-17 04:46:39', 'purchase', NULL, NULL, 57);
INSERT INTO `transactions` VALUES (48, 8, '0x000000000000000000000000000000ADBAB453E4', '0x0000000000000000000000000000005725D7C72A', '0x00000000000000000000000000000000000000000000000008C8DE435DA31900', 4402, 'RMB', '2024-11-30 04:46:39', 'purchase', NULL, NULL, 87);
INSERT INTO `transactions` VALUES (49, 14, '0x000000000000000000000000000000BE663652C8', '0x000000000000000000000000000000622993CF9F', '0x00000000000000000000000000000000000000000000000009161FEDEB4FF600', 1090, 'RMB', '2025-02-22 04:46:39', 'purchase', NULL, NULL, 75);
INSERT INTO `transactions` VALUES (50, 40, '0x0000000000000000000000000000000A4EB3A2E0', '0x0000000000000000000000000000004A77975323', '0x0000000000000000000000000000000000000000000000000678D7B9D223B240', 10000, 'RMB', '2024-10-06 04:46:39', 'purchase', NULL, NULL, 40);
INSERT INTO `transactions` VALUES (51, 37, '0x0000000000000000000000000000005317ED378C', '0x000000000000000000000000000000046F3F9343', '0x000000000000000000000000000000000000000000000000005753C7C8D5CEA4', 6763, 'RMB', '2024-12-20 04:46:39', 'purchase', NULL, NULL, 16);
INSERT INTO `transactions` VALUES (52, 39, '0x000000000000000000000000000000CFA1D65AF7', '0x00000000000000000000000000000087CC412020', '0x0000000000000000000000000000000000000000000000000357E893AD70F1C0', 10000, 'RMB', '2024-09-03 04:46:39', 'purchase', NULL, NULL, 79);
INSERT INTO `transactions` VALUES (53, 20, '0x00000000000000000000000000000055EDF039AF', '0x000000000000000000000000000000D57B37D1E3', '0x000000000000000000000000000000000000000000000000069FA74245094C80', 10000, 'RMB', '2024-06-24 04:46:39', 'purchase', NULL, NULL, 166);
INSERT INTO `transactions` VALUES (54, 56, '0x000000000000000000000000000000E657CEE1FC', '0x0000000000000000000000000000003D9A8A4F9C', '0x00000000000000000000000000000000000000000000000004ED2621A98B6B80', 10000, 'RMB', '2024-05-21 04:46:39', 'purchase', NULL, NULL, 53);
INSERT INTO `transactions` VALUES (55, 49, '0x0000000000000000000000000000001C42F023AB', '0x0000000000000000000000000000003DB154E3D8', '0x0000000000000000000000000000000000000000000000000D55126CCB59E680', 1055, 'RMB', '2025-01-24 04:46:39', 'purchase', NULL, NULL, 156);
INSERT INTO `transactions` VALUES (56, 26, '0x000000000000000000000000000000A46B6D0317', '0x00000000000000000000000000000047662EF184', '0x00000000000000000000000000000000000000000000000005C180E361C84400', 10000, 'RMB', '2024-09-13 04:46:39', 'purchase', NULL, NULL, 33);
INSERT INTO `transactions` VALUES (57, 15, '0x000000000000000000000000000000A2DDB49622', '0x000000000000000000000000000000B6EE0EAC86', '0x0000000000000000000000000000000000000000000000000B8450CA310D9880', 10000, 'RMB', '2024-10-02 04:46:39', 'purchase', NULL, NULL, 197);
INSERT INTO `transactions` VALUES (58, 32, '0x00000000000000000000000000000081A112FC68', '0x0000000000000000000000000000004106608EF0', '0x0000000000000000000000000000000000000000000000000A13C46144BEC500', 10000, 'RMB', '2024-06-10 04:46:39', 'purchase', NULL, NULL, 111);
INSERT INTO `transactions` VALUES (59, 25, '0x0000000000000000000000000000004CCAF1E39A', '0x0000000000000000000000000000006B0AE4B775', '0x000000000000000000000000000000000000000000000000044AB11964CF3640', 10000, 'RMB', '2024-04-26 04:46:39', 'purchase', NULL, NULL, 8);
INSERT INTO `transactions` VALUES (60, 29, '0x0000000000000000000000000000002A353AEC19', '0x0000000000000000000000000000007C0C293F1B', '0x00000000000000000000000000000000000000000000000001AA8542B5C217D0', 393, 'RMB', '2024-07-29 04:46:39', 'purchase', NULL, NULL, 49);
INSERT INTO `transactions` VALUES (61, 17, '0x00000000000000000000000000000086011BD218', '0x00000000000000000000000000000016A5E752CA', '0x0000000000000000000000000000000000000000000000000A8B1B1F02267100', 10000, 'RMB', '2024-12-20 04:46:39', 'purchase', NULL, NULL, 151);
INSERT INTO `transactions` VALUES (62, 1, '0x000000000000000000000000000000B3E354AB1E', '0x000000000000000000000000000000C3EEEB4090', '0x0000000000000000000000000000000000000000000000000C59308541E88D00', 10000, 'RMB', '2024-04-10 04:46:39', 'purchase', NULL, NULL, 198);
INSERT INTO `transactions` VALUES (63, 6, '0x000000000000000000000000000000715CAE267D', '0x00000000000000000000000000000025668C7187', '0x00000000000000000000000000000000000000000000000004C0D9805362F840', 10000, 'RMB', '2025-02-06 04:46:39', 'purchase', NULL, NULL, 188);
INSERT INTO `transactions` VALUES (64, 20, '0x000000000000000000000000000000A89A9F181B', '0x000000000000000000000000000000A2F707357B', '0x000000000000000000000000000000000000000000000000048A7291FECA9FC0', 10000, 'RMB', '2024-07-11 04:46:39', 'purchase', NULL, NULL, 178);
INSERT INTO `transactions` VALUES (65, 22, '0x0000000000000000000000000000000DAECD6CB9', '0x0000000000000000000000000000003C4C201611', '0x00000000000000000000000000000000000000000000000001A542A8639514C0', 10000, 'RMB', '2024-07-02 04:46:39', 'purchase', NULL, NULL, 35);
INSERT INTO `transactions` VALUES (66, 43, '0x000000000000000000000000000000D8189C2EC7', '0x0000000000000000000000000000008599B0BE16', '0x000000000000000000000000000000000000000000000000012CCD5D502FECE0', 10000, 'RMB', '2024-12-20 04:46:39', 'purchase', NULL, NULL, 35);
INSERT INTO `transactions` VALUES (67, 6, '0x000000000000000000000000000000DDBED40398', '0x0000000000000000000000000000006FEF88AEC6', '0x0000000000000000000000000000000000000000000000000796074BE3ECD340', 10000, 'RMB', '2024-05-30 04:46:39', 'purchase', NULL, NULL, 40);
INSERT INTO `transactions` VALUES (68, 35, '0x0000000000000000000000000000002A04B5A053', '0x0000000000000000000000000000003687EE9EE7', '0x00000000000000000000000000000000000000000000000008BCEF3E07F2B100', 10000, 'RMB', '2024-11-20 04:46:39', 'purchase', NULL, NULL, 72);
INSERT INTO `transactions` VALUES (69, 48, '0x000000000000000000000000000000B8E7539B7D', '0x00000000000000000000000000000097429F82BA', '0x0000000000000000000000000000000000000000000000000C04066CDC663580', 10000, 'RMB', '2024-12-03 04:46:39', 'purchase', NULL, NULL, 76);
INSERT INTO `transactions` VALUES (70, 61, '0x000000000000000000000000000000A7B456B2FB', '0x000000000000000000000000000000A147038426', '0x0000000000000000000000000000000000000000000000000432DFFEBEC18680', 10000, 'RMB', '2024-12-16 04:46:39', 'purchase', NULL, NULL, 6);
INSERT INTO `transactions` VALUES (71, 21, '0x0000000000000000000000000000008479477373', '0x000000000000000000000000000000C7BCF203C3', '0x0000000000000000000000000000000000000000000000000815360B96795A80', 10000, 'RMB', '2024-04-12 04:46:39', 'purchase', NULL, NULL, 143);
INSERT INTO `transactions` VALUES (72, 45, '0x0000000000000000000000000000006E6A40B819', '0x0000000000000000000000000000002FE1EA2227', '0x00000000000000000000000000000000000000000000000008677506EA267180', 10000, 'RMB', '2024-12-27 04:46:39', 'purchase', NULL, NULL, 192);
INSERT INTO `transactions` VALUES (73, 5, '0x000000000000000000000000000000712F1C5894', '0x0000000000000000000000000000003255611490', '0x00000000000000000000000000000000000000000000000008A3B3D6DFB09380', 10000, 'RMB', '2024-10-09 04:46:39', 'purchase', NULL, NULL, 175);
INSERT INTO `transactions` VALUES (74, 1, '0x000000000000000000000000000000608C09642C', '0x0000000000000000000000000000000C4275DBAF', '0x000000000000000000000000000000000000000000000000004479E245DEE63C', 10000, 'RMB', '2024-08-04 04:46:39', 'purchase', NULL, NULL, 72);
INSERT INTO `transactions` VALUES (75, 55, '0x0000000000000000000000000000004979C775C3', '0x000000000000000000000000000000DCB8DC9E0B', '0x0000000000000000000000000000000000000000000000000B022B66A8ECAC00', 10000, 'RMB', '2024-12-29 04:46:39', 'purchase', NULL, NULL, 159);
INSERT INTO `transactions` VALUES (76, 17, '0x000000000000000000000000000000D666A4EBF0', '0x000000000000000000000000000000C0F10525DA', '0x00000000000000000000000000000000000000000000000005490E857D6A3280', 10000, 'RMB', '2024-04-11 04:46:39', 'purchase', NULL, NULL, 98);
INSERT INTO `transactions` VALUES (77, 37, '0x0000000000000000000000000000007724E81EA4', '0x000000000000000000000000000000B3EF49E653', '0x000000000000000000000000000000000000000000000000049083F21A26D080', 10000, 'RMB', '2024-08-01 04:46:39', 'purchase', NULL, NULL, 49);
INSERT INTO `transactions` VALUES (78, 17, '0x00000000000000000000000000000093EECA7DDA', '0x000000000000000000000000000000546F1DB91F', '0x0000000000000000000000000000000000000000000000000C96B1FB6CA94600', 10000, 'RMB', '2024-09-16 04:46:39', 'purchase', NULL, NULL, 49);
INSERT INTO `transactions` VALUES (79, 41, '0x0000000000000000000000000000007FDABF7EFA', '0x000000000000000000000000000000B630B657FE', '0x00000000000000000000000000000000000000000000000003ADDFD614755580', 10000, 'RMB', '2025-02-17 04:46:39', 'purchase', NULL, NULL, 109);
INSERT INTO `transactions` VALUES (80, 26, '0x0000000000000000000000000000006DD199F67E', '0x00000000000000000000000000000017BEEF6C86', '0x000000000000000000000000000000000000000000000000015146244B65F630', 10000, 'RMB', '2024-09-01 04:46:39', 'purchase', NULL, NULL, 58);
INSERT INTO `transactions` VALUES (81, 48, '0x000000000000000000000000000000DC1DBAB4FA', '0x00000000000000000000000000000066EF676E5E', '0x0000000000000000000000000000000000000000000000000531ED6836492580', 10000, 'RMB', '2024-08-15 04:46:39', 'purchase', NULL, NULL, 77);
INSERT INTO `transactions` VALUES (82, 7, '0x000000000000000000000000000000587C14C7F8', '0x000000000000000000000000000000876E4D326F', '0x0000000000000000000000000000000000000000000000000AA9556E61DCD180', 9799, 'RMB', '2025-01-18 04:46:39', 'purchase', NULL, NULL, 119);
INSERT INTO `transactions` VALUES (83, 27, '0x0000000000000000000000000000005AE70F9CF5', '0x00000000000000000000000000000097B06C9C17', '0x000000000000000000000000000000000000000000000000013258D826CC1010', 10000, 'RMB', '2025-02-06 04:46:39', 'purchase', NULL, NULL, 39);
INSERT INTO `transactions` VALUES (84, 37, '0x00000000000000000000000000000056C3479FB2', '0x000000000000000000000000000000159318ABFC', '0x00000000000000000000000000000000000000000000000004CB09D7F1009B40', 10000, 'RMB', '2025-01-06 04:46:39', 'purchase', NULL, NULL, 140);
INSERT INTO `transactions` VALUES (85, 53, '0x000000000000000000000000000000286015DBDD', '0x00000000000000000000000000000048742F381E', '0x000000000000000000000000000000000000000000000000007ED70E6C91590C', 10000, 'RMB', '2025-02-09 04:46:39', 'purchase', NULL, NULL, 171);
INSERT INTO `transactions` VALUES (86, 57, '0x00000000000000000000000000000002451441D9', '0x000000000000000000000000000000476EE206A4', '0x00000000000000000000000000000000000000000000000007014C145C75D300', 10000, 'RMB', '2024-09-21 04:46:39', 'purchase', NULL, NULL, 141);
INSERT INTO `transactions` VALUES (87, 1, '0x000000000000000000000000000000DC026A48C8', '0x000000000000000000000000000000A0C6640380', '0x0000000000000000000000000000000000000000000000000892EC7A48C68D00', 1948, 'RMB', '2024-12-28 04:46:39', 'purchase', NULL, NULL, 24);
INSERT INTO `transactions` VALUES (88, 56, '0x00000000000000000000000000000013A5F247D4', '0x000000000000000000000000000000B0B29A3D18', '0x00000000000000000000000000000000000000000000000007836589B205E640', 10000, 'RMB', '2024-09-12 04:46:39', 'purchase', NULL, NULL, 69);
INSERT INTO `transactions` VALUES (89, 9, '0x000000000000000000000000000000998DE67777', '0x000000000000000000000000000000CD9BEFE5F0', '0x00000000000000000000000000000000000000000000000006102580B3E43A40', 10000, 'RMB', '2024-11-10 04:46:39', 'purchase', NULL, NULL, 45);
INSERT INTO `transactions` VALUES (90, 1, '0x000000000000000000000000000000590BFEBC12', '0x000000000000000000000000000000CE0C7086A1', '0x00000000000000000000000000000000000000000000000003D9E0A5296B9FA0', 10000, 'RMB', '2024-05-24 04:46:39', 'purchase', NULL, NULL, 191);
INSERT INTO `transactions` VALUES (91, 18, '0x0000000000000000000000000000007D8833DEC2', '0x000000000000000000000000000000C6F2F3D396', '0x0000000000000000000000000000000000000000000000000916C75068736980', 10000, 'RMB', '2024-08-20 04:46:39', 'purchase', NULL, NULL, 165);
INSERT INTO `transactions` VALUES (92, 22, '0x000000000000000000000000000000359C982BCA', '0x0000000000000000000000000000001ECDAAC188', '0x0000000000000000000000000000000000000000000000000D78AD4DDEBFDF80', 10000, 'RMB', '2024-11-08 04:46:39', 'purchase', NULL, NULL, 98);
INSERT INTO `transactions` VALUES (93, 20, '0x0000000000000000000000000000001E0FF63629', '0x000000000000000000000000000000A14F06C0EC', '0x0000000000000000000000000000000000000000000000000110973C488E33B0', 10000, 'RMB', '2024-12-06 04:46:39', 'purchase', NULL, NULL, 113);
INSERT INTO `transactions` VALUES (94, 58, '0x000000000000000000000000000000DE821DB395', '0x000000000000000000000000000000E6BD5BDD78', '0x0000000000000000000000000000000000000000000000000138FE51B9673F10', 10000, 'RMB', '2025-02-25 04:46:39', 'purchase', NULL, NULL, 193);
INSERT INTO `transactions` VALUES (95, 37, '0x0000000000000000000000000000001170A8D74B', '0x0000000000000000000000000000008B2485C329', '0x0000000000000000000000000000000000000000000000000A97F8ED2DF6C680', 2587, 'RMB', '2024-05-25 04:46:39', 'purchase', NULL, NULL, 16);
INSERT INTO `transactions` VALUES (96, 56, '0x0000000000000000000000000000003543E4B400', '0x0000000000000000000000000000006D61C0DA4D', '0x00000000000000000000000000000000000000000000000009322BE6CCF1D980', 10000, 'RMB', '2024-09-11 04:46:39', 'purchase', NULL, NULL, 189);
INSERT INTO `transactions` VALUES (97, 9, '0x000000000000000000000000000000BD4698639F', '0x0000000000000000000000000000009D8A2CD8B1', '0x0000000000000000000000000000000000000000000000000D1AF8DCD8BFE080', 10000, 'RMB', '2024-08-07 04:46:39', 'purchase', NULL, NULL, 11);
INSERT INTO `transactions` VALUES (98, 25, '0x000000000000000000000000000000BE3A035B4B', '0x000000000000000000000000000000D09F69121E', '0x0000000000000000000000000000000000000000000000000067568BB5895CAC', 10000, 'RMB', '2025-01-10 04:46:39', 'purchase', NULL, NULL, 126);
INSERT INTO `transactions` VALUES (99, 33, '0x000000000000000000000000000000B2A8EF8815', '0x0000000000000000000000000000003A51F321D2', '0x0000000000000000000000000000000000000000000000000D307F705618DB80', 255, 'RMB', '2025-01-27 04:46:39', 'purchase', NULL, NULL, 152);
INSERT INTO `transactions` VALUES (100, 21, '0x00000000000000000000000000000053FEB14DA4', '0x000000000000000000000000000000C0670BC51F', '0x00000000000000000000000000000000000000000000000000B0068E200CD6B8', 10000, 'RMB', '2024-07-13 04:46:39', 'purchase', NULL, NULL, 34);
INSERT INTO `transactions` VALUES (101, 47, '0x0000000000000000000000000000003B7FCACF9F', '0x0000000000000000000000000000000588F56003', '0x00000000000000000000000000000000000000000000000004E357F83CFC3600', 10000, 'RMB', '2024-10-31 04:46:39', 'purchase', NULL, NULL, 179);
INSERT INTO `transactions` VALUES (102, 18, '0x000000000000000000000000000000ACAA4D0191', '0x000000000000000000000000000000C7977F0B95', '0x00000000000000000000000000000000000000000000000000DA3ADED20FBD68', 10000, 'RMB', '2024-09-25 04:46:39', 'purchase', NULL, NULL, 52);
INSERT INTO `transactions` VALUES (103, 51, '0x00000000000000000000000000000040644329FB', '0x000000000000000000000000000000DDE95CB9E8', '0x0000000000000000000000000000000000000000000000000CFCC0A65EA5CE80', 10000, 'RMB', '2024-12-07 04:46:39', 'purchase', NULL, NULL, 200);
INSERT INTO `transactions` VALUES (104, 8, '0x0000000000000000000000000000008E6AFFD1FE', '0x000000000000000000000000000000A1302E147F', '0x00000000000000000000000000000000000000000000000008B197E11BD9FF00', 5724, 'RMB', '2024-10-29 04:46:39', 'purchase', NULL, NULL, 165);
INSERT INTO `transactions` VALUES (105, 57, '0x00000000000000000000000000000017551D4928', '0x000000000000000000000000000000B1B1EDE746', '0x0000000000000000000000000000000000000000000000000726D69FB0581340', 10000, 'RMB', '2024-05-03 04:46:39', 'purchase', NULL, NULL, 118);
INSERT INTO `transactions` VALUES (106, 17, '0x0000000000000000000000000000008029C67EC0', '0x000000000000000000000000000000E130870350', '0x000000000000000000000000000000000000000000000000028F9D31BAD3B5C0', 2311, 'RMB', '2024-09-03 04:46:39', 'purchase', NULL, NULL, 140);
INSERT INTO `transactions` VALUES (107, 52, '0x0000000000000000000000000000000D27939CAF', '0x000000000000000000000000000000B8C803C2F9', '0x0000000000000000000000000000000000000000000000000B156268CA375000', 10000, 'RMB', '2024-07-23 04:46:39', 'purchase', NULL, NULL, 99);
INSERT INTO `transactions` VALUES (108, 29, '0x000000000000000000000000000000C4C8AA119F', '0x000000000000000000000000000000C1CDE0A001', '0x00000000000000000000000000000000000000000000000008B1531825CA1080', 10000, 'RMB', '2024-12-06 04:46:39', 'purchase', NULL, NULL, 114);
INSERT INTO `transactions` VALUES (109, 60, '0x000000000000000000000000000000135F5C9FE3', '0x0000000000000000000000000000007E824AA7CF', '0x000000000000000000000000000000000000000000000000067BA304D88D5D80', 10000, 'RMB', '2025-02-05 04:46:39', 'purchase', NULL, NULL, 104);
INSERT INTO `transactions` VALUES (110, 13, '0x00000000000000000000000000000070DABAB21C', '0x000000000000000000000000000000BA791071B2', '0x00000000000000000000000000000000000000000000000007A342F5EEE6C340', 10000, 'RMB', '2025-02-17 04:46:39', 'purchase', NULL, NULL, 85);
INSERT INTO `transactions` VALUES (111, 53, '0x000000000000000000000000000000D8A51CB56D', '0x0000000000000000000000000000001E1F360C0B', '0x0000000000000000000000000000000000000000000000000BDF0A9E662C8580', 10000, 'RMB', '2024-05-07 04:46:39', 'purchase', NULL, NULL, 146);
INSERT INTO `transactions` VALUES (112, 62, '0x000000000000000000000000000000B79E73002A', '0x000000000000000000000000000000E05E7ED2AF', '0x00000000000000000000000000000000000000000000000006472B925D0E6300', 10000, 'RMB', '2024-09-23 04:46:39', 'purchase', NULL, NULL, 75);
INSERT INTO `transactions` VALUES (113, 24, '0x000000000000000000000000000000B4F5E939DE', '0x000000000000000000000000000000AD9D647133', '0x000000000000000000000000000000000000000000000000058153BEE44B3180', 10000, 'RMB', '2024-09-07 04:46:39', 'purchase', NULL, NULL, 95);
INSERT INTO `transactions` VALUES (114, 46, '0x00000000000000000000000000000037674E96AB', '0x000000000000000000000000000000E87E4E85B0', '0x00000000000000000000000000000000000000000000000003DECF64101BAAA0', 10000, 'RMB', '2025-01-25 04:46:39', 'purchase', NULL, NULL, 118);
INSERT INTO `transactions` VALUES (115, 30, '0x0000000000000000000000000000009082D91D9F', '0x0000000000000000000000000000009BC1F54726', '0x00000000000000000000000000000000000000000000000006B37527B448B300', 10000, 'RMB', '2024-08-21 04:46:39', 'purchase', NULL, NULL, 144);
INSERT INTO `transactions` VALUES (116, 52, '0x000000000000000000000000000000E8C225E45A', '0x00000000000000000000000000000075564DA28D', '0x0000000000000000000000000000000000000000000000000739FE015467D500', 9357, 'RMB', '2024-04-30 04:46:39', 'purchase', NULL, NULL, 42);
INSERT INTO `transactions` VALUES (117, 22, '0x0000000000000000000000000000001C23F01667', '0x00000000000000000000000000000081E55D93CE', '0x00000000000000000000000000000000000000000000000005ECAEF8E6873700', 10000, 'RMB', '2025-03-15 04:46:39', 'purchase', NULL, NULL, 147);
INSERT INTO `transactions` VALUES (118, 38, '0x000000000000000000000000000000BE357011CE', '0x0000000000000000000000000000003F3B6F0D57', '0x0000000000000000000000000000000000000000000000000C9697EEEE39CF80', 10000, 'RMB', '2024-05-06 04:46:39', 'purchase', NULL, NULL, 50);
INSERT INTO `transactions` VALUES (119, 37, '0x00000000000000000000000000000035CC2B57AE', '0x00000000000000000000000000000056190934C3', '0x00000000000000000000000000000000000000000000000002295F0A0F2A89E0', 10000, 'RMB', '2024-05-06 04:46:39', 'purchase', NULL, NULL, 79);
INSERT INTO `transactions` VALUES (120, 20, '0x0000000000000000000000000000005F38D9793B', '0x000000000000000000000000000000162BEBAE41', '0x0000000000000000000000000000000000000000000000000375597E6B4A8660', 10000, 'RMB', '2025-03-04 04:46:39', 'purchase', NULL, NULL, 78);
INSERT INTO `transactions` VALUES (121, 49, '0x000000000000000000000000000000B00D8D3086', '0x00000000000000000000000000000063324F4377', '0x0000000000000000000000000000000000000000000000000BF5BE75BE359F00', 3282, 'RMB', '2024-08-28 04:46:39', 'purchase', NULL, NULL, 151);
INSERT INTO `transactions` VALUES (122, 4, '0x000000000000000000000000000000040CD6ABE5', '0x000000000000000000000000000000D6B9F25019', '0x00000000000000000000000000000000000000000000000007C2109CEAE401C0', 3035, 'RMB', '2024-10-05 04:46:39', 'purchase', NULL, NULL, 48);
INSERT INTO `transactions` VALUES (123, 50, '0x0000000000000000000000000000004519EA5A22', '0x000000000000000000000000000000115D3193D0', '0x00000000000000000000000000000000000000000000000006B24806FA670C40', 10000, 'RMB', '2024-09-23 04:46:39', 'purchase', NULL, NULL, 184);
INSERT INTO `transactions` VALUES (124, 7, '0x000000000000000000000000000000AC80FF313A', '0x0000000000000000000000000000005EE99F7179', '0x0000000000000000000000000000000000000000000000000B515E3AD6CCF900', 10000, 'RMB', '2024-05-26 04:46:39', 'purchase', NULL, NULL, 115);
INSERT INTO `transactions` VALUES (125, 24, '0x00000000000000000000000000000025C673ED16', '0x0000000000000000000000000000009F9B771D7C', '0x0000000000000000000000000000000000000000000000000D0E6E3C307B0500', 10000, 'RMB', '2024-10-23 04:46:39', 'purchase', NULL, NULL, 27);
INSERT INTO `transactions` VALUES (126, 27, '0x000000000000000000000000000000A4E56F6B4E', '0x000000000000000000000000000000403EF89FDA', '0x0000000000000000000000000000000000000000000000000389F156BBB76CC0', 10000, 'RMB', '2024-10-03 04:46:39', 'purchase', NULL, NULL, 3);
INSERT INTO `transactions` VALUES (127, 41, '0x000000000000000000000000000000354ADF8C2E', '0x0000000000000000000000000000002AA083CCF8', '0x000000000000000000000000000000000000000000000000032CA5AA0D7C3920', 10000, 'RMB', '2024-12-09 04:46:39', 'purchase', NULL, NULL, 130);
INSERT INTO `transactions` VALUES (128, 24, '0x000000000000000000000000000000DB165608D2', '0x00000000000000000000000000000086141CCB09', '0x00000000000000000000000000000000000000000000000000C85D460D26CEF8', 10000, 'RMB', '2024-08-15 04:46:39', 'purchase', NULL, NULL, 71);
INSERT INTO `transactions` VALUES (129, 59, '0x0000000000000000000000000000009D55852ECE', '0x0000000000000000000000000000007E273A7CBF', '0x00000000000000000000000000000000000000000000000009768BDDC1960F80', 10000, 'RMB', '2024-05-08 04:46:39', 'purchase', NULL, NULL, 4);
INSERT INTO `transactions` VALUES (130, 30, '0x0000000000000000000000000000004639855BDF', '0x00000000000000000000000000000015B6432275', '0x00000000000000000000000000000000000000000000000007CA92E2D6993F00', 10000, 'RMB', '2024-04-10 04:46:39', 'purchase', NULL, NULL, 37);
INSERT INTO `transactions` VALUES (131, 3, '0x0000000000000000000000000000009F1D90C12A', '0x00000000000000000000000000000041AA674DB1', '0x00000000000000000000000000000000000000000000000004FEE016A740CC40', 10000, 'RMB', '2024-07-15 04:46:39', 'purchase', NULL, NULL, 117);
INSERT INTO `transactions` VALUES (132, 53, '0x00000000000000000000000000000073A6513F24', '0x000000000000000000000000000000D9E19D0C4A', '0x000000000000000000000000000000000000000000000000029EDC7594BED040', 10000, 'RMB', '2025-02-09 04:46:39', 'purchase', NULL, NULL, 36);
INSERT INTO `transactions` VALUES (133, 33, '0x0000000000000000000000000000001CD5023A29', '0x000000000000000000000000000000064BC8FFAC', '0x0000000000000000000000000000000000000000000000000A993C69D7B4B180', 10000, 'RMB', '2024-10-30 04:46:39', 'purchase', NULL, NULL, 154);
INSERT INTO `transactions` VALUES (134, 41, '0x000000000000000000000000000000DC615CBE4E', '0x000000000000000000000000000000B656EBF1EE', '0x000000000000000000000000000000000000000000000000010E7A87F99F7310', 3318, 'RMB', '2024-04-19 04:46:39', 'purchase', NULL, NULL, 110);
INSERT INTO `transactions` VALUES (135, 59, '0x000000000000000000000000000000123F864997', '0x000000000000000000000000000000832EA1B3E5', '0x0000000000000000000000000000000000000000000000000813A4A9D83CE600', 10000, 'RMB', '2024-11-15 04:46:39', 'purchase', NULL, NULL, 21);
INSERT INTO `transactions` VALUES (136, 29, '0x000000000000000000000000000000E4A4570886', '0x0000000000000000000000000000007C9EDA9126', '0x0000000000000000000000000000000000000000000000000A221B6C94733C00', 4707, 'RMB', '2025-03-11 04:46:39', 'purchase', NULL, NULL, 9);
INSERT INTO `transactions` VALUES (137, 7, '0x0000000000000000000000000000005602ADA46A', '0x000000000000000000000000000000808098AF1C', '0x0000000000000000000000000000000000000000000000000909FD5A2860CD00', 10000, 'RMB', '2025-03-05 04:46:39', 'purchase', NULL, NULL, 91);
INSERT INTO `transactions` VALUES (138, 7, '0x000000000000000000000000000000216A53A292', '0x00000000000000000000000000000062185EBE96', '0x0000000000000000000000000000000000000000000000000961B91DECADA280', 10000, 'RMB', '2024-09-03 04:46:39', 'purchase', NULL, NULL, 84);
INSERT INTO `transactions` VALUES (139, 26, '0x000000000000000000000000000000C5D1DDDBDE', '0x000000000000000000000000000000E6987DCC08', '0x0000000000000000000000000000000000000000000000000598279CC172B880', 4629, 'RMB', '2025-03-19 04:46:39', 'purchase', NULL, NULL, 180);
INSERT INTO `transactions` VALUES (140, 38, '0x0000000000000000000000000000003CF6567245', '0x0000000000000000000000000000006F7FF6CFC4', '0x00000000000000000000000000000000000000000000000008736B84C8318D80', 10000, 'RMB', '2025-01-05 04:46:39', 'purchase', NULL, NULL, 49);
INSERT INTO `transactions` VALUES (141, 36, '0x00000000000000000000000000000023C68E0828', '0x00000000000000000000000000000008CCCBBFDD', '0x0000000000000000000000000000000000000000000000000A1A6C0C753BB300', 10000, 'RMB', '2024-10-10 04:46:39', 'purchase', NULL, NULL, 134);
INSERT INTO `transactions` VALUES (142, 62, '0x000000000000000000000000000000D805443D68', '0x0000000000000000000000000000009ED6C629C1', '0x00000000000000000000000000000000000000000000000008B5D067C718E000', 9338, 'RMB', '2024-08-26 04:46:39', 'purchase', NULL, NULL, 120);
INSERT INTO `transactions` VALUES (143, 17, '0x0000000000000000000000000000008510A9DBD4', '0x000000000000000000000000000000082A22901C', '0x0000000000000000000000000000000000000000000000000665198864201B80', 10000, 'RMB', '2024-08-12 04:46:39', 'purchase', NULL, NULL, 93);
INSERT INTO `transactions` VALUES (144, 30, '0x000000000000000000000000000000E5885EFE50', '0x00000000000000000000000000000075E48D6EF2', '0x00000000000000000000000000000000000000000000000007F80BD3DDE36440', 10000, 'RMB', '2025-03-10 04:46:39', 'purchase', NULL, NULL, 27);
INSERT INTO `transactions` VALUES (145, 34, '0x0000000000000000000000000000005038D548CC', '0x0000000000000000000000000000001225082491', '0x00000000000000000000000000000000000000000000000004F0C4EAECC9AB00', 10000, 'RMB', '2024-07-24 04:46:39', 'purchase', NULL, NULL, 136);
INSERT INTO `transactions` VALUES (146, 25, '0x000000000000000000000000000000DB0029EF53', '0x00000000000000000000000000000079399879F7', '0x0000000000000000000000000000000000000000000000000AD8646D7668F480', 10000, 'RMB', '2024-11-04 04:46:39', 'purchase', NULL, NULL, 176);
INSERT INTO `transactions` VALUES (147, 15, '0x00000000000000000000000000000084031AC95D', '0x0000000000000000000000000000001AC117DECC', '0x0000000000000000000000000000000000000000000000000C1F94A86E283A00', 2513, 'RMB', '2024-09-24 04:46:39', 'purchase', NULL, NULL, 82);
INSERT INTO `transactions` VALUES (148, 34, '0x000000000000000000000000000000765C5C35A5', '0x000000000000000000000000000000D2DF28AC81', '0x000000000000000000000000000000000000000000000000000BF7AE18304B20', 10000, 'RMB', '2024-09-26 04:46:39', 'purchase', NULL, NULL, 109);
INSERT INTO `transactions` VALUES (149, 16, '0x00000000000000000000000000000097794C9EB3', '0x00000000000000000000000000000070418E4950', '0x000000000000000000000000000000000000000000000000065E89A5DD4118C0', 10000, 'RMB', '2024-05-12 04:46:39', 'purchase', NULL, NULL, 156);
INSERT INTO `transactions` VALUES (150, 19, '0x0000000000000000000000000000002A12C30131', '0x000000000000000000000000000000E6D84D4281', '0x00000000000000000000000000000000000000000000000005C340E4E3D464C0', 10000, 'RMB', '2024-12-17 04:46:39', 'purchase', NULL, NULL, 3);
INSERT INTO `transactions` VALUES (151, 17, '0x00000000000000000000000000000045A9DF0C8C', '0x000000000000000000000000000000A210E24179', '0x0000000000000000000000000000000000000000000000000816476AAB706880', 10000, 'RMB', '2024-11-05 04:46:39', 'purchase', NULL, NULL, 84);
INSERT INTO `transactions` VALUES (152, 60, '0x0000000000000000000000000000007BF90D4D47', '0x000000000000000000000000000000B79A603C8E', '0x00000000000000000000000000000000000000000000000004CB5860F3ED5140', 10000, 'RMB', '2024-06-15 04:46:39', 'purchase', NULL, NULL, 155);
INSERT INTO `transactions` VALUES (153, 35, '0x000000000000000000000000000000683D3ADD50', '0x000000000000000000000000000000865A6929EB', '0x0000000000000000000000000000000000000000000000000785EDBD01A761C0', 10000, 'RMB', '2024-12-15 04:46:39', 'purchase', NULL, NULL, 83);
INSERT INTO `transactions` VALUES (154, 17, '0x0000000000000000000000000000000F69A7FFFD', '0x0000000000000000000000000000007ED1CE1216', '0x00000000000000000000000000000000000000000000000007489929DD574840', 10000, 'RMB', '2024-11-06 04:46:39', 'purchase', NULL, NULL, 183);
INSERT INTO `transactions` VALUES (155, 27, '0x00000000000000000000000000000059A2295047', '0x0000000000000000000000000000009892BCBACC', '0x00000000000000000000000000000000000000000000000001AFE3E0983D8A00', 10000, 'RMB', '2024-05-19 04:46:39', 'purchase', NULL, NULL, 60);
INSERT INTO `transactions` VALUES (156, 60, '0x000000000000000000000000000000D34490FA5E', '0x000000000000000000000000000000984219E666', '0x00000000000000000000000000000000000000000000000007994E2E1A6BEB40', 10000, 'RMB', '2024-12-27 04:46:39', 'purchase', NULL, NULL, 172);
INSERT INTO `transactions` VALUES (157, 36, '0x000000000000000000000000000000478264AFC7', '0x000000000000000000000000000000BC23B26FE6', '0x00000000000000000000000000000000000000000000000001A652350C0F9DA0', 10000, 'RMB', '2024-09-24 04:46:39', 'purchase', NULL, NULL, 193);
INSERT INTO `transactions` VALUES (158, 21, '0x000000000000000000000000000000AB3D839C52', '0x000000000000000000000000000000A4423A6D1D', '0x000000000000000000000000000000000000000000000000047478FF29FD7000', 10000, 'RMB', '2024-09-29 04:46:39', 'purchase', NULL, NULL, 187);
INSERT INTO `transactions` VALUES (159, 15, '0x000000000000000000000000000000528B5E7AEB', '0x0000000000000000000000000000001231641371', '0x000000000000000000000000000000000000000000000000048A24260A5C7280', 10000, 'RMB', '2025-03-15 04:46:39', 'purchase', NULL, NULL, 184);
INSERT INTO `transactions` VALUES (160, 33, '0x000000000000000000000000000000C4AAF3DD7B', '0x0000000000000000000000000000009A5B93C5BD', '0x0000000000000000000000000000000000000000000000000AD5D2BA4937B100', 10000, 'RMB', '2024-12-29 04:46:39', 'purchase', NULL, NULL, 84);
INSERT INTO `transactions` VALUES (161, 25, '0x0000000000000000000000000000009FFFD0602E', '0x0000000000000000000000000000003F9B0764FF', '0x00000000000000000000000000000000000000000000000004393FC2C8A24440', 10000, 'RMB', '2024-08-17 04:46:39', 'purchase', NULL, NULL, 177);
INSERT INTO `transactions` VALUES (162, 39, '0x00000000000000000000000000000068BA0B4DAF', '0x0000000000000000000000000000005AE7D763AA', '0x000000000000000000000000000000000000000000000000085D8A31E0246300', 10000, 'RMB', '2024-10-27 04:46:39', 'purchase', NULL, NULL, 100);
INSERT INTO `transactions` VALUES (163, 17, '0x000000000000000000000000000000C4971A9A80', '0x000000000000000000000000000000623DEC928C', '0x0000000000000000000000000000000000000000000000000800C9AD0AE91980', 10000, 'RMB', '2024-11-13 04:46:39', 'purchase', NULL, NULL, 188);
INSERT INTO `transactions` VALUES (164, 38, '0x000000000000000000000000000000367125595C', '0x0000000000000000000000000000004FECFBBA92', '0x0000000000000000000000000000000000000000000000000034FA8F6E1D3FA8', 4664, 'RMB', '2025-01-17 04:46:39', 'purchase', NULL, NULL, 153);
INSERT INTO `transactions` VALUES (165, 17, '0x0000000000000000000000000000000A00679FA0', '0x00000000000000000000000000000061E70F8322', '0x0000000000000000000000000000000000000000000000000D82D3123BA43A00', 10000, 'RMB', '2025-02-11 04:46:39', 'purchase', NULL, NULL, 148);
INSERT INTO `transactions` VALUES (166, 22, '0x0000000000000000000000000000007FB23EF8E0', '0x0000000000000000000000000000009FCA99399F', '0x0000000000000000000000000000000000000000000000000AE8EE6A02D03680', 10000, 'RMB', '2025-03-23 04:46:39', 'purchase', NULL, NULL, 78);
INSERT INTO `transactions` VALUES (167, 59, '0x00000000000000000000000000000078A87A8B96', '0x000000000000000000000000000000B6304009D2', '0x00000000000000000000000000000000000000000000000004F728F9E92E2C80', 10000, 'RMB', '2025-02-03 04:46:39', 'purchase', NULL, NULL, 70);
INSERT INTO `transactions` VALUES (168, 21, '0x0000000000000000000000000000008D8EE61BAE', '0x0000000000000000000000000000000C04E4E5C8', '0x000000000000000000000000000000000000000000000000060664AEF2FCB300', 1783, 'RMB', '2024-06-13 04:46:39', 'purchase', NULL, NULL, 168);
INSERT INTO `transactions` VALUES (169, 53, '0x000000000000000000000000000000AFEBBD95D6', '0x00000000000000000000000000000032D7E8A798', '0x0000000000000000000000000000000000000000000000000B7373DE94510600', 10000, 'RMB', '2024-05-07 04:46:39', 'purchase', NULL, NULL, 195);
INSERT INTO `transactions` VALUES (170, 16, '0x000000000000000000000000000000434598386A', '0x000000000000000000000000000000A6CD3D2D5C', '0x00000000000000000000000000000000000000000000000009ED1293B3BF4800', 10000, 'RMB', '2024-03-27 04:46:39', 'purchase', NULL, NULL, 134);
INSERT INTO `transactions` VALUES (171, 23, '0x000000000000000000000000000000BB556B8312', '0x000000000000000000000000000000DB535EE970', '0x000000000000000000000000000000000000000000000000041C56978A6C07C0', 10000, 'RMB', '2024-11-02 04:46:39', 'purchase', NULL, NULL, 194);
INSERT INTO `transactions` VALUES (172, 43, '0x000000000000000000000000000000731945CF40', '0x00000000000000000000000000000064CCC9A7FC', '0x00000000000000000000000000000000000000000000000009759FF2ECB56300', 10000, 'RMB', '2024-09-21 04:46:39', 'purchase', NULL, NULL, 37);
INSERT INTO `transactions` VALUES (173, 25, '0x00000000000000000000000000000069EF110006', '0x00000000000000000000000000000011B9364938', '0x0000000000000000000000000000000000000000000000000037A4324CEE4858', 10000, 'RMB', '2025-01-09 04:46:39', 'purchase', NULL, NULL, 93);
INSERT INTO `transactions` VALUES (174, 45, '0x00000000000000000000000000000025F9D2618E', '0x0000000000000000000000000000009EF92E9AE7', '0x0000000000000000000000000000000000000000000000000CD4E1858DAB8380', 10000, 'RMB', '2025-02-15 04:46:39', 'purchase', NULL, NULL, 155);
INSERT INTO `transactions` VALUES (175, 36, '0x0000000000000000000000000000007D826CDC7A', '0x000000000000000000000000000000E3BE48D4EC', '0x00000000000000000000000000000000000000000000000003CBED158AEC28C0', 10000, 'RMB', '2024-11-17 04:46:39', 'purchase', NULL, NULL, 87);
INSERT INTO `transactions` VALUES (176, 8, '0x000000000000000000000000000000456EA02FFD', '0x0000000000000000000000000000001F85194A02', '0x0000000000000000000000000000000000000000000000000ADB24512A316A00', 10000, 'RMB', '2025-01-17 04:46:39', 'purchase', NULL, NULL, 76);
INSERT INTO `transactions` VALUES (177, 23, '0x0000000000000000000000000000009B8C0FC9DD', '0x0000000000000000000000000000003B9C3C6CB0', '0x00000000000000000000000000000000000000000000000003D43C94189F48C0', 10000, 'RMB', '2024-12-30 04:46:39', 'purchase', NULL, NULL, 63);
INSERT INTO `transactions` VALUES (178, 55, '0x0000000000000000000000000000006BEA96E891', '0x0000000000000000000000000000009CF3BC26B2', '0x0000000000000000000000000000000000000000000000000D99C2EC813BFB00', 10000, 'RMB', '2024-10-11 04:46:39', 'purchase', NULL, NULL, 123);
INSERT INTO `transactions` VALUES (179, 45, '0x000000000000000000000000000000A8C36FCF52', '0x000000000000000000000000000000719A60A261', '0x00000000000000000000000000000000000000000000000003ADD8F5C4EEA600', 10000, 'RMB', '2024-09-17 04:46:39', 'purchase', NULL, NULL, 197);
INSERT INTO `transactions` VALUES (180, 24, '0x000000000000000000000000000000D36883BA83', '0x000000000000000000000000000000636B5F988B', '0x00000000000000000000000000000000000000000000000005B44FDFE405AF00', 10000, 'RMB', '2024-08-03 04:46:39', 'purchase', NULL, NULL, 174);
INSERT INTO `transactions` VALUES (181, 27, '0x000000000000000000000000000000745CB61F3D', '0x00000000000000000000000000000037A0472568', '0x00000000000000000000000000000000000000000000000009A602B8F1759400', 10000, 'RMB', '2024-07-07 04:46:39', 'purchase', NULL, NULL, 57);
INSERT INTO `transactions` VALUES (182, 17, '0x000000000000000000000000000000719FBDFFEE', '0x00000000000000000000000000000095B1256C1B', '0x0000000000000000000000000000000000000000000000000A6A9597199C3000', 10000, 'RMB', '2024-05-10 04:46:39', 'purchase', NULL, NULL, 175);
INSERT INTO `transactions` VALUES (183, 47, '0x00000000000000000000000000000022D7A82B45', '0x00000000000000000000000000000071D8DDF325', '0x0000000000000000000000000000000000000000000000000DD22CB982A5DC00', 10000, 'RMB', '2024-08-25 04:46:39', 'purchase', NULL, NULL, 68);
INSERT INTO `transactions` VALUES (184, 61, '0x000000000000000000000000000000C19FDA3134', '0x00000000000000000000000000000039DAABED71', '0x0000000000000000000000000000000000000000000000000A5FEDCAB1D70E00', 10000, 'RMB', '2024-07-04 04:46:39', 'purchase', NULL, NULL, 125);
INSERT INTO `transactions` VALUES (185, 59, '0x000000000000000000000000000000C5BA55E0A7', '0x00000000000000000000000000000061E8D31E76', '0x00000000000000000000000000000000000000000000000007B359953F85B740', 10000, 'RMB', '2024-04-29 04:46:39', 'purchase', NULL, NULL, 192);
INSERT INTO `transactions` VALUES (186, 7, '0x000000000000000000000000000000911C82C049', '0x000000000000000000000000000000BD9CAC02B0', '0x00000000000000000000000000000000000000000000000002CE261FE5ACDC20', 10000, 'RMB', '2024-12-29 04:46:39', 'purchase', NULL, NULL, 91);
INSERT INTO `transactions` VALUES (187, 36, '0x0000000000000000000000000000007AB980C5BD', '0x000000000000000000000000000000D1D1108275', '0x0000000000000000000000000000000000000000000000000CD46D1332A2DE00', 10000, 'RMB', '2024-05-28 04:46:39', 'purchase', NULL, NULL, 70);
INSERT INTO `transactions` VALUES (188, 18, '0x00000000000000000000000000000056F01E2F99', '0x0000000000000000000000000000000325737AFD', '0x0000000000000000000000000000000000000000000000000D25C43F5E84B780', 10000, 'RMB', '2024-08-02 04:46:39', 'purchase', NULL, NULL, 22);
INSERT INTO `transactions` VALUES (189, 39, '0x000000000000000000000000000000BBC47D57E3', '0x00000000000000000000000000000023610FC1FA', '0x00000000000000000000000000000000000000000000000004B9538F2BA554C0', 10000, 'RMB', '2025-01-06 04:46:39', 'purchase', NULL, NULL, 62);
INSERT INTO `transactions` VALUES (190, 57, '0x0000000000000000000000000000009756199A2A', '0x000000000000000000000000000000756A5B72C7', '0x00000000000000000000000000000000000000000000000007EE761822B755C0', 10000, 'RMB', '2025-03-20 04:46:39', 'purchase', NULL, NULL, 3);
INSERT INTO `transactions` VALUES (191, 2, '0x0000000000000000000000000000001A01DA68F2', '0x0000000000000000000000000000006DB4715789', '0x0000000000000000000000000000000000000000000000000049DF3B6378DF40', 10000, 'RMB', '2024-11-01 04:46:39', 'purchase', NULL, NULL, 176);
INSERT INTO `transactions` VALUES (192, 14, '0x0000000000000000000000000000006B003CC968', '0x0000000000000000000000000000009597FE283C', '0x0000000000000000000000000000000000000000000000000B9244964F298780', 10000, 'RMB', '2024-07-09 04:46:39', 'purchase', NULL, NULL, 162);
INSERT INTO `transactions` VALUES (193, 57, '0x000000000000000000000000000000226F59B053', '0x000000000000000000000000000000E8A6A5E433', '0x00000000000000000000000000000000000000000000000007AAB2BDACE14940', 10000, 'RMB', '2025-01-22 04:46:39', 'purchase', NULL, NULL, 107);
INSERT INTO `transactions` VALUES (194, 11, '0x0000000000000000000000000000003C7453C1FA', '0x000000000000000000000000000000B6044324D7', '0x00000000000000000000000000000000000000000000000001CD3E92BE8C2C80', 10000, 'RMB', '2025-02-04 04:46:39', 'purchase', NULL, NULL, 148);
INSERT INTO `transactions` VALUES (195, 19, '0x0000000000000000000000000000004241DDA627', '0x00000000000000000000000000000079FE7DBD19', '0x0000000000000000000000000000000000000000000000000AA1AE1D103A5100', 10000, 'RMB', '2024-03-26 04:46:39', 'purchase', NULL, NULL, 40);
INSERT INTO `transactions` VALUES (196, 62, '0x0000000000000000000000000000005F5CEBD09A', '0x0000000000000000000000000000000B377954CC', '0x000000000000000000000000000000000000000000000000002B1BF6A6AFBE58', 10000, 'RMB', '2024-09-06 04:46:39', 'purchase', NULL, NULL, 195);
INSERT INTO `transactions` VALUES (197, 15, '0x000000000000000000000000000000390C0C4170', '0x0000000000000000000000000000007A8D12760D', '0x0000000000000000000000000000000000000000000000000C71C88435650580', 10000, 'RMB', '2024-05-24 04:46:39', 'purchase', NULL, NULL, 90);
INSERT INTO `transactions` VALUES (198, 47, '0x0000000000000000000000000000005AA2CF448B', '0x000000000000000000000000000000A4142FA174', '0x00000000000000000000000000000000000000000000000004EFCF5D510D9A80', 10000, 'RMB', '2024-12-20 04:46:39', 'purchase', NULL, NULL, 57);
INSERT INTO `transactions` VALUES (199, 41, '0x0000000000000000000000000000005DDECE460F', '0x0000000000000000000000000000000EE0F6CEBD', '0x0000000000000000000000000000000000000000000000000186D4A3C620F360', 10000, 'RMB', '2024-10-06 04:46:39', 'purchase', NULL, NULL, 47);
INSERT INTO `transactions` VALUES (200, 49, '0x0000000000000000000000000000002FF3876FC3', '0x0000000000000000000000000000009FD0BFE6C7', '0x0000000000000000000000000000000000000000000000000B4C7C94B988BE00', 1358, 'RMB', '2024-08-11 04:46:39', 'purchase', NULL, NULL, 9);
INSERT INTO `transactions` VALUES (201, 23, '0x000000000000000000000000000000A585A0C6E2', '0x00000000000000000000000000000068F3AC0BE7', '0x00000000000000000000000000000000000000000000000001AE31F97ADCA3F0', 10000, 'RMB', '2024-04-28 04:46:39', 'purchase', NULL, NULL, 151);
INSERT INTO `transactions` VALUES (202, 4, '0x00000000000000000000000000000006ABE23F6F', '0x000000000000000000000000000000E200AAB9F7', '0x0000000000000000000000000000000000000000000000000AA661E2E2079980', 10000, 'RMB', '2024-11-26 04:46:39', 'purchase', NULL, NULL, 168);
INSERT INTO `transactions` VALUES (203, 15, '0x00000000000000000000000000000090D689009D', '0x00000000000000000000000000000063438E093D', '0x00000000000000000000000000000000000000000000000003AF13296D6F08A0', 5016, 'RMB', '2024-10-12 04:46:39', 'purchase', NULL, NULL, 16);
INSERT INTO `transactions` VALUES (204, 4, '0x000000000000000000000000000000132759015A', '0x00000000000000000000000000000032D31EDE75', '0x0000000000000000000000000000000000000000000000000BB8D44E6EF19980', 10000, 'RMB', '2024-12-01 04:46:39', 'purchase', NULL, NULL, 168);
INSERT INTO `transactions` VALUES (205, 16, '0x000000000000000000000000000000B01F4B9A9F', '0x00000000000000000000000000000005BD29262E', '0x0000000000000000000000000000000000000000000000000BD9BF9DABE92A80', 10000, 'RMB', '2024-10-22 04:46:39', 'purchase', NULL, NULL, 100);
INSERT INTO `transactions` VALUES (206, 15, '0x0000000000000000000000000000009A66723370', '0x00000000000000000000000000000091858ACBF5', '0x00000000000000000000000000000000000000000000000001E1D3ECE5A79B80', 10000, 'RMB', '2024-08-13 04:46:39', 'purchase', NULL, NULL, 127);
INSERT INTO `transactions` VALUES (207, 22, '0x000000000000000000000000000000BBFDF981F3', '0x00000000000000000000000000000002E7A2F80C', '0x00000000000000000000000000000000000000000000000008E22AD11BAFC200', 10000, 'RMB', '2024-05-01 04:46:39', 'purchase', NULL, NULL, 198);
INSERT INTO `transactions` VALUES (208, 16, '0x00000000000000000000000000000047061FF0BD', '0x000000000000000000000000000000B1CCC096A2', '0x0000000000000000000000000000000000000000000000000C88679D905B8800', 10000, 'RMB', '2024-10-24 04:46:39', 'purchase', NULL, NULL, 79);
INSERT INTO `transactions` VALUES (209, 45, '0x000000000000000000000000000000663C94FEED', '0x00000000000000000000000000000005E77B5CD9', '0x0000000000000000000000000000000000000000000000000B3BDC9F8D60AF00', 10000, 'RMB', '2024-10-18 04:46:39', 'purchase', NULL, NULL, 46);
INSERT INTO `transactions` VALUES (210, 53, '0x00000000000000000000000000000085FEEA7DEF', '0x0000000000000000000000000000004B4035485E', '0x0000000000000000000000000000000000000000000000000C580E4B448B4100', 10000, 'RMB', '2024-07-04 04:46:39', 'purchase', NULL, NULL, 34);
INSERT INTO `transactions` VALUES (211, 43, '0x000000000000000000000000000000D485B84952', '0x000000000000000000000000000000772C3BA02C', '0x0000000000000000000000000000000000000000000000000B645FF92CDADF00', 10000, 'RMB', '2024-11-04 04:46:39', 'purchase', NULL, NULL, 41);
INSERT INTO `transactions` VALUES (212, 54, '0x000000000000000000000000000000A9ABCED4D9', '0x00000000000000000000000000000009BAFA9395', '0x0000000000000000000000000000000000000000000000000050DE8A30BD2274', 10000, 'RMB', '2024-05-09 04:46:39', 'purchase', NULL, NULL, 81);
INSERT INTO `transactions` VALUES (213, 25, '0x000000000000000000000000000000B686355570', '0x000000000000000000000000000000A80B9E4C53', '0x0000000000000000000000000000000000000000000000000390D5AA844805C0', 10000, 'RMB', '2024-05-26 04:46:39', 'purchase', NULL, NULL, 155);
INSERT INTO `transactions` VALUES (214, 25, '0x000000000000000000000000000000923AFFA2F5', '0x000000000000000000000000000000E1F72E347E', '0x0000000000000000000000000000000000000000000000000D707A0226C98380', 10000, 'RMB', '2024-06-24 04:46:39', 'purchase', NULL, NULL, 189);
INSERT INTO `transactions` VALUES (215, 30, '0x000000000000000000000000000000864927B0EE', '0x00000000000000000000000000000065C3778A30', '0x0000000000000000000000000000000000000000000000000650D3F367339400', 10000, 'RMB', '2024-10-08 04:46:39', 'purchase', NULL, NULL, 78);
INSERT INTO `transactions` VALUES (216, 36, '0x0000000000000000000000000000009F3694183A', '0x000000000000000000000000000000A59D86C354', '0x0000000000000000000000000000000000000000000000000702883B9EA78100', 10000, 'RMB', '2024-10-13 04:46:39', 'purchase', NULL, NULL, 8);
INSERT INTO `transactions` VALUES (217, 54, '0x0000000000000000000000000000003410308004', '0x000000000000000000000000000000777035837C', '0x0000000000000000000000000000000000000000000000000C6870DA1C5DC180', 10000, 'RMB', '2024-04-02 04:46:39', 'purchase', NULL, NULL, 17);
INSERT INTO `transactions` VALUES (218, 30, '0x000000000000000000000000000000266B74331C', '0x0000000000000000000000000000005853689DA3', '0x00000000000000000000000000000000000000000000000005934B8D5AC1FCC0', 10000, 'RMB', '2025-01-28 04:46:39', 'purchase', NULL, NULL, 26);
INSERT INTO `transactions` VALUES (219, 13, '0x0000000000000000000000000000008D0F21EBF6', '0x00000000000000000000000000000065230949DF', '0x00000000000000000000000000000000000000000000000004EAF4DF8103D3C0', 10000, 'RMB', '2024-12-11 04:46:39', 'purchase', NULL, NULL, 306);
INSERT INTO `transactions` VALUES (220, 9, '0x000000000000000000000000000000A2984ED803', '0x00000000000000000000000000000012C47C3644', '0x000000000000000000000000000000000000000000000000044644F4E706E480', 10000, 'RMB', '2024-08-29 04:46:39', 'purchase', NULL, NULL, 189);
INSERT INTO `transactions` VALUES (221, 1, '0x0000000000000000000000000000002CFC7630EA', '0x000000000000000000000000000000DEB428B3A7', '0x00000000000000000000000000000000000000000000000002D0C9FB7B6AEFC0', 10000, 'RMB', '2025-02-09 04:46:39', 'purchase', NULL, NULL, 29);
INSERT INTO `transactions` VALUES (222, 24, '0x000000000000000000000000000000675E1CAA1D', '0x00000000000000000000000000000015AC03503D', '0x00000000000000000000000000000000000000000000000001DA5B2BF28A1760', 10000, 'RMB', '2024-09-07 04:46:39', 'purchase', NULL, NULL, 109);
INSERT INTO `transactions` VALUES (223, 6, '0x000000000000000000000000000000B6B4715EB2', '0x0000000000000000000000000000009E0E345EA2', '0x000000000000000000000000000000000000000000000000008E6607D3DDD0D8', 10000, 'RMB', '2024-07-11 04:46:39', 'purchase', NULL, NULL, 1);
INSERT INTO `transactions` VALUES (224, 58, '0x0000000000000000000000000000008C6E4DE0CD', '0x000000000000000000000000000000396170877B', '0x00000000000000000000000000000000000000000000000005DE17B3E149D280', 10000, 'RMB', '2024-08-15 04:46:39', 'purchase', NULL, NULL, 181);
INSERT INTO `transactions` VALUES (225, 43, '0x000000000000000000000000000000AC12438CC0', '0x00000000000000000000000000000092DACD3F90', '0x0000000000000000000000000000000000000000000000000CFF52B92C420100', 10000, 'RMB', '2025-01-30 04:46:39', 'purchase', NULL, NULL, 69);
INSERT INTO `transactions` VALUES (226, 19, '0x00000000000000000000000000000063F11C8B1C', '0x0000000000000000000000000000003E8EB49963', '0x00000000000000000000000000000000000000000000000000C5C7A1EA927E78', 10000, 'RMB', '2025-01-12 04:46:39', 'purchase', NULL, NULL, 112);
INSERT INTO `transactions` VALUES (227, 13, '0x000000000000000000000000000000475191C1B9', '0x000000000000000000000000000000DCA309475D', '0x0000000000000000000000000000000000000000000000000B5E6866E5352080', 10000, 'RMB', '2024-06-02 04:46:39', 'purchase', NULL, NULL, 57);
INSERT INTO `transactions` VALUES (228, 61, '0x0000000000000000000000000000000F0B2514F5', '0x0000000000000000000000000000005809663C3C', '0x00000000000000000000000000000000000000000000000009AB5104F696F880', 10000, 'RMB', '2024-07-27 04:46:39', 'purchase', NULL, NULL, 47);
INSERT INTO `transactions` VALUES (229, 13, '0x000000000000000000000000000000495296E8C1', '0x000000000000000000000000000000E043226465', '0x0000000000000000000000000000000000000000000000000C17447848D31400', 10000, 'RMB', '2024-07-04 04:46:39', 'purchase', NULL, NULL, 40);
INSERT INTO `transactions` VALUES (230, 52, '0x0000000000000000000000000000007D395B538A', '0x000000000000000000000000000000317487F134', '0x00000000000000000000000000000000000000000000000006398B420A047CC0', 10000, 'RMB', '2024-07-18 04:46:39', 'purchase', NULL, NULL, 119);
INSERT INTO `transactions` VALUES (231, 57, '0x000000000000000000000000000000BC9C672518', '0x000000000000000000000000000000454DA93DED', '0x00000000000000000000000000000000000000000000000000CE377E97E55B30', 10000, 'RMB', '2024-05-31 04:46:39', 'purchase', NULL, NULL, 174);
INSERT INTO `transactions` VALUES (232, 57, '0x000000000000000000000000000000D9CD6134A7', '0x000000000000000000000000000000DD9CC2CC5C', '0x0000000000000000000000000000000000000000000000000D38C532F5A57180', 10000, 'RMB', '2024-07-17 04:46:39', 'purchase', NULL, NULL, 138);
INSERT INTO `transactions` VALUES (233, 25, '0x000000000000000000000000000000D677829B0A', '0x000000000000000000000000000000600514C573', '0x0000000000000000000000000000000000000000000000000424EF25E1FC9C40', 10000, 'RMB', '2024-11-03 04:46:39', 'purchase', NULL, NULL, 31);
INSERT INTO `transactions` VALUES (234, 38, '0x000000000000000000000000000000839477FC13', '0x0000000000000000000000000000000373EECD12', '0x00000000000000000000000000000000000000000000000005419B8BD35FA380', 10000, 'RMB', '2025-02-11 04:46:39', 'purchase', NULL, NULL, 1);
INSERT INTO `transactions` VALUES (235, 43, '0x0000000000000000000000000000005FFC87A901', '0x0000000000000000000000000000000203931444', '0x0000000000000000000000000000000000000000000000000B312B7E6EC3DC80', 841, 'RMB', '2024-08-12 04:46:39', 'purchase', NULL, NULL, 9);
INSERT INTO `transactions` VALUES (236, 24, '0x000000000000000000000000000000B5A5DF9331', '0x000000000000000000000000000000AF6889DC55', '0x00000000000000000000000000000000000000000000000005EAB2E73CBE4B80', 10000, 'RMB', '2025-02-23 04:46:39', 'purchase', NULL, NULL, 157);
INSERT INTO `transactions` VALUES (237, 42, '0x000000000000000000000000000000E5C531E23F', '0x000000000000000000000000000000DA2DFB6027', '0x0000000000000000000000000000000000000000000000000A0F055AF0CF4600', 10000, 'RMB', '2024-05-03 04:46:39', 'purchase', NULL, NULL, 2);
INSERT INTO `transactions` VALUES (238, 24, '0x000000000000000000000000000000C959252832', '0x0000000000000000000000000000002BC5C1B886', '0x00000000000000000000000000000000000000000000000004CC0354C608E240', 10000, 'RMB', '2024-06-10 04:46:39', 'purchase', NULL, NULL, 86);
INSERT INTO `transactions` VALUES (239, 50, '0x0000000000000000000000000000009D2804C5C8', '0x000000000000000000000000000000E83EF70709', '0x0000000000000000000000000000000000000000000000000D5B7CCF940B3A80', 10000, 'RMB', '2025-01-05 04:46:39', 'purchase', NULL, NULL, 121);
INSERT INTO `transactions` VALUES (240, 24, '0x00000000000000000000000000000012FEAF697E', '0x0000000000000000000000000000003F95F3AF17', '0x00000000000000000000000000000000000000000000000001ACFA6F2265CFD0', 10000, 'RMB', '2024-08-31 04:46:39', 'purchase', NULL, NULL, 90);
INSERT INTO `transactions` VALUES (241, 35, '0x00000000000000000000000000000062407E5609', '0x0000000000000000000000000000006984D788E9', '0x00000000000000000000000000000000000000000000000000001FD54C166774', 10000, 'RMB', '2025-01-08 04:46:39', 'purchase', NULL, NULL, 19);
INSERT INTO `transactions` VALUES (242, 53, '0x000000000000000000000000000000E54ECF637F', '0x0000000000000000000000000000005598AF611F', '0x0000000000000000000000000000000000000000000000000C43093CD956CC00', 10000, 'RMB', '2024-04-20 04:46:39', 'purchase', NULL, NULL, 135);
INSERT INTO `transactions` VALUES (243, 38, '0x000000000000000000000000000000E3F54ED473', '0x00000000000000000000000000000015E56A220E', '0x000000000000000000000000000000000000000000000000076595C560F6AEC0', 10000, 'RMB', '2024-11-28 04:46:39', 'purchase', NULL, NULL, 86);
INSERT INTO `transactions` VALUES (244, 12, '0x0000000000000000000000000000009F195F1150', '0x000000000000000000000000000000C2C42D6B89', '0x00000000000000000000000000000000000000000000000001D7159D86045B30', 10000, 'RMB', '2024-11-09 04:46:39', 'purchase', NULL, NULL, 78);
INSERT INTO `transactions` VALUES (245, 52, '0x000000000000000000000000000000E1B9639009', '0x00000000000000000000000000000055FE576068', '0x0000000000000000000000000000000000000000000000000D056133E6FDE080', 10000, 'RMB', '2025-02-14 04:46:39', 'purchase', NULL, NULL, 152);
INSERT INTO `transactions` VALUES (246, 31, '0x000000000000000000000000000000260EAA2519', '0x000000000000000000000000000000525CF83CDD', '0x00000000000000000000000000000000000000000000000003DCF90E6C9A0AC0', 10000, 'RMB', '2024-05-29 04:46:39', 'purchase', NULL, NULL, 20);
INSERT INTO `transactions` VALUES (247, 3, '0x000000000000000000000000000000CE2C11DB51', '0x0000000000000000000000000000004A7BBA3437', '0x0000000000000000000000000000000000000000000000000D163DBA08827000', 10000, 'RMB', '2024-04-12 04:46:39', 'purchase', NULL, NULL, 95);
INSERT INTO `transactions` VALUES (248, 33, '0x000000000000000000000000000000289FDFD9B6', '0x00000000000000000000000000000049F7CFB306', '0x00000000000000000000000000000000000000000000000000E6F49C24909780', 10000, 'RMB', '2024-07-24 04:46:39', 'purchase', NULL, NULL, 42);
INSERT INTO `transactions` VALUES (249, 3, '0x0000000000000000000000000000008DB19AC34F', '0x000000000000000000000000000000D239146CED', '0x000000000000000000000000000000000000000000000000098F162034BB6600', 10000, 'RMB', '2024-08-13 04:46:39', 'purchase', NULL, NULL, 169);
INSERT INTO `transactions` VALUES (250, 25, '0x0000000000000000000000000000006134C67409', '0x000000000000000000000000000000D5B6B3D107', '0x00000000000000000000000000000000000000000000000004AD2CA72337A740', 10000, 'RMB', '2024-07-31 04:46:39', 'purchase', NULL, NULL, 87);
INSERT INTO `transactions` VALUES (251, 14, '0x000000000000000000000000000000BF00559C46', '0x00000000000000000000000000000064B733D9C1', '0x00000000000000000000000000000000000000000000000009BD5C6A82F5EC80', 10000, 'RMB', '2024-04-10 04:46:39', 'purchase', NULL, NULL, 25);
INSERT INTO `transactions` VALUES (252, 48, '0x00000000000000000000000000000065C8364FE5', '0x000000000000000000000000000000D1F88160F4', '0x00000000000000000000000000000000000000000000000002BE23E4CC82A380', 10000, 'RMB', '2024-05-28 04:46:39', 'purchase', NULL, NULL, 52);
INSERT INTO `transactions` VALUES (253, 51, '0x000000000000000000000000000000479844AFE6', '0x00000000000000000000000000000015BA9E6AAC', '0x000000000000000000000000000000000000000000000000078D27534C2C6180', 10000, 'RMB', '2024-08-27 04:46:39', 'purchase', NULL, NULL, 107);
INSERT INTO `transactions` VALUES (254, 60, '0x00000000000000000000000000000026BF12D1F5', '0x000000000000000000000000000000E260BC4D38', '0x0000000000000000000000000000000000000000000000000506BCE80C39A880', 10000, 'RMB', '2024-11-03 04:46:39', 'purchase', NULL, NULL, 48);
INSERT INTO `transactions` VALUES (255, 2, '0x00000000000000000000000000000068DDA794BA', '0x0000000000000000000000000000002440FBA1A5', '0x00000000000000000000000000000000000000000000000005EE48FDC3F95600', 10000, 'RMB', '2025-02-27 04:46:39', 'purchase', NULL, NULL, 65);
INSERT INTO `transactions` VALUES (256, 26, '0x00000000000000000000000000000016A8B20405', '0x00000000000000000000000000000039BE417D8D', '0x0000000000000000000000000000000000000000000000000D2835E244971680', 10000, 'RMB', '2025-02-01 04:46:39', 'purchase', NULL, NULL, 140);
INSERT INTO `transactions` VALUES (257, 5, '0x00000000000000000000000000000044D47DD10E', '0x00000000000000000000000000000038E100BB87', '0x00000000000000000000000000000000000000000000000004A4BA4BDD8D9DC0', 10000, 'RMB', '2024-07-12 04:46:39', 'purchase', NULL, NULL, 133);
INSERT INTO `transactions` VALUES (258, 15, '0x000000000000000000000000000000215D8F771E', '0x000000000000000000000000000000087C7A2283', '0x0000000000000000000000000000000000000000000000000A70CFF8E2D37E00', 10000, 'RMB', '2025-03-22 04:46:39', 'purchase', NULL, NULL, 14);
INSERT INTO `transactions` VALUES (259, 20, '0x00000000000000000000000000000058285C0E28', '0x000000000000000000000000000000DCA313413A', '0x000000000000000000000000000000000000000000000000085B970F02F56E80', 10000, 'RMB', '2025-03-11 04:46:39', 'purchase', NULL, NULL, 134);
INSERT INTO `transactions` VALUES (260, 16, '0x0000000000000000000000000000002F7426E58C', '0x00000000000000000000000000000043F35B4788', '0x0000000000000000000000000000000000000000000000000BC3F6256CE6DC80', 10000, 'RMB', '2024-12-14 04:46:39', 'purchase', NULL, NULL, 56);
INSERT INTO `transactions` VALUES (261, 36, '0x000000000000000000000000000000046A02AE7F', '0x0000000000000000000000000000005901CD1C32', '0x0000000000000000000000000000000000000000000000000BDBEC3928B57200', 10000, 'RMB', '2025-02-28 04:46:39', 'purchase', NULL, NULL, 191);
INSERT INTO `transactions` VALUES (262, 35, '0x000000000000000000000000000000D703F65EC8', '0x000000000000000000000000000000DDD523ECCC', '0x0000000000000000000000000000000000000000000000000DC924426D496980', 10000, 'RMB', '2024-08-30 04:46:39', 'purchase', NULL, NULL, 98);
INSERT INTO `transactions` VALUES (263, 47, '0x000000000000000000000000000000418A6AC475', '0x0000000000000000000000000000002598BA9D98', '0x0000000000000000000000000000000000000000000000000D5CE44B86B16500', 10000, 'RMB', '2024-06-19 04:46:39', 'purchase', NULL, NULL, 164);
INSERT INTO `transactions` VALUES (264, 50, '0x000000000000000000000000000000837CCF63B2', '0x000000000000000000000000000000602D73C932', '0x0000000000000000000000000000000000000000000000000526BE28A2CD88C0', 10000, 'RMB', '2024-04-03 04:46:39', 'purchase', NULL, NULL, 1);
INSERT INTO `transactions` VALUES (265, 6, '0x000000000000000000000000000000691AD650EB', '0x000000000000000000000000000000E59655BBE2', '0x00000000000000000000000000000000000000000000000007FEA88E8FDB8100', 10000, 'RMB', '2024-05-05 04:46:39', 'purchase', NULL, NULL, 130);
INSERT INTO `transactions` VALUES (266, 37, '0x000000000000000000000000000000E88CB841C8', '0x00000000000000000000000000000035728CED30', '0x0000000000000000000000000000000000000000000000000219DD8D306B0E60', 7018, 'RMB', '2024-05-04 04:46:39', 'purchase', NULL, NULL, 47);
INSERT INTO `transactions` VALUES (267, 31, '0x000000000000000000000000000000B876B7986B', '0x0000000000000000000000000000006D12299D0B', '0x0000000000000000000000000000000000000000000000000D66163B55883400', 10000, 'RMB', '2025-01-04 04:46:39', 'purchase', NULL, NULL, 161);
INSERT INTO `transactions` VALUES (268, 24, '0x0000000000000000000000000000006A0CA19DB6', '0x0000000000000000000000000000002504EEE1FF', '0x00000000000000000000000000000000000000000000000005F281A1ECBC7500', 10000, 'RMB', '2025-03-08 04:46:39', 'purchase', NULL, NULL, 44);
INSERT INTO `transactions` VALUES (269, 60, '0x0000000000000000000000000000002407E18CEA', '0x000000000000000000000000000000CEC5B5FE15', '0x0000000000000000000000000000000000000000000000000D8BF9CD3DF2F980', 10000, 'RMB', '2025-01-26 04:46:39', 'purchase', NULL, NULL, 25);
INSERT INTO `transactions` VALUES (270, 9, '0x00000000000000000000000000000050B798A6F7', '0x00000000000000000000000000000047B2D14C63', '0x00000000000000000000000000000000000000000000000006EF391ABDD19E00', 10000, 'RMB', '2024-11-07 04:46:39', 'purchase', NULL, NULL, 30);
INSERT INTO `transactions` VALUES (271, 38, '0x00000000000000000000000000000089FA2F835D', '0x00000000000000000000000000000021E8EF98A0', '0x0000000000000000000000000000000000000000000000000D3072F1B91AC200', 10000, 'RMB', '2024-07-02 04:46:39', 'purchase', NULL, NULL, 135);
INSERT INTO `transactions` VALUES (272, 13, '0x000000000000000000000000000000E35EF11785', '0x00000000000000000000000000000041E9A7E790', '0x00000000000000000000000000000000000000000000000006BDF4DF00DD3A80', 10000, 'RMB', '2024-10-13 04:46:39', 'purchase', NULL, NULL, 94);
INSERT INTO `transactions` VALUES (273, 2, '0x0000000000000000000000000000009D96582A0B', '0x0000000000000000000000000000004E16719A7A', '0x00000000000000000000000000000000000000000000000008F88E9539863F80', 10000, 'RMB', '2025-01-13 04:46:39', 'purchase', NULL, NULL, 55);
INSERT INTO `transactions` VALUES (274, 50, '0x0000000000000000000000000000002BFB210BA5', '0x0000000000000000000000000000007CE279A5C8', '0x00000000000000000000000000000000000000000000000001993A485E9A1700', 10000, 'RMB', '2024-09-26 04:46:39', 'purchase', NULL, NULL, 109);
INSERT INTO `transactions` VALUES (275, 16, '0x0000000000000000000000000000008AFBA04C80', '0x0000000000000000000000000000003A6856198E', '0x000000000000000000000000000000000000000000000000066EB96D8E945700', 10000, 'RMB', '2024-10-16 04:46:39', 'purchase', NULL, NULL, 96);
INSERT INTO `transactions` VALUES (276, 6, '0x000000000000000000000000000000E380F25207', '0x000000000000000000000000000000953474B758', '0x00000000000000000000000000000000000000000000000003C923645895ED80', 10000, 'RMB', '2024-11-02 04:46:39', 'purchase', NULL, NULL, 125);
INSERT INTO `transactions` VALUES (277, 58, '0x000000000000000000000000000000BC40FCEFCC', '0x0000000000000000000000000000003837221C35', '0x0000000000000000000000000000000000000000000000000AD8BDD91723C800', 10000, 'RMB', '2024-08-26 04:46:39', 'purchase', NULL, NULL, 64);
INSERT INTO `transactions` VALUES (278, 54, '0x0000000000000000000000000000004E315302C8', '0x00000000000000000000000000000019B313E2AE', '0x000000000000000000000000000000000000000000000000078E0E2303D4C080', 10000, 'RMB', '2024-11-26 04:46:39', 'purchase', NULL, NULL, 87);
INSERT INTO `transactions` VALUES (279, 13, '0x000000000000000000000000000000A05426C901', '0x000000000000000000000000000000C67B54A47A', '0x00000000000000000000000000000000000000000000000002BA435ADD206300', 10000, 'RMB', '2024-09-09 04:46:39', 'purchase', NULL, NULL, 82);
INSERT INTO `transactions` VALUES (280, 27, '0x000000000000000000000000000000D92D879251', '0x00000000000000000000000000000055E9B656B8', '0x00000000000000000000000000000000000000000000000000A5BCE1ADF1B168', 10000, 'RMB', '2024-09-25 04:46:39', 'purchase', NULL, NULL, 16);
INSERT INTO `transactions` VALUES (281, 57, '0x00000000000000000000000000000051C1009FDF', '0x00000000000000000000000000000000F0F17636', '0x0000000000000000000000000000000000000000000000000D6AD63D32672F00', 10000, 'RMB', '2025-01-06 04:46:39', 'purchase', NULL, NULL, 117);
INSERT INTO `transactions` VALUES (282, 18, '0x0000000000000000000000000000009606516F65', '0x0000000000000000000000000000005A950E3AE5', '0x000000000000000000000000000000000000000000000000002B4AD8C4E8F666', 10000, 'RMB', '2024-10-17 04:46:39', 'purchase', NULL, NULL, 97);
INSERT INTO `transactions` VALUES (283, 7, '0x00000000000000000000000000000013D89223B9', '0x00000000000000000000000000000019A658CF89', '0x00000000000000000000000000000000000000000000000004187276A2C77080', 10000, 'RMB', '2024-05-21 04:46:39', 'purchase', NULL, NULL, 153);
INSERT INTO `transactions` VALUES (284, 19, '0x0000000000000000000000000000003427AD5E56', '0x00000000000000000000000000000030B139CAE3', '0x000000000000000000000000000000000000000000000000052F760032405D40', 10000, 'RMB', '2025-02-21 04:46:39', 'purchase', NULL, NULL, 139);
INSERT INTO `transactions` VALUES (285, 14, '0x000000000000000000000000000000034889FDBE', '0x0000000000000000000000000000006038305251', '0x00000000000000000000000000000000000000000000000000553CA9C174D7F0', 10000, 'RMB', '2024-11-23 04:46:39', 'purchase', NULL, NULL, 1);
INSERT INTO `transactions` VALUES (286, 3, '0x0000000000000000000000000000002475CAAC5F', '0x0000000000000000000000000000009EB2F03084', '0x0000000000000000000000000000000000000000000000000D0554F3F4B8CB80', 10000, 'RMB', '2024-10-22 04:46:39', 'purchase', NULL, NULL, 30);
INSERT INTO `transactions` VALUES (287, 31, '0x000000000000000000000000000000E5E8E617A6', '0x0000000000000000000000000000006F88D0EAC8', '0x0000000000000000000000000000000000000000000000000601AEB520AE4440', 10000, 'RMB', '2024-11-21 04:46:39', 'purchase', NULL, NULL, 101);
INSERT INTO `transactions` VALUES (288, 31, '0x000000000000000000000000000000E501FE9B5A', '0x0000000000000000000000000000006302E956E5', '0x000000000000000000000000000000000000000000000000026F898DF82D6380', 10000, 'RMB', '2024-09-28 04:46:39', 'purchase', NULL, NULL, 122);
INSERT INTO `transactions` VALUES (289, 37, '0x0000000000000000000000000000001ADDBA9171', '0x000000000000000000000000000000BDD07F7DEA', '0x0000000000000000000000000000000000000000000000000A21B7DEE3D14A80', 10000, 'RMB', '2024-05-24 04:46:39', 'purchase', NULL, NULL, 111);
INSERT INTO `transactions` VALUES (290, 16, '0x0000000000000000000000000000008DF42B39E9', '0x000000000000000000000000000000441BD7B988', '0x00000000000000000000000000000000000000000000000008CADF0B4FF4DF80', 10000, 'RMB', '2024-09-04 04:46:39', 'purchase', NULL, NULL, 177);
INSERT INTO `transactions` VALUES (291, 47, '0x00000000000000000000000000000021A496AA82', '0x0000000000000000000000000000006860E6A564', '0x0000000000000000000000000000000000000000000000000B36AF4474EBAD80', 10000, 'RMB', '2025-03-05 04:46:39', 'purchase', NULL, NULL, 35);
INSERT INTO `transactions` VALUES (292, 45, '0x0000000000000000000000000000000DA6A45BA6', '0x000000000000000000000000000000217EC9ED37', '0x000000000000000000000000000000000000000000000000078A987A3906FD00', 10000, 'RMB', '2024-06-06 04:46:39', 'purchase', NULL, NULL, 26);
INSERT INTO `transactions` VALUES (293, 16, '0x000000000000000000000000000000CF9F6F47F8', '0x000000000000000000000000000000A0C2FB5E22', '0x0000000000000000000000000000000000000000000000000AC8EC6031E32600', 10000, 'RMB', '2024-06-26 04:46:39', 'purchase', NULL, NULL, 52);
INSERT INTO `transactions` VALUES (294, 4, '0x0000000000000000000000000000007FB3B5B660', '0x000000000000000000000000000000805B086D0E', '0x000000000000000000000000000000000000000000000000018A4EDFB8A91A10', 10000, 'RMB', '2025-01-20 04:46:39', 'purchase', NULL, NULL, 32);
INSERT INTO `transactions` VALUES (295, 18, '0x000000000000000000000000000000D4E09D9BE1', '0x000000000000000000000000000000AB76C19DDC', '0x0000000000000000000000000000000000000000000000000D08E713ABC3B500', 10000, 'RMB', '2024-08-10 04:46:39', 'purchase', NULL, NULL, 125);
INSERT INTO `transactions` VALUES (296, 17, '0x000000000000000000000000000000713826ECBD', '0x0000000000000000000000000000008F3AAAA7FF', '0x000000000000000000000000000000000000000000000000089008CC34CE6580', 10000, 'RMB', '2024-11-17 04:46:39', 'purchase', NULL, NULL, 3);
INSERT INTO `transactions` VALUES (297, 2, '0x0000000000000000000000000000001B7B8231B8', '0x00000000000000000000000000000072E29D299A', '0x0000000000000000000000000000000000000000000000000191925ED4239160', 8671, 'RMB', '2025-02-20 04:46:39', 'purchase', NULL, NULL, 35);
INSERT INTO `transactions` VALUES (298, 38, '0x000000000000000000000000000000748EF19C18', '0x000000000000000000000000000000A173E36A33', '0x0000000000000000000000000000000000000000000000000D6587B51CAF0800', 10000, 'RMB', '2024-05-22 04:46:39', 'purchase', NULL, NULL, 188);
INSERT INTO `transactions` VALUES (299, 12, '0x0000000000000000000000000000001EB1D11960', '0x00000000000000000000000000000014C0042AAD', '0x00000000000000000000000000000000000000000000000000B2046680B81FF0', 10000, 'RMB', '2024-06-17 04:46:39', 'purchase', NULL, NULL, 176);
INSERT INTO `transactions` VALUES (300, 6, '0x000000000000000000000000000000C30CF96834', '0x000000000000000000000000000000D2C40586E8', '0x000000000000000000000000000000000000000000000000002E02389316D644', 10000, 'RMB', '2024-07-09 04:46:39', 'purchase', NULL, NULL, 97);
INSERT INTO `transactions` VALUES (301, 19, '0x0000000000000000000000000000001103957309', '0x0000000000000000000000000000006870BE276C', '0x0000000000000000000000000000000000000000000000000053E769F2DF4510', 10000, 'RMB', '2024-06-08 04:46:39', 'purchase', NULL, NULL, 128);
INSERT INTO `transactions` VALUES (302, 51, '0x00000000000000000000000000000028318757C6', '0x0000000000000000000000000000005FB018D916', '0x0000000000000000000000000000000000000000000000000773C7F8FFA1E140', 10000, 'RMB', '2024-07-30 04:46:39', 'purchase', NULL, NULL, 178);
INSERT INTO `transactions` VALUES (303, 32, '0x000000000000000000000000000000C3614CDC55', '0x000000000000000000000000000000A0C552B240', '0x0000000000000000000000000000000000000000000000000CFA0C477B02CC80', 10000, 'RMB', '2025-01-04 04:46:39', 'purchase', NULL, NULL, 52);
INSERT INTO `transactions` VALUES (304, 41, '0x0000000000000000000000000000006F8FBDB500', '0x000000000000000000000000000000671631E7C5', '0x0000000000000000000000000000000000000000000000000AC602ECC871BA00', 10000, 'RMB', '2024-10-15 04:46:39', 'purchase', NULL, NULL, 106);
INSERT INTO `transactions` VALUES (305, 21, '0x0000000000000000000000000000000B4F247C03', '0x0000000000000000000000000000003D645FA848', '0x0000000000000000000000000000000000000000000000000265705F3475BC80', 7416, 'RMB', '2024-05-20 04:46:39', 'purchase', NULL, NULL, 1);
INSERT INTO `transactions` VALUES (306, 30, '0x00000000000000000000000000000054A38987D7', '0x0000000000000000000000000000005CB2E7B809', '0x0000000000000000000000000000000000000000000000000C7DE74480755F80', 10000, 'RMB', '2024-05-24 04:46:39', 'purchase', NULL, NULL, 48);
INSERT INTO `transactions` VALUES (307, 43, '0x000000000000000000000000000000A5E250DE4F', '0x0000000000000000000000000000007718AB6867', '0x00000000000000000000000000000000000000000000000005D4C33F2C804480', 10000, 'RMB', '2024-08-27 04:46:39', 'purchase', NULL, NULL, 32);
INSERT INTO `transactions` VALUES (308, 5, '0x000000000000000000000000000000CCD34F4121', '0x0000000000000000000000000000002BF2DA2674', '0x000000000000000000000000000000000000000000000000043A4758463EEFC0', 10000, 'RMB', '2024-05-10 04:46:39', 'purchase', NULL, NULL, 97);
INSERT INTO `transactions` VALUES (309, 50, '0x000000000000000000000000000000802A800F7A', '0x000000000000000000000000000000526DF278AB', '0x00000000000000000000000000000000000000000000000001A5E552DC18D6E0', 10000, 'RMB', '2024-12-03 04:46:39', 'purchase', NULL, NULL, 184);
INSERT INTO `transactions` VALUES (310, 42, '0x0000000000000000000000000000008DA2775962', '0x00000000000000000000000000000006B4A48932', '0x000000000000000000000000000000000000000000000000046D8203AFD44D00', 10000, 'RMB', '2024-08-21 04:46:39', 'purchase', NULL, NULL, 82);
INSERT INTO `transactions` VALUES (311, 18, '0x0000000000000000000000000000002DE062E8B3', '0x0000000000000000000000000000001E5146ACC0', '0x00000000000000000000000000000000000000000000000000D4FB0EC59E3400', 10000, 'RMB', '2024-11-10 04:46:39', 'purchase', NULL, NULL, 21);
INSERT INTO `transactions` VALUES (312, 26, '0x000000000000000000000000000000AC0B5E3132', '0x0000000000000000000000000000006D440461D0', '0x00000000000000000000000000000000000000000000000001CCBE3074DBD6F0', 10000, 'RMB', '2024-05-30 04:46:39', 'purchase', NULL, NULL, 70);
INSERT INTO `transactions` VALUES (313, 19, '0x00000000000000000000000000000063B37F6B19', '0x0000000000000000000000000000003C6C3DDC89', '0x000000000000000000000000000000000000000000000000002DF034CFEC78FA', 10000, 'RMB', '2024-11-01 04:46:39', 'purchase', NULL, NULL, 21);
INSERT INTO `transactions` VALUES (314, 21, '0x0000000000000000000000000000004DC1095D6F', '0x000000000000000000000000000000A050094AB9', '0x000000000000000000000000000000000000000000000000061E28A551874680', 10000, 'RMB', '2024-11-08 04:46:39', 'purchase', NULL, NULL, 88);
INSERT INTO `transactions` VALUES (315, 5, '0x00000000000000000000000000000007B8CC92CF', '0x000000000000000000000000000000DFDD0F9D57', '0x00000000000000000000000000000000000000000000000009D318E77610A900', 10000, 'RMB', '2025-01-27 04:46:39', 'purchase', NULL, NULL, 160);
INSERT INTO `transactions` VALUES (316, 33, '0x000000000000000000000000000000346A02585B', '0x00000000000000000000000000000081E4D518A8', '0x00000000000000000000000000000000000000000000000001955CAFF47804F0', 10000, 'RMB', '2025-01-31 04:46:39', 'purchase', NULL, NULL, 4);
INSERT INTO `transactions` VALUES (317, 42, '0x00000000000000000000000000000042121D3005', '0x000000000000000000000000000000609C9A1857', '0x0000000000000000000000000000000000000000000000000319B2696C350500', 10000, 'RMB', '2024-07-14 04:46:39', 'purchase', NULL, NULL, 168);
INSERT INTO `transactions` VALUES (318, 8, '0x0000000000000000000000000000000D70A3C4BD', '0x000000000000000000000000000000DC7B4EF7CB', '0x00000000000000000000000000000000000000000000000007CB53EC56F42600', 10000, 'RMB', '2025-01-27 04:46:39', 'purchase', NULL, NULL, 172);
INSERT INTO `transactions` VALUES (319, 52, '0x00000000000000000000000000000081567A4FBD', '0x00000000000000000000000000000046B4D0B805', '0x0000000000000000000000000000000000000000000000000BD28FF4510FE080', 10000, 'RMB', '2025-01-14 04:46:39', 'purchase', NULL, NULL, 178);
INSERT INTO `transactions` VALUES (320, 55, '0x000000000000000000000000000000A9ECA379BB', '0x000000000000000000000000000000031D39C5D8', '0x0000000000000000000000000000000000000000000000000C2D366BC4C69080', 10000, 'RMB', '2025-02-14 04:46:39', 'purchase', NULL, NULL, 95);
INSERT INTO `transactions` VALUES (321, 4, '0x000000000000000000000000000000C44E6544C5', '0x0000000000000000000000000000000E0EC77B1E', '0x0000000000000000000000000000000000000000000000000AB87988982E7D80', 10000, 'RMB', '2025-02-19 04:46:39', 'purchase', NULL, NULL, 81);
INSERT INTO `transactions` VALUES (322, 47, '0x00000000000000000000000000000078BA763CA7', '0x000000000000000000000000000000530C3C89F3', '0x000000000000000000000000000000000000000000000000032989CCF2D9EE60', 7112, 'RMB', '2024-07-25 04:46:39', 'purchase', NULL, NULL, 22);
INSERT INTO `transactions` VALUES (323, 34, '0x00000000000000000000000000000059F4481CF5', '0x000000000000000000000000000000481294BE07', '0x0000000000000000000000000000000000000000000000000564EC91B7726BC0', 1680, 'RMB', '2024-04-26 04:46:39', 'purchase', NULL, NULL, 100);
INSERT INTO `transactions` VALUES (324, 47, '0x00000000000000000000000000000042DAF412FF', '0x00000000000000000000000000000027CCFD94A9', '0x0000000000000000000000000000000000000000000000000DC8E0A026E10E80', 10000, 'RMB', '2024-12-08 04:46:39', 'purchase', NULL, NULL, 17);
INSERT INTO `transactions` VALUES (325, 34, '0x000000000000000000000000000000678ABD9F8F', '0x0000000000000000000000000000008E7F9D6403', '0x0000000000000000000000000000000000000000000000000A1348C4715F1F00', 10000, 'RMB', '2024-06-08 04:46:39', 'purchase', NULL, NULL, 116);
INSERT INTO `transactions` VALUES (326, 32, '0x000000000000000000000000000000BCBE32ABAE', '0x0000000000000000000000000000007B244C4FA3', '0x00000000000000000000000000000000000000000000000002F30188365D2F40', 10000, 'RMB', '2024-06-26 04:46:39', 'purchase', NULL, NULL, 57);
INSERT INTO `transactions` VALUES (327, 12, '0x0000000000000000000000000000001261DDF990', '0x000000000000000000000000000000C36FEEFF90', '0x0000000000000000000000000000000000000000000000000D5310071DC14E00', 10000, 'RMB', '2024-09-10 04:46:39', 'purchase', NULL, NULL, 163);
INSERT INTO `transactions` VALUES (328, 29, '0x000000000000000000000000000000CE89B3B066', '0x00000000000000000000000000000009A470581D', '0x00000000000000000000000000000000000000000000000007933D140929CEC0', 10000, 'RMB', '2024-11-02 04:46:39', 'purchase', NULL, NULL, 25);
INSERT INTO `transactions` VALUES (329, 28, '0x000000000000000000000000000000CC17CB4578', '0x000000000000000000000000000000089C78D85C', '0x00000000000000000000000000000000000000000000000007B47DCC9894C540', 10000, 'RMB', '2024-07-26 04:46:39', 'purchase', NULL, NULL, 61);
INSERT INTO `transactions` VALUES (330, 34, '0x000000000000000000000000000000B67EB32C6D', '0x000000000000000000000000000000465B12B2A9', '0x00000000000000000000000000000000000000000000000002367A30AE99B980', 10000, 'RMB', '2024-04-02 04:46:39', 'purchase', NULL, NULL, 41);
INSERT INTO `transactions` VALUES (331, 6, '0x000000000000000000000000000000C87A586640', '0x00000000000000000000000000000004F3240DF3', '0x0000000000000000000000000000000000000000000000000742A0C8808B4600', 10000, 'RMB', '2025-01-13 04:46:39', 'purchase', NULL, NULL, 60);
INSERT INTO `transactions` VALUES (332, 57, '0x0000000000000000000000000000009C7282A8E9', '0x00000000000000000000000000000090DE14A429', '0x000000000000000000000000000000000000000000000000015235DD2C5E1350', 10000, 'RMB', '2024-06-19 04:46:39', 'purchase', NULL, NULL, 196);
INSERT INTO `transactions` VALUES (333, 38, '0x00000000000000000000000000000018F76E890B', '0x000000000000000000000000000000A56CD05E56', '0x0000000000000000000000000000000000000000000000000333E97D4B4A52E0', 2439, 'RMB', '2024-10-21 04:46:39', 'purchase', NULL, NULL, 7);
INSERT INTO `transactions` VALUES (334, 56, '0x0000000000000000000000000000005DF46C2A4E', '0x0000000000000000000000000000004A153056E5', '0x00000000000000000000000000000000000000000000000005472894FFF7E980', 10000, 'RMB', '2024-08-19 04:46:39', 'purchase', NULL, NULL, 27);
INSERT INTO `transactions` VALUES (335, 54, '0x000000000000000000000000000000DCB1058131', '0x0000000000000000000000000000001FC6FD7964', '0x0000000000000000000000000000000000000000000000000BA41A396DC89400', 10000, 'RMB', '2024-10-26 04:46:39', 'purchase', NULL, NULL, 137);
INSERT INTO `transactions` VALUES (336, 12, '0x000000000000000000000000000000C9CBFE680F', '0x000000000000000000000000000000B7A1F9D0F5', '0x00000000000000000000000000000000000000000000000004C3D3022A369F00', 10000, 'RMB', '2024-07-03 04:46:39', 'purchase', NULL, NULL, 113);
INSERT INTO `transactions` VALUES (337, 41, '0x00000000000000000000000000000083A407DB0E', '0x000000000000000000000000000000CB08947D07', '0x0000000000000000000000000000000000000000000000000936C40002697280', 10000, 'RMB', '2024-09-12 04:46:39', 'purchase', NULL, NULL, 105);
INSERT INTO `transactions` VALUES (338, 2, '0x000000000000000000000000000000806DF7610A', '0x000000000000000000000000000000A0CEC57BB6', '0x0000000000000000000000000000000000000000000000000B14E6DFE9DE4C00', 10000, 'RMB', '2025-01-07 04:46:39', 'purchase', NULL, NULL, 56);
INSERT INTO `transactions` VALUES (339, 47, '0x000000000000000000000000000000DC14043F76', '0x0000000000000000000000000000006BE97CC423', '0x00000000000000000000000000000000000000000000000006AF5EDD82431700', 2007, 'RMB', '2024-07-31 04:46:39', 'purchase', NULL, NULL, 35);
INSERT INTO `transactions` VALUES (340, 58, '0x0000000000000000000000000000001B63559F6E', '0x000000000000000000000000000000BBD81ED3CD', '0x000000000000000000000000000000000000000000000000097382EE62A66280', 10000, 'RMB', '2024-05-06 04:46:39', 'purchase', NULL, NULL, 91);
INSERT INTO `transactions` VALUES (341, 38, '0x000000000000000000000000000000A0F3A32E90', '0x00000000000000000000000000000092F73BE7EE', '0x000000000000000000000000000000000000000000000000012419729769E830', 10000, 'RMB', '2024-11-19 04:46:39', 'purchase', NULL, NULL, 31);
INSERT INTO `transactions` VALUES (342, 46, '0x000000000000000000000000000000300D1DD844', '0x000000000000000000000000000000C2D48F70F2', '0x00000000000000000000000000000000000000000000000007D69F0EF411FC40', 10000, 'RMB', '2024-05-08 04:46:39', 'purchase', NULL, NULL, 86);
INSERT INTO `transactions` VALUES (343, 33, '0x0000000000000000000000000000004D10CBA62F', '0x0000000000000000000000000000001386A8F181', '0x00000000000000000000000000000000000000000000000005EAA5A15900B340', 10000, 'RMB', '2025-02-07 04:46:39', 'purchase', NULL, NULL, 194);
INSERT INTO `transactions` VALUES (344, 30, '0x00000000000000000000000000000068A1420B0A', '0x000000000000000000000000000000C2DE2C315B', '0x0000000000000000000000000000000000000000000000000B9C3BBF06F47300', 10000, 'RMB', '2024-05-17 04:46:39', 'purchase', NULL, NULL, 48);
INSERT INTO `transactions` VALUES (345, 40, '0x00000000000000000000000000000072E2D6724C', '0x0000000000000000000000000000007DE3EEAB09', '0x0000000000000000000000000000000000000000000000000318E4201A6C74C0', 10000, 'RMB', '2024-06-05 04:46:39', 'purchase', NULL, NULL, 104);
INSERT INTO `transactions` VALUES (346, 12, '0x000000000000000000000000000000545C7503AA', '0x0000000000000000000000000000003DBEF8BD15', '0x000000000000000000000000000000000000000000000000035118E86A585180', 10000, 'RMB', '2024-12-11 04:46:39', 'purchase', NULL, NULL, 41);
INSERT INTO `transactions` VALUES (347, 11, '0x0000000000000000000000000000003881B7D089', '0x000000000000000000000000000000A3FC870CB7', '0x0000000000000000000000000000000000000000000000000B0312AD34B16F00', 10000, 'RMB', '2024-05-02 04:46:39', 'purchase', NULL, NULL, 180);
INSERT INTO `transactions` VALUES (348, 51, '0x00000000000000000000000000000054176FB13A', '0x0000000000000000000000000000005701C23D3F', '0x0000000000000000000000000000000000000000000000000AE4B12190F12E00', 10000, 'RMB', '2024-07-24 04:46:39', 'purchase', NULL, NULL, 182);
INSERT INTO `transactions` VALUES (349, 34, '0x000000000000000000000000000000E5D10DA9D5', '0x00000000000000000000000000000048912F6CAA', '0x0000000000000000000000000000000000000000000000000849B0BBB3A28600', 5289, 'RMB', '2024-10-05 04:46:39', 'purchase', NULL, NULL, 33);
INSERT INTO `transactions` VALUES (350, 27, '0x000000000000000000000000000000982933BFBF', '0x000000000000000000000000000000E453523BE6', '0x0000000000000000000000000000000000000000000000000D150C71EBF13280', 10000, 'RMB', '2025-03-13 04:46:39', 'purchase', NULL, NULL, 167);
INSERT INTO `transactions` VALUES (351, 5, '0x000000000000000000000000000000C5398A9EAA', '0x00000000000000000000000000000007468AC4E3', '0x0000000000000000000000000000000000000000000000000888FD0698F2CE00', 10000, 'RMB', '2025-03-01 04:46:39', 'purchase', NULL, NULL, 73);
INSERT INTO `transactions` VALUES (352, 40, '0x000000000000000000000000000000159B815503', '0x0000000000000000000000000000008096ABD451', '0x00000000000000000000000000000000000000000000000006B3FDB649124F00', 10000, 'RMB', '2024-11-19 04:46:39', 'purchase', NULL, NULL, 88);
INSERT INTO `transactions` VALUES (353, 10, '0x0000000000000000000000000000006725467F48', '0x000000000000000000000000000000B25D22A6EF', '0x00000000000000000000000000000000000000000000000006F50534FCB18D00', 10000, 'RMB', '2024-09-08 04:46:39', 'purchase', NULL, NULL, 13);
INSERT INTO `transactions` VALUES (354, 44, '0x00000000000000000000000000000050A80F8BAA', '0x0000000000000000000000000000008DAD32B48D', '0x000000000000000000000000000000000000000000000000000B79A0FC35E191', 10000, 'RMB', '2024-04-13 04:46:39', 'purchase', NULL, NULL, 30);
INSERT INTO `transactions` VALUES (355, 56, '0x0000000000000000000000000000000DF4B4BDF0', '0x0000000000000000000000000000008BDFEA23F6', '0x0000000000000000000000000000000000000000000000000B6F503363A8FA80', 10000, 'RMB', '2025-02-09 04:46:39', 'purchase', NULL, NULL, 126);
INSERT INTO `transactions` VALUES (356, 49, '0x0000000000000000000000000000000BB069AAF4', '0x000000000000000000000000000000CFDC3E388B', '0x00000000000000000000000000000000000000000000000004588B6587B58BC0', 10000, 'RMB', '2024-09-23 04:46:39', 'purchase', NULL, NULL, 166);
INSERT INTO `transactions` VALUES (357, 40, '0x000000000000000000000000000000ACB59ACE1B', '0x000000000000000000000000000000B4236FBBA3', '0x00000000000000000000000000000000000000000000000008ECBFB5A28F5A00', 10000, 'RMB', '2024-09-06 04:46:39', 'purchase', NULL, NULL, 7);
INSERT INTO `transactions` VALUES (358, 33, '0x0000000000000000000000000000007D977A3A79', '0x0000000000000000000000000000001B60A33781', '0x0000000000000000000000000000000000000000000000000D7508347EE55600', 10000, 'RMB', '2024-08-28 04:46:39', 'purchase', NULL, NULL, 72);
INSERT INTO `transactions` VALUES (359, 6, '0x00000000000000000000000000000057EDFE26CD', '0x0000000000000000000000000000008EE8716567', '0x0000000000000000000000000000000000000000000000000CFD331F0DAD3A00', 10000, 'RMB', '2024-11-03 04:46:39', 'purchase', NULL, NULL, 82);
INSERT INTO `transactions` VALUES (360, 55, '0x00000000000000000000000000000029059378DC', '0x00000000000000000000000000000038BA6B6F71', '0x000000000000000000000000000000000000000000000000099230B7D520BE80', 10000, 'RMB', '2024-09-15 04:46:39', 'purchase', NULL, NULL, 88);
INSERT INTO `transactions` VALUES (361, 40, '0x000000000000000000000000000000C8796AA33A', '0x0000000000000000000000000000005D429530E6', '0x00000000000000000000000000000000000000000000000005D2E8D572CD2080', 10000, 'RMB', '2025-01-01 04:46:39', 'purchase', NULL, NULL, 87);
INSERT INTO `transactions` VALUES (362, 30, '0x0000000000000000000000000000001B37B76307', '0x0000000000000000000000000000002050B07E7D', '0x00000000000000000000000000000000000000000000000004C387668DD3D9C0', 10000, 'RMB', '2024-10-03 04:46:39', 'purchase', NULL, NULL, 91);
INSERT INTO `transactions` VALUES (363, 53, '0x000000000000000000000000000000C627B622BC', '0x000000000000000000000000000000AB0C22755F', '0x00000000000000000000000000000000000000000000000001AA5886B7535200', 10000, 'RMB', '2024-08-09 04:46:39', 'purchase', NULL, NULL, 183);
INSERT INTO `transactions` VALUES (364, 44, '0x000000000000000000000000000000BAF9BCC3CD', '0x000000000000000000000000000000CEC409E79C', '0x000000000000000000000000000000000000000000000000006E7D1ECCC12018', 10000, 'RMB', '2024-11-11 04:46:39', 'purchase', NULL, NULL, 69);
INSERT INTO `transactions` VALUES (365, 39, '0x0000000000000000000000000000001641A8A31E', '0x0000000000000000000000000000008C6DB6F577', '0x0000000000000000000000000000000000000000000000000A1D9A1267708380', 10000, 'RMB', '2024-03-28 04:46:39', 'purchase', NULL, NULL, 88);
INSERT INTO `transactions` VALUES (366, 15, '0x000000000000000000000000000000C1504622DA', '0x0000000000000000000000000000006BAECF2AFF', '0x0000000000000000000000000000000000000000000000000B6711F764B0A800', 10000, 'RMB', '2025-02-01 04:46:39', 'purchase', NULL, NULL, 107);
INSERT INTO `transactions` VALUES (367, 16, '0x0000000000000000000000000000008F34C8263A', '0x0000000000000000000000000000005152CD7A2F', '0x0000000000000000000000000000000000000000000000000C81BDE8DF8CFA80', 10000, 'RMB', '2024-08-21 04:46:39', 'purchase', NULL, NULL, 113);
INSERT INTO `transactions` VALUES (368, 4, '0x00000000000000000000000000000082BD5A9048', '0x000000000000000000000000000000994BB6119A', '0x000000000000000000000000000000000000000000000000086E097492D63780', 6384, 'RMB', '2024-09-27 04:46:39', 'purchase', NULL, NULL, 51);
INSERT INTO `transactions` VALUES (369, 50, '0x000000000000000000000000000000348E3278EE', '0x000000000000000000000000000000AC4C96FAEA', '0x000000000000000000000000000000000000000000000000005171FD1F6BB25C', 10000, 'RMB', '2024-10-27 04:46:39', 'purchase', NULL, NULL, 68);
INSERT INTO `transactions` VALUES (370, 30, '0x0000000000000000000000000000005014C18CE7', '0x000000000000000000000000000000479950A1FD', '0x0000000000000000000000000000000000000000000000000704BDA529DEAF80', 10000, 'RMB', '2024-09-17 04:46:39', 'purchase', NULL, NULL, 150);
INSERT INTO `transactions` VALUES (371, 13, '0x000000000000000000000000000000B50060AEC6', '0x0000000000000000000000000000003F5F359076', '0x0000000000000000000000000000000000000000000000000066045468629220', 10000, 'RMB', '2024-09-04 04:46:39', 'purchase', NULL, NULL, 153);
INSERT INTO `transactions` VALUES (372, 11, '0x000000000000000000000000000000858B944952', '0x00000000000000000000000000000051204ED7E1', '0x000000000000000000000000000000000000000000000000004C39002852B4F8', 6385, 'RMB', '2024-12-24 04:46:39', 'purchase', NULL, NULL, 9);
INSERT INTO `transactions` VALUES (373, 30, '0x00000000000000000000000000000035E199215E', '0x000000000000000000000000000000AD1ABE6D9E', '0x000000000000000000000000000000000000000000000000005231C0B683F0F0', 10000, 'RMB', '2024-11-13 04:46:39', 'purchase', NULL, NULL, 26);
INSERT INTO `transactions` VALUES (374, 36, '0x0000000000000000000000000000006DB6F7FE20', '0x000000000000000000000000000000958FEFCE8F', '0x0000000000000000000000000000000000000000000000000B13A3AF5C8A6380', 6558, 'RMB', '2024-04-20 04:46:39', 'purchase', NULL, NULL, 86);
INSERT INTO `transactions` VALUES (375, 24, '0x000000000000000000000000000000879E568F66', '0x000000000000000000000000000000B7FDB7F085', '0x00000000000000000000000000000000000000000000000002D3DB2AA974D000', 10000, 'RMB', '2024-08-06 04:46:39', 'purchase', NULL, NULL, 41);
INSERT INTO `transactions` VALUES (376, 8, '0x000000000000000000000000000000E34A31A0EC', '0x0000000000000000000000000000007C71F5CEE8', '0x0000000000000000000000000000000000000000000000000A529FA06C4C2380', 10000, 'RMB', '2024-11-17 04:46:39', 'purchase', NULL, NULL, 78);
INSERT INTO `transactions` VALUES (377, 56, '0x0000000000000000000000000000004C76E1D2C5', '0x000000000000000000000000000000DC7388412B', '0x0000000000000000000000000000000000000000000000000A64B2577903F200', 10000, 'RMB', '2024-12-14 04:46:39', 'purchase', NULL, NULL, 132);
INSERT INTO `transactions` VALUES (378, 29, '0x0000000000000000000000000000004E5F47EF98', '0x00000000000000000000000000000045B360F12D', '0x00000000000000000000000000000000000000000000000006C225AAC957DAC0', 10000, 'RMB', '2025-01-01 04:46:39', 'purchase', NULL, NULL, 102);
INSERT INTO `transactions` VALUES (379, 54, '0x000000000000000000000000000000B80BF834FE', '0x0000000000000000000000000000005554C9F823', '0x0000000000000000000000000000000000000000000000000665F9F093F7E040', 10000, 'RMB', '2024-07-31 04:46:39', 'purchase', NULL, NULL, 123);
INSERT INTO `transactions` VALUES (380, 8, '0x000000000000000000000000000000B071A1AB66', '0x000000000000000000000000000000652CF96A4E', '0x0000000000000000000000000000000000000000000000000C7AD89B4A23BC00', 10000, 'RMB', '2024-12-17 04:46:39', 'purchase', NULL, NULL, 151);
INSERT INTO `transactions` VALUES (381, 60, '0x0000000000000000000000000000007A6268E118', '0x000000000000000000000000000000B1621D5A0B', '0x0000000000000000000000000000000000000000000000000339871737788580', 10000, 'RMB', '2024-07-17 04:46:39', 'purchase', NULL, NULL, 159);
INSERT INTO `transactions` VALUES (382, 57, '0x00000000000000000000000000000026CCE3F570', '0x00000000000000000000000000000018F3D89D14', '0x000000000000000000000000000000000000000000000000007F965F16C09610', 10000, 'RMB', '2025-01-16 04:46:39', 'purchase', NULL, NULL, 68);
INSERT INTO `transactions` VALUES (383, 9, '0x000000000000000000000000000000A4EDE8CE3C', '0x000000000000000000000000000000190BE22B63', '0x00000000000000000000000000000000000000000000000005BA73B0D4A82AC0', 10000, 'RMB', '2024-10-04 04:46:39', 'purchase', NULL, NULL, 23);
INSERT INTO `transactions` VALUES (384, 11, '0x0000000000000000000000000000007022BF9A63', '0x000000000000000000000000000000D51A940B1C', '0x00000000000000000000000000000000000000000000000001D339471DF18EA0', 10000, 'RMB', '2025-01-23 04:46:39', 'purchase', NULL, NULL, 18);
INSERT INTO `transactions` VALUES (385, 58, '0x00000000000000000000000000000061B4891394', '0x00000000000000000000000000000044172041C0', '0x00000000000000000000000000000000000000000000000002D24A650B3FC300', 10000, 'RMB', '2025-02-20 04:46:39', 'purchase', NULL, NULL, 3);
INSERT INTO `transactions` VALUES (386, 50, '0x000000000000000000000000000000E63F8231DD', '0x0000000000000000000000000000007B011C17C8', '0x000000000000000000000000000000000000000000000000095D477448B90D00', 10000, 'RMB', '2024-04-22 04:46:39', 'purchase', NULL, NULL, 48);
INSERT INTO `transactions` VALUES (387, 26, '0x00000000000000000000000000000058323F474E', '0x000000000000000000000000000000958E9B9CFC', '0x000000000000000000000000000000000000000000000000010B90DB88BF3C80', 10000, 'RMB', '2025-03-16 04:46:39', 'purchase', NULL, NULL, 153);
INSERT INTO `transactions` VALUES (388, 46, '0x0000000000000000000000000000005C55CC3520', '0x000000000000000000000000000000B4D7643639', '0x00000000000000000000000000000000000000000000000009A0E82E8634A800', 10000, 'RMB', '2024-08-12 04:46:39', 'purchase', NULL, NULL, 130);
INSERT INTO `transactions` VALUES (389, 26, '0x00000000000000000000000000000013AD7A73B5', '0x0000000000000000000000000000002F55BBD87D', '0x0000000000000000000000000000000000000000000000000A969849BC708580', 10000, 'RMB', '2024-06-28 04:46:39', 'purchase', NULL, NULL, 13);
INSERT INTO `transactions` VALUES (390, 7, '0x000000000000000000000000000000554FBE549A', '0x00000000000000000000000000000073D5E0D643', '0x00000000000000000000000000000000000000000000000005639493903E6180', 10000, 'RMB', '2025-02-22 04:46:39', 'purchase', NULL, NULL, 11);
INSERT INTO `transactions` VALUES (391, 2, '0x000000000000000000000000000000E78589C8E0', '0x000000000000000000000000000000CC38B1DC37', '0x0000000000000000000000000000000000000000000000000595EDA620D11580', 10000, 'RMB', '2024-07-12 04:46:39', 'purchase', NULL, NULL, 70);
INSERT INTO `transactions` VALUES (392, 40, '0x00000000000000000000000000000022AE543AF6', '0x000000000000000000000000000000C1C0A04441', '0x00000000000000000000000000000000000000000000000009E86DB94F5D2F00', 7508, 'RMB', '2025-01-01 04:46:39', 'purchase', NULL, NULL, 181);
INSERT INTO `transactions` VALUES (393, 52, '0x0000000000000000000000000000006EC0064F06', '0x000000000000000000000000000000CA7B5BC689', '0x0000000000000000000000000000000000000000000000000CC8F9F0BA6C3080', 10000, 'RMB', '2025-01-01 04:46:39', 'purchase', NULL, NULL, 25);
INSERT INTO `transactions` VALUES (394, 59, '0x00000000000000000000000000000052A92C9D6B', '0x000000000000000000000000000000DB27F3F2DD', '0x00000000000000000000000000000000000000000000000008E63A27B1B09C00', 10000, 'RMB', '2024-03-28 04:46:39', 'purchase', NULL, NULL, 160);
INSERT INTO `transactions` VALUES (395, 1, '0x000000000000000000000000000000A050824879', '0x0000000000000000000000000000005C3A928CF8', '0x0000000000000000000000000000000000000000000000000CB2990C59EBCA80', 10000, 'RMB', '2025-01-14 04:46:39', 'purchase', NULL, NULL, 156);
INSERT INTO `transactions` VALUES (396, 21, '0x0000000000000000000000000000004480740836', '0x0000000000000000000000000000007343C8FE64', '0x0000000000000000000000000000000000000000000000000839878C54223280', 10000, 'RMB', '2024-08-12 04:46:39', 'purchase', NULL, NULL, 126);
INSERT INTO `transactions` VALUES (397, 19, '0x00000000000000000000000000000093A08EB8D0', '0x0000000000000000000000000000003C4C005E19', '0x00000000000000000000000000000000000000000000000005732A308FF23600', 10000, 'RMB', '2024-06-21 04:46:39', 'purchase', NULL, NULL, 43);
INSERT INTO `transactions` VALUES (398, 51, '0x0000000000000000000000000000005CE5BC6D94', '0x00000000000000000000000000000084863841CC', '0x000000000000000000000000000000000000000000000000090194FFC5691B80', 10000, 'RMB', '2024-06-27 04:46:39', 'purchase', NULL, NULL, 18);
INSERT INTO `transactions` VALUES (399, 13, '0x000000000000000000000000000000B64BA08FD9', '0x00000000000000000000000000000043E9BE2889', '0x00000000000000000000000000000000000000000000000001853F33CC800E50', 10000, 'RMB', '2025-03-11 04:46:39', 'purchase', NULL, NULL, 32);
INSERT INTO `transactions` VALUES (400, 43, '0x000000000000000000000000000000D99CB77575', '0x000000000000000000000000000000927E7B87F3', '0x00000000000000000000000000000000000000000000000004BF1DB63FD9AE00', 10000, 'RMB', '2025-02-20 04:46:39', 'purchase', NULL, NULL, 194);
INSERT INTO `transactions` VALUES (401, 36, '0x000000000000000000000000000000DD62EAACF0', '0x0000000000000000000000000000000A7676A140', '0x000000000000000000000000000000000000000000000000052A1EE043E6FDC0', 10000, 'RMB', '2024-09-17 04:46:39', 'purchase', NULL, NULL, 78);
INSERT INTO `transactions` VALUES (402, 25, '0x000000000000000000000000000000C27D85A189', '0x000000000000000000000000000000E3907CF298', '0x00000000000000000000000000000000000000000000000005494C7FB45AAD40', 10000, 'RMB', '2024-07-04 04:46:39', 'purchase', NULL, NULL, 137);
INSERT INTO `transactions` VALUES (403, 16, '0x00000000000000000000000000000027EBBDAF06', '0x0000000000000000000000000000001E498FEF37', '0x00000000000000000000000000000000000000000000000001E34F4473BC0740', 10000, 'RMB', '2025-03-08 04:46:39', 'purchase', NULL, NULL, 68);
INSERT INTO `transactions` VALUES (404, 36, '0x000000000000000000000000000000BE5BE89358', '0x0000000000000000000000000000005A73F1F03A', '0x00000000000000000000000000000000000000000000000006CBC766477BFE80', 10000, 'RMB', '2024-04-12 04:46:39', 'purchase', NULL, NULL, 177);
INSERT INTO `transactions` VALUES (405, 36, '0x0000000000000000000000000000002E6DEC3288', '0x00000000000000000000000000000043B98E0ACE', '0x0000000000000000000000000000000000000000000000000BE1A0215B8C1000', 10000, 'RMB', '2024-10-02 04:46:39', 'purchase', NULL, NULL, 28);
INSERT INTO `transactions` VALUES (406, 17, '0x000000000000000000000000000000D28AAD71AC', '0x000000000000000000000000000000AB0CA2DA83', '0x0000000000000000000000000000000000000000000000000D54322FC23A3900', 10000, 'RMB', '2025-02-11 04:46:39', 'purchase', NULL, NULL, 152);
INSERT INTO `transactions` VALUES (407, 28, '0x000000000000000000000000000000E20C5F1D13', '0x000000000000000000000000000000772C106571', '0x00000000000000000000000000000000000000000000000008F92779CA602680', 10000, 'RMB', '2024-09-05 04:46:39', 'purchase', NULL, NULL, 129);
INSERT INTO `transactions` VALUES (408, 37, '0x000000000000000000000000000000E27E212D34', '0x0000000000000000000000000000001BE05C0191', '0x0000000000000000000000000000000000000000000000000970EDE46C7FC800', 4426, 'RMB', '2025-01-20 04:46:39', 'purchase', NULL, NULL, 146);
INSERT INTO `transactions` VALUES (409, 8, '0x00000000000000000000000000000064390F342C', '0x000000000000000000000000000000B6E5B45A37', '0x00000000000000000000000000000000000000000000000008D4B0372BA2EE80', 10000, 'RMB', '2025-01-04 04:46:39', 'purchase', NULL, NULL, 122);
INSERT INTO `transactions` VALUES (410, 24, '0x00000000000000000000000000000012D89DDD1C', '0x0000000000000000000000000000003DF490F6AD', '0x00000000000000000000000000000000000000000000000001376513EB31C420', 10000, 'RMB', '2024-04-16 04:46:39', 'purchase', NULL, NULL, 153);
INSERT INTO `transactions` VALUES (411, 1, '0x000000000000000000000000000000B1D55185B2', '0x000000000000000000000000000000B6B78932E0', '0x00000000000000000000000000000000000000000000000008C6EBD0247C7980', 10000, 'RMB', '2025-01-30 04:46:39', 'purchase', NULL, NULL, 58);
INSERT INTO `transactions` VALUES (412, 1, '0x0000000000000000000000000000003128E6094C', '0x000000000000000000000000000000023B3E72F4', '0x00000000000000000000000000000000000000000000000005C09A3ED0D7FCC0', 4566, 'RMB', '2024-04-02 04:46:39', 'purchase', NULL, NULL, 150);
INSERT INTO `transactions` VALUES (413, 50, '0x000000000000000000000000000000B16691CD1F', '0x0000000000000000000000000000005FCAE63091', '0x0000000000000000000000000000000000000000000000000AB45972A3B1F280', 10000, 'RMB', '2024-06-05 04:46:39', 'purchase', NULL, NULL, 25);
INSERT INTO `transactions` VALUES (414, 14, '0x000000000000000000000000000000ABE9FBAF46', '0x000000000000000000000000000000064FB76955', '0x0000000000000000000000000000000000000000000000000CC6105E175FB000', 10000, 'RMB', '2024-05-20 04:46:39', 'purchase', NULL, NULL, 131);
INSERT INTO `transactions` VALUES (415, 46, '0x000000000000000000000000000000A6AFAFA51D', '0x000000000000000000000000000000574A5DE183', '0x0000000000000000000000000000000000000000000000000A162870370FD880', 10000, 'RMB', '2024-11-10 04:46:39', 'purchase', NULL, NULL, 61);
INSERT INTO `transactions` VALUES (416, 26, '0x000000000000000000000000000000290B713F30', '0x00000000000000000000000000000092AB9B402B', '0x000000000000000000000000000000000000000000000000089DC11E01622700', 10000, 'RMB', '2025-01-06 04:46:39', 'purchase', NULL, NULL, 82);
INSERT INTO `transactions` VALUES (417, 25, '0x000000000000000000000000000000B5A4D1F3D2', '0x000000000000000000000000000000A37EA0F583', '0x000000000000000000000000000000000000000000000000025DF17757DA53E0', 10000, 'RMB', '2025-01-02 04:46:39', 'purchase', NULL, NULL, 172);
INSERT INTO `transactions` VALUES (418, 40, '0x000000000000000000000000000000866CFC042A', '0x000000000000000000000000000000E816D95714', '0x000000000000000000000000000000000000000000000000037F57C00B053720', 10000, 'RMB', '2024-08-19 04:46:39', 'purchase', NULL, NULL, 31);
INSERT INTO `transactions` VALUES (419, 61, '0x0000000000000000000000000000006A3C3CB799', '0x0000000000000000000000000000004DE15B734E', '0x0000000000000000000000000000000000000000000000000436BABB1B3E0840', 10000, 'RMB', '2024-07-25 04:46:39', 'purchase', NULL, NULL, 154);
INSERT INTO `transactions` VALUES (420, 54, '0x000000000000000000000000000000E2FAE36799', '0x000000000000000000000000000000472745F026', '0x000000000000000000000000000000000000000000000000085FAE3BCE223B80', 10000, 'RMB', '2024-07-14 04:46:39', 'purchase', NULL, NULL, 31);
INSERT INTO `transactions` VALUES (421, 43, '0x000000000000000000000000000000E8452E50FD', '0x000000000000000000000000000000D4FC547DE7', '0x000000000000000000000000000000000000000000000000081050BAC56F0100', 10000, 'RMB', '2025-03-01 04:46:39', 'purchase', NULL, NULL, 166);
INSERT INTO `transactions` VALUES (422, 59, '0x00000000000000000000000000000036BA093D1C', '0x000000000000000000000000000000511D99410C', '0x0000000000000000000000000000000000000000000000000082BA37B279D6C8', 10000, 'RMB', '2024-08-22 04:46:39', 'purchase', NULL, NULL, 101);
INSERT INTO `transactions` VALUES (423, 48, '0x000000000000000000000000000000433377703A', '0x00000000000000000000000000000026BBC11160', '0x0000000000000000000000000000000000000000000000000D679E88C3BCD280', 10000, 'RMB', '2024-06-21 04:46:39', 'purchase', NULL, NULL, 157);
INSERT INTO `transactions` VALUES (424, 41, '0x000000000000000000000000000000CEC9FCCBF8', '0x00000000000000000000000000000074602A88DA', '0x0000000000000000000000000000000000000000000000000B956BDF12A62000', 10000, 'RMB', '2024-05-11 04:46:39', 'purchase', NULL, NULL, 62);
INSERT INTO `transactions` VALUES (425, 59, '0x000000000000000000000000000000B28C0BD8F6', '0x00000000000000000000000000000005072FF30C', '0x0000000000000000000000000000000000000000000000000B34846BC7CE6180', 10000, 'RMB', '2024-10-14 04:46:39', 'purchase', NULL, NULL, 56);
INSERT INTO `transactions` VALUES (426, 5, '0x000000000000000000000000000000810EE1B0EA', '0x0000000000000000000000000000007CE0E5DFE3', '0x0000000000000000000000000000000000000000000000000042F2B3B8EB1590', 10000, 'RMB', '2024-11-09 04:46:39', 'purchase', NULL, NULL, 79);
INSERT INTO `transactions` VALUES (427, 53, '0x0000000000000000000000000000000F3DA829F2', '0x000000000000000000000000000000B6860D71A2', '0x0000000000000000000000000000000000000000000000000A09A323B3721600', 10000, 'RMB', '2025-01-27 04:46:39', 'purchase', NULL, NULL, 195);
INSERT INTO `transactions` VALUES (428, 26, '0x00000000000000000000000000000017C293CFF4', '0x000000000000000000000000000000455D0820CB', '0x000000000000000000000000000000000000000000000000028BA50A1108C640', 2532, 'RMB', '2024-08-29 04:46:39', 'purchase', NULL, NULL, 153);
INSERT INTO `transactions` VALUES (429, 65, '0x00000000000000000000000000000041B5EFADFB', '0x0000000000000000000000000000001005A5E154', '0x00000000000000000000000000000000000000000000000006E71A814D53B140', 38999, 'RMB', '2024-04-25 04:46:39', 'purchase', NULL, NULL, 209);
INSERT INTO `transactions` VALUES (430, 52, '0x000000000000000000000000000000E4624FD186', '0x00000000000000000000000000000065A03DD7CD', '0x00000000000000000000000000000000000000000000000003539115C186E780', 10000, 'RMB', '2024-07-01 04:46:39', 'purchase', NULL, NULL, 116);
INSERT INTO `transactions` VALUES (431, 68, '0x00000000000000000000000000000000260D4DE4', '0x00000000000000000000000000000065A03DD7CD', '0x00000000000000000000000000000000000000000000000000DA8D5E6DA9B9B8', 10000, 'RMB', '2024-10-09 04:46:39', 'purchase', NULL, NULL, 213);
INSERT INTO `transactions` VALUES (432, 69, '0x00000000000000000000000000000000260D4DE4', '0x0000000000000000000000000000004191EC8EE2', '0x00000000000000000000000000000000000000000000000007126968BCA6CDC0', 2566, 'RMB', '2024-03-28 04:46:39', 'purchase', NULL, NULL, 216);
INSERT INTO `transactions` VALUES (433, 10, '0x0000000000000000000000000000004AE26B8F7A', '0x0000000000000000000000000000001EDF83EA4F', '0x00000000000000000000000000000000000000000000000009B034E6AB404400', 9460, 'RMB', '2024-11-09 04:46:39', 'purchase', NULL, NULL, 114);
INSERT INTO `transactions` VALUES (434, 69, '0x000000000000000000000000000000E56F346727', '0x000000000000000000000000000000A57A4CF3D7', '0x000000000000000000000000000000000000000000000000084A46C699764400', 10000, 'RMB', '2024-09-29 04:46:39', 'purchase', NULL, NULL, 169);
INSERT INTO `transactions` VALUES (435, 48, '0x00000000000000000000000000000048A2626A8D', '0x0000000000000000000000000000003BB64DDED0', '0x00000000000000000000000000000000000000000000000004CEBD1D0E6AC040', 10000, 'RMB', '2024-06-14 04:46:39', 'purchase', NULL, NULL, 197);
INSERT INTO `transactions` VALUES (436, 37, '0x00000000000000000000000000000005B9B80FDB', '0x0000000000000000000000000000004E9D89C3C8', '0x000000000000000000000000000000000000000000000000088712BDEECE9E00', 6133, 'RMB', '2024-10-09 04:46:39', 'purchase', NULL, NULL, 19);
INSERT INTO `transactions` VALUES (437, 6, '0x0000000000000000000000000000002BE369BA52', '0x0000000000000000000000000000009B17506A06', '0x0000000000000000000000000000000000000000000000000A9E08B5A05C1300', 10000, 'RMB', '2024-05-21 04:46:39', 'purchase', NULL, NULL, 144);
INSERT INTO `transactions` VALUES (438, 5, '0x0000000000000000000000000000002B06AE5E01', '0x000000000000000000000000000000A81F649A3D', '0x00000000000000000000000000000000000000000000000000C704EDE8D20E98', 10000, 'RMB', '2024-10-28 04:46:39', 'purchase', NULL, NULL, 133);
INSERT INTO `transactions` VALUES (439, 8, '0x0000000000000000000000000000008BA2921486', '0x00000000000000000000000000000095AA5C753C', '0x00000000000000000000000000000000000000000000000005C1DEF576BB8D40', 10000, 'RMB', '2024-09-28 04:46:39', 'purchase', NULL, NULL, 198);
INSERT INTO `transactions` VALUES (440, 30, '0x00000000000000000000000000000062B3A03EE2', '0x000000000000000000000000000000A0B2CB77E0', '0x000000000000000000000000000000000000000000000000027CAF760835EAC0', 10000, 'RMB', '2024-08-20 04:46:39', 'purchase', NULL, NULL, 95);
INSERT INTO `transactions` VALUES (441, 37, '0x0000000000000000000000000000007E618C5ABB', '0x000000000000000000000000000000DA79DDA0D3', '0x00000000000000000000000000000000000000000000000000E0FE22ABDBB8F0', 10000, 'RMB', '2024-11-27 04:46:39', 'purchase', NULL, NULL, 18);
INSERT INTO `transactions` VALUES (442, 30, '0x0000000000000000000000000000001930C125A8', '0x0000000000000000000000000000001C7ADE07BC', '0x00000000000000000000000000000000000000000000000003FBB881A51E0E20', 7003, 'RMB', '2024-09-29 04:46:39', 'purchase', NULL, NULL, 39);
INSERT INTO `transactions` VALUES (443, 33, '0x000000000000000000000000000000123DBFDDF1', '0x000000000000000000000000000000B91799BC73', '0x0000000000000000000000000000000000000000000000000A4441955BF30D80', 10000, 'RMB', '2024-11-15 04:46:39', 'purchase', NULL, NULL, 163);
INSERT INTO `transactions` VALUES (444, 1, '0x0000000000000000000000000000008CFF28CA79', '0x0000000000000000000000000000000098658001', '0x00000000000000000000000000000000000000000000000002B88717CA5E28C0', 10000, 'RMB', '2024-12-13 04:46:39', 'purchase', NULL, NULL, 92);
INSERT INTO `transactions` VALUES (445, 29, '0x000000000000000000000000000000D62B3426CC', '0x0000000000000000000000000000003489C94722', '0x000000000000000000000000000000000000000000000000051DE87A70072F80', 10000, 'RMB', '2024-07-01 04:46:39', 'purchase', NULL, NULL, 27);
INSERT INTO `transactions` VALUES (446, 31, '0x0000000000000000000000000000000BCD88B246', '0x000000000000000000000000000000B5F3A317A7', '0x0000000000000000000000000000000000000000000000000A7B615BB1888300', 10000, 'RMB', '2024-05-01 04:46:39', 'purchase', NULL, NULL, 36);
INSERT INTO `transactions` VALUES (447, 13, '0x0000000000000000000000000000006C05759DA9', '0x000000000000000000000000000000A88243B2AD', '0x0000000000000000000000000000000000000000000000000325F41984378040', 10000, 'RMB', '2025-02-02 04:46:39', 'purchase', NULL, NULL, 157);
INSERT INTO `transactions` VALUES (448, 33, '0x0000000000000000000000000000003738B36581', '0x000000000000000000000000000000930AE8C239', '0x000000000000000000000000000000000000000000000000063131E04EA61E40', 10000, 'RMB', '2024-11-18 04:46:39', 'purchase', NULL, NULL, 142);
INSERT INTO `transactions` VALUES (449, 32, '0x0000000000000000000000000000005C1B904F74', '0x0000000000000000000000000000006D33EBEA94', '0x0000000000000000000000000000000000000000000000000232721BFC242F60', 10000, 'RMB', '2024-10-11 04:46:39', 'purchase', NULL, NULL, 17);
INSERT INTO `transactions` VALUES (450, 5, '0x000000000000000000000000000000213A6003B7', '0x0000000000000000000000000000006ED6E017E5', '0x0000000000000000000000000000000000000000000000000D36999145B1CF80', 10000, 'RMB', '2024-06-02 04:46:39', 'purchase', NULL, NULL, 7);
INSERT INTO `transactions` VALUES (451, 46, '0x0000000000000000000000000000008E50C7FDAF', '0x000000000000000000000000000000C1CA2A9D7B', '0x000000000000000000000000000000000000000000000000048CDD94C4A34FC0', 10000, 'RMB', '2024-07-01 04:46:39', 'purchase', NULL, NULL, 44);
INSERT INTO `transactions` VALUES (452, 56, '0x000000000000000000000000000000BD2B581888', '0x0000000000000000000000000000005A1AF9EAD4', '0x00000000000000000000000000000000000000000000000006E7B9778793B900', 10000, 'RMB', '2025-01-31 04:46:39', 'purchase', NULL, NULL, 146);
INSERT INTO `transactions` VALUES (453, 14, '0x000000000000000000000000000000CBBB2D98DC', '0x000000000000000000000000000000AC8EF6F4BB', '0x000000000000000000000000000000000000000000000000011E6114BA5D2540', 10000, 'RMB', '2024-07-27 04:46:39', 'purchase', NULL, NULL, 149);
INSERT INTO `transactions` VALUES (454, 47, '0x00000000000000000000000000000074A799BE9B', '0x0000000000000000000000000000003E2D253FD6', '0x0000000000000000000000000000000000000000000000000B8C5D69D7E47980', 10000, 'RMB', '2024-12-03 04:46:39', 'purchase', NULL, NULL, 86);
INSERT INTO `transactions` VALUES (455, 15, '0x000000000000000000000000000000D3127805CD', '0x000000000000000000000000000000BE506BD2ED', '0x0000000000000000000000000000000000000000000000000518FCCA1D15DBC0', 10000, 'RMB', '2024-05-28 04:46:39', 'purchase', NULL, NULL, 190);
INSERT INTO `transactions` VALUES (456, 18, '0x0000000000000000000000000000007EB9C322E5', '0x000000000000000000000000000000CF07C2D215', '0x0000000000000000000000000000000000000000000000000B48B178DA471E80', 10000, 'RMB', '2024-09-04 04:46:39', 'purchase', NULL, NULL, 112);
INSERT INTO `transactions` VALUES (457, 9, '0x00000000000000000000000000000002F8DEA861', '0x00000000000000000000000000000097EDD54852', '0x000000000000000000000000000000000000000000000000031D120C2590FD00', 10000, 'RMB', '2025-01-29 04:46:39', 'purchase', NULL, NULL, 50);
INSERT INTO `transactions` VALUES (458, 49, '0x000000000000000000000000000000311B93E670', '0x0000000000000000000000000000009F38894FBD', '0x0000000000000000000000000000000000000000000000000AEA2F994D3EFA80', 10000, 'RMB', '2025-03-07 04:46:39', 'purchase', NULL, NULL, 117);
INSERT INTO `transactions` VALUES (459, 49, '0x000000000000000000000000000000221EB2E891', '0x0000000000000000000000000000005C1B757750', '0x0000000000000000000000000000000000000000000000000778A07CEC279300', 10000, 'RMB', '2024-04-25 04:46:39', 'purchase', NULL, NULL, 7);
INSERT INTO `transactions` VALUES (460, 28, '0x000000000000000000000000000000197367D9B1', '0x00000000000000000000000000000032FCA2459E', '0x0000000000000000000000000000000000000000000000000AA4F15C615A0F80', 10000, 'RMB', '2024-08-20 04:46:39', 'purchase', NULL, NULL, 83);
INSERT INTO `transactions` VALUES (461, 19, '0x00000000000000000000000000000035459DCEDC', '0x0000000000000000000000000000003DA8126F27', '0x00000000000000000000000000000000000000000000000008D96C9DF1895580', 10000, 'RMB', '2025-03-03 04:46:39', 'purchase', NULL, NULL, 21);
INSERT INTO `transactions` VALUES (462, 21, '0x0000000000000000000000000000005310D7A454', '0x000000000000000000000000000000B7D90AD3EB', '0x0000000000000000000000000000000000000000000000000C2E9927E4664500', 2214, 'RMB', '2024-10-04 04:46:39', 'purchase', NULL, NULL, 56);
INSERT INTO `transactions` VALUES (463, 61, '0x00000000000000000000000000000011E0E4AC86', '0x000000000000000000000000000000666064D832', '0x0000000000000000000000000000000000000000000000000D6F958D77A42500', 10000, 'RMB', '2024-07-10 04:46:39', 'purchase', NULL, NULL, 191);
INSERT INTO `transactions` VALUES (464, 41, '0x0000000000000000000000000000006651A965B9', '0x0000000000000000000000000000003232F4EA44', '0x0000000000000000000000000000000000000000000000000A8ACE3DB403DE80', 10000, 'RMB', '2024-09-30 04:46:39', 'purchase', NULL, NULL, 188);
INSERT INTO `transactions` VALUES (465, 16, '0x00000000000000000000000000000064A111D739', '0x00000000000000000000000000000060D1AA1BE8', '0x0000000000000000000000000000000000000000000000000ADC43F942B97700', 10000, 'RMB', '2024-03-31 04:46:39', 'purchase', NULL, NULL, 180);
INSERT INTO `transactions` VALUES (466, 35, '0x000000000000000000000000000000181662443C', '0x000000000000000000000000000000C2A41E39A2', '0x0000000000000000000000000000000000000000000000000C1128FC67628F00', 10000, 'RMB', '2024-08-20 04:46:39', 'purchase', NULL, NULL, 87);
INSERT INTO `transactions` VALUES (467, 24, '0x0000000000000000000000000000008EDA30F8EA', '0x000000000000000000000000000000D77EB23A9F', '0x0000000000000000000000000000000000000000000000000AEC4505DDD55700', 10000, 'RMB', '2024-10-17 04:46:39', 'purchase', NULL, NULL, 138);
INSERT INTO `transactions` VALUES (468, 9, '0x000000000000000000000000000000900E5CA1BF', '0x0000000000000000000000000000009FC8434DA9', '0x00000000000000000000000000000000000000000000000007FB577D7E4CDD00', 10000, 'RMB', '2024-11-12 04:46:39', 'purchase', NULL, NULL, 70);
INSERT INTO `transactions` VALUES (469, 41, '0x00000000000000000000000000000033D838A216', '0x0000000000000000000000000000002483382DFA', '0x000000000000000000000000000000000000000000000000019C6E349BFA16B0', 10000, 'RMB', '2025-01-09 04:46:39', 'purchase', NULL, NULL, 136);
INSERT INTO `transactions` VALUES (470, 49, '0x000000000000000000000000000000D10DF43D73', '0x0000000000000000000000000000001E350BCD2E', '0x0000000000000000000000000000000000000000000000000D41033693B78900', 10000, 'RMB', '2025-02-28 04:46:39', 'purchase', NULL, NULL, 34);
INSERT INTO `transactions` VALUES (471, 40, '0x000000000000000000000000000000A1D091F8BA', '0x00000000000000000000000000000081DA2EB725', '0x00000000000000000000000000000000000000000000000009C3A6F1B5BE0F80', 10000, 'RMB', '2025-02-10 04:46:39', 'purchase', NULL, NULL, 7);
INSERT INTO `transactions` VALUES (472, 51, '0x000000000000000000000000000000015C440F76', '0x000000000000000000000000000000843F578A0D', '0x0000000000000000000000000000000000000000000000000B69F9E2C1F8B980', 10000, 'RMB', '2024-08-26 04:46:39', 'purchase', NULL, NULL, 130);
INSERT INTO `transactions` VALUES (473, 32, '0x0000000000000000000000000000008BF7DA16A1', '0x000000000000000000000000000000703FAE494E', '0x000000000000000000000000000000000000000000000000086CAA7A5AAE1600', 10000, 'RMB', '2025-02-06 04:46:39', 'purchase', NULL, NULL, 171);
INSERT INTO `transactions` VALUES (474, 55, '0x000000000000000000000000000000C87DF4DBB0', '0x0000000000000000000000000000009927355A0C', '0x00000000000000000000000000000000000000000000000009CADCCFDACBF200', 10000, 'RMB', '2024-07-27 04:46:39', 'purchase', NULL, NULL, 124);
INSERT INTO `transactions` VALUES (475, 8, '0x000000000000000000000000000000B6876B7C53', '0x0000000000000000000000000000007C4505CF07', '0x0000000000000000000000000000000000000000000000000465818305909600', 10000, 'RMB', '2024-04-06 04:46:39', 'purchase', NULL, NULL, 174);
INSERT INTO `transactions` VALUES (476, 29, '0x0000000000000000000000000000009E3754032E', '0x00000000000000000000000000000005B0A963F5', '0x0000000000000000000000000000000000000000000000000128FCACE5775A10', 10000, 'RMB', '2024-10-02 04:46:39', 'purchase', NULL, NULL, 66);
INSERT INTO `transactions` VALUES (477, 14, '0x000000000000000000000000000000209086E0A7', '0x000000000000000000000000000000059AFD33E9', '0x00000000000000000000000000000000000000000000000009B9AFCAF18CD500', 10000, 'RMB', '2025-03-03 04:46:39', 'purchase', NULL, NULL, 198);
INSERT INTO `transactions` VALUES (478, 48, '0x000000000000000000000000000000C3B5BDC25A', '0x000000000000000000000000000000D73EC304E8', '0x00000000000000000000000000000000000000000000000001659603E4CF70D0', 10000, 'RMB', '2024-11-17 04:46:39', 'purchase', NULL, NULL, 110);
INSERT INTO `transactions` VALUES (479, 43, '0x000000000000000000000000000000BF1D906491', '0x0000000000000000000000000000000661CAC3A1', '0x000000000000000000000000000000000000000000000000095C79FD84446D80', 10000, 'RMB', '2024-10-18 04:46:39', 'purchase', NULL, NULL, 55);
INSERT INTO `transactions` VALUES (480, 5, '0x000000000000000000000000000000853642AF95', '0x00000000000000000000000000000091C345B52C', '0x00000000000000000000000000000000000000000000000005BE2512643444C0', 10000, 'RMB', '2024-07-06 04:46:39', 'purchase', NULL, NULL, 199);
INSERT INTO `transactions` VALUES (481, 52, '0x00000000000000000000000000000021BCE2756F', '0x0000000000000000000000000000003A55BC3683', '0x0000000000000000000000000000000000000000000000000B5A34677493A100', 10000, 'RMB', '2024-12-27 04:46:39', 'purchase', NULL, NULL, 36);
INSERT INTO `transactions` VALUES (482, 11, '0x0000000000000000000000000000004634529558', '0x00000000000000000000000000000002391C742B', '0x00000000000000000000000000000000000000000000000001FC9ED38B594390', 10000, 'RMB', '2025-03-21 04:46:39', 'purchase', NULL, NULL, 195);
INSERT INTO `transactions` VALUES (483, 52, '0x0000000000000000000000000000003AE7B2262B', '0x000000000000000000000000000000B274B1EC6F', '0x00000000000000000000000000000000000000000000000001047FD96AF3B6B0', 6910, 'RMB', '2025-02-09 04:46:39', 'purchase', NULL, NULL, 76);
INSERT INTO `transactions` VALUES (484, 34, '0x0000000000000000000000000000008C0C5BA9D5', '0x00000000000000000000000000000054B8F83314', '0x0000000000000000000000000000000000000000000000000034EA60428BF3D0', 10000, 'RMB', '2024-05-10 04:46:39', 'purchase', NULL, NULL, 80);
INSERT INTO `transactions` VALUES (485, 24, '0x000000000000000000000000000000AA9B56787B', '0x00000000000000000000000000000075D9D14F53', '0x000000000000000000000000000000000000000000000000049D8C24EB9373C0', 10000, 'RMB', '2024-07-02 04:46:39', 'purchase', NULL, NULL, 38);
INSERT INTO `transactions` VALUES (486, 48, '0x0000000000000000000000000000003E90C3CEC4', '0x0000000000000000000000000000000A5179B5C3', '0x00000000000000000000000000000000000000000000000005C3EA006EA65C80', 10000, 'RMB', '2024-10-01 04:46:39', 'purchase', NULL, NULL, 109);
INSERT INTO `transactions` VALUES (487, 18, '0x000000000000000000000000000000B6DE07F520', '0x00000000000000000000000000000012FF149444', '0x00000000000000000000000000000000000000000000000000B7BCBE82F7CF00', 1579, 'RMB', '2024-04-24 04:46:39', 'purchase', NULL, NULL, 106);
INSERT INTO `transactions` VALUES (488, 56, '0x000000000000000000000000000000D497E7A613', '0x000000000000000000000000000000C9C7D9FE14', '0x000000000000000000000000000000000000000000000000083E2D6278F6A200', 10000, 'RMB', '2025-02-27 04:46:39', 'purchase', NULL, NULL, 46);
INSERT INTO `transactions` VALUES (489, 59, '0x0000000000000000000000000000000102E7E196', '0x0000000000000000000000000000003090C4EEE2', '0x000000000000000000000000000000000000000000000000006A3E94214FF75C', 10000, 'RMB', '2024-09-11 04:46:39', 'purchase', NULL, NULL, 15);
INSERT INTO `transactions` VALUES (490, 49, '0x000000000000000000000000000000A22C0FA26A', '0x0000000000000000000000000000001E857B7537', '0x00000000000000000000000000000000000000000000000007DA605D1D42FB00', 10000, 'RMB', '2024-09-28 04:46:39', 'purchase', NULL, NULL, 22);
INSERT INTO `transactions` VALUES (491, 6, '0x00000000000000000000000000000014361854F1', '0x0000000000000000000000000000002C8F0572C7', '0x00000000000000000000000000000000000000000000000009AA5B6942A15900', 10000, 'RMB', '2024-10-10 04:46:39', 'purchase', NULL, NULL, 107);
INSERT INTO `transactions` VALUES (492, 20, '0x000000000000000000000000000000E0D43367DA', '0x000000000000000000000000000000CECC890F8F', '0x000000000000000000000000000000000000000000000000078CF1DB3EBFA600', 5768, 'RMB', '2024-07-30 04:46:39', 'purchase', NULL, NULL, 14);
INSERT INTO `transactions` VALUES (493, 25, '0x000000000000000000000000000000B07D718A5C', '0x0000000000000000000000000000008F6675CC6A', '0x0000000000000000000000000000000000000000000000000B2D7F84BF62A300', 10000, 'RMB', '2024-09-29 04:46:39', 'purchase', NULL, NULL, 174);
INSERT INTO `transactions` VALUES (494, 56, '0x000000000000000000000000000000C9AAF2DE91', '0x00000000000000000000000000000097431F64E6', '0x0000000000000000000000000000000000000000000000000904C5AAE8F13D00', 10000, 'RMB', '2024-09-03 04:46:39', 'purchase', NULL, NULL, 172);
INSERT INTO `transactions` VALUES (495, 40, '0x0000000000000000000000000000008F6BA0A14F', '0x0000000000000000000000000000002644024B0B', '0x0000000000000000000000000000000000000000000000000D83998F1A414E00', 10000, 'RMB', '2024-04-08 04:46:39', 'purchase', NULL, NULL, 133);
INSERT INTO `transactions` VALUES (496, 28, '0x00000000000000000000000000000031F9BF3C94', '0x000000000000000000000000000000AED88468BE', '0x0000000000000000000000000000000000000000000000000189D51D57AF9940', 10000, 'RMB', '2025-01-19 04:46:39', 'purchase', NULL, NULL, 194);
INSERT INTO `transactions` VALUES (497, 20, '0x0000000000000000000000000000009E1536605A', '0x00000000000000000000000000000067A033DDD7', '0x000000000000000000000000000000000000000000000000029D8FBD5B745AC0', 10000, 'RMB', '2024-10-03 04:46:39', 'purchase', NULL, NULL, 106);
INSERT INTO `transactions` VALUES (498, 15, '0x0000000000000000000000000000008B37A17724', '0x00000000000000000000000000000040A659DABD', '0x00000000000000000000000000000000000000000000000008403D7B1C68C100', 10000, 'RMB', '2024-04-24 04:46:39', 'purchase', NULL, NULL, 32);
INSERT INTO `transactions` VALUES (499, 3, '0x000000000000000000000000000000A1F64A3F54', '0x00000000000000000000000000000058B421C04C', '0x0000000000000000000000000000000000000000000000000B5A3AAF8B464B80', 10000, 'RMB', '2024-12-11 04:46:39', 'purchase', NULL, NULL, 114);
INSERT INTO `transactions` VALUES (500, 62, '0x0000000000000000000000000000003F7F5B8667', '0x00000000000000000000000000000057C8B7B469', '0x00000000000000000000000000000000000000000000000000EDFE6620D143A0', 10000, 'RMB', '2024-05-29 04:46:39', 'purchase', NULL, NULL, 97);
INSERT INTO `transactions` VALUES (501, 2, '0x0000000000000000000000000000003F7F5B8667', '0x00000000000000000000000000000057C8B7B469', '0x00000000000000000000000000000000000000000000000000EDFE6620D143A1', 21333, 'RMB', '2025-03-23 04:56:39', 'purchase', NULL, NULL, 201);
INSERT INTO `transactions` VALUES (502, 63, '0x1234567890abcdef1234567890abcdef12345678', '0x9876543210fedcba9876543210fedcba98765432', '0x1234567890abcdef1234567890abcdef1234567890abcdef', 7899, 'RMB', '2025-03-27 17:10:40', 'purchase', NULL, NULL, 121);
INSERT INTO `transactions` VALUES (503, 63, '0x234567890abcdef1234567890abcdef12345678', '0x876543210fedcba9876543210fedcba98765432', '0x234567890abcdef1234567890abcdef1234567890abcdef', 7888, 'RMB', '2025-03-27 17:10:40', 'purchase', NULL, NULL, 215);
INSERT INTO `transactions` VALUES (504, 63, '0x34567890abcdef1234567890abcdef12345678', '0x76543210fedcba9876543210fedcba98765432', '0x34567890abcdef1234567890abcdef1234567890abcdef', 8000, 'RMB', '2025-03-27 17:10:40', 'purchase', NULL, NULL, 1320);
INSERT INTO `transactions` VALUES (505, 64, '0x4567890abcdef1234567890abcdef12345678', '0x6543210fedcba9876543210fedcba98765432', '0x4567890abcdef1234567890abcdef1234567890abcdef', 22000, 'RMB', '2025-03-27 17:10:40', 'purchase', NULL, NULL, 40);
INSERT INTO `transactions` VALUES (506, 64, '0x567890abcdef1234567890abcdef12345678', '0x543210fedcba9876543210fedcba98765432', '0x567890abcdef1234567890abcdef1234567890abcdef', 25000, 'RMB', '2025-03-27 17:10:40', 'purchase', NULL, NULL, 156);
INSERT INTO `transactions` VALUES (508, 65, '0x7890abcdef1234567890abcdef12345678', '0x3210fedcba9876543210fedcba98765432', '0x7890abcdef1234567890abcdef1234567890abcdef', 2454, 'RMB', '2025-03-27 17:13:19', 'purchase', NULL, NULL, 1600);
INSERT INTO `transactions` VALUES (509, 65, '0x890abcdef1234567890abcdef12345678', '0x210fedcba9876543210fedcba98765432', '0x890abcdef1234567890abcdef1234567890abcdef', 2599, 'RMB', '2025-03-27 17:13:19', 'purchase', NULL, NULL, 2655);
INSERT INTO `transactions` VALUES (510, 65, '0x90abcdef1234567890abcdef12345678', '0x10fedcba9876543210fedcba98765432', '0x90abcdef1234567890abcdef1234567890abcdef', 2578, 'RMB', '2025-03-27 17:13:19', 'purchase', NULL, NULL, 4508);
INSERT INTO `transactions` VALUES (511, 66, '0x0abcdef1234567890abcdef12345678', '0xfedcba9876543210fedcba98765432', '0x0abcdef1234567890abcdef1234567890abcdef', 1389, 'RMB', '2025-03-27 17:13:19', 'purchase', NULL, NULL, 1260);
INSERT INTO `transactions` VALUES (512, 66, '0x00000000000000000000000000000000260D4DE4', '0xedcba9876543210fedcba98765432', '0x1abcdef1234567890abcdef1234567890abcdef', 1458, 'RMB', '2025-03-27 17:13:19', 'purchase', NULL, NULL, 210);
INSERT INTO `transactions` VALUES (513, 66, '0x00000000000000000000000000000000260D4DE4', '0xdcba9876543210fedcba98765432', '0x2abcdef1234567890abcdef1234567890abcdef', 1470, 'RMB', '2025-03-27 17:13:19', 'purchase', NULL, NULL, 211);
INSERT INTO `transactions` VALUES (514, 67, '0x3abcdef1234567890abcdef12345678', '0xcba9876543210fedcba98765432', '0x3abcdef1234567890abcdef1234567890abcdef', 1500, 'RMB', '2025-03-27 17:13:19', 'purchase', NULL, NULL, 1515);
INSERT INTO `transactions` VALUES (515, 67, '0x00000000000000000000000000000000260D4DE4', '0xba9876543210fedcba98765432', '0x4abcdef1234567890abcdef1234567890abcdef', 1580, 'RMB', '2025-03-27 17:13:19', 'purchase', NULL, NULL, 212);
INSERT INTO `transactions` VALUES (516, 67, '0x00000000000000000000000000000000260D4DE4', '0xa9876543210fedcba98765432', '0x5abcdef1234567890abcdef1234567890abcdef', 1570, 'RMB', '2025-03-27 17:13:19', 'purchase', NULL, NULL, 152);
INSERT INTO `transactions` VALUES (517, 68, '0x6abcdef1234567890abcdef12345678', '0x9876543210fedcba9876543210fedcba98765432', '0x6abcdef1234567890abcdef1234567890abcdef', 1769, 'RMB', '2025-03-27 17:15:26', 'purchase', NULL, NULL, 4270);
INSERT INTO `transactions` VALUES (518, 68, '0x7abcdef1234567890abcdef12345678', '0x876543210fedcba9876543210fedcba98765432', '0x7abcdef1234567890abcdef1234567890abcdef', 1900, 'RMB', '2025-03-27 17:15:26', 'purchase', NULL, NULL, 1453);
INSERT INTO `transactions` VALUES (519, 68, '0x8abcdef1234567890abcdef12345678', '0x76543210fedcba9876543210fedcba98765432', '0x8abcdef1234567890abcdef1234567890abcdef', 1800, 'RMB', '2025-03-27 17:15:26', 'purchase', NULL, NULL, 188);
INSERT INTO `transactions` VALUES (520, 69, '0x9abcdef1234567890abcdef12345678', '0x6543210fedcba9876543210fedcba98765432', '0x9abcdef1234567890abcdef1234567890abcdef', 4873, 'RMB', '2025-03-27 17:15:26', 'purchase', NULL, NULL, 1420);
INSERT INTO `transactions` VALUES (521, 69, '0x00000000000000000000000000000000260R5TU8', '0x00000000000000000000000000000000260D4DE4', '0x0abcdef1234567890abcdef1234567890abcdef', 4523, 'RMB', '2025-03-27 17:15:26', 'purchase', NULL, NULL, 128);
INSERT INTO `transactions` VALUES (522, 69, '0x00000000000000000000000000000000260D4DE4', '0x00000000000000000000000000000000260R5TU8', '0x1abcdef1234567890abcdef1234567890abcdef', 4399, 'RMB', '2025-03-27 17:15:26', 'purchase', NULL, NULL, 759);
INSERT INTO `transactions` VALUES (523, 3, '0x00000000000000000000000000000000260D4DE4', '0x00000000000000000000000000000000260D4DE4', '0x1abcdef1234567890abcdef1234567890abcdeb', 39999, 'RMB', '2025-03-31 23:50:23', 'purchase', NULL, NULL, 214);
INSERT INTO `transactions` VALUES (524, 3, '0x00000000000000000000000000000000260D4DE4', '0x00000000000000000000000000000000260R5TU8', '0xC85D8C60E63D411C828C9A3F8D73AA20', 15989, 'CNY', '2025-04-08 01:28:52', 'purchase', NULL, NULL, 214);
INSERT INTO `transactions` VALUES (525, 3, '0x00000000000000000000000000000000260D4DE4', '0x00000000000000000000000000000000260R5TU8', '0xBFE42E140732427387C594FC4CCDCFA1', 39999, 'CNY', '2025-04-08 01:30:56', 'purchase', NULL, NULL, 215);
INSERT INTO `transactions` VALUES (526, 3, '0x00000000000000000000000000000000260R5TU8', '0x00000000000000000000000000000000260R5TU8', '0xE94802C60BDB4284A5D5FCAC85A7BB07', 39999, 'CNY', '2025-04-08 01:31:11', 'purchase', NULL, NULL, 215);
INSERT INTO `transactions` VALUES (527, 63, '0x00000000000000000000000000000000260D4DE4', '0x00000000000000000000000000000000260R5TU8', '0x0F1C48E25A1E4C6CBB369369868C3D5F', 29889, 'CNY', '2025-04-08 01:35:32', 'purchase', NULL, NULL, 205);
INSERT INTO `transactions` VALUES (528, 4, '0x0000000000000000000000000000000029722195', '0x00000000000000000000000000000000260R5TU8', '0x875FAB6C82594A28AEE24615DFDA4C54', 600, 'CNY', '2025-04-08 01:47:23', 'purchase', NULL, NULL, 170);
INSERT INTO `transactions` VALUES (529, 66, '0x00000000000000000000000000000000260D4DE4', '0x00000000000000000000000000000000260R5TU8', '0x8846BDBF53774CBB8B9B091317A8A590', 1599, 'CNY', '2025-04-08 01:48:23', 'purchase', NULL, NULL, 211);
INSERT INTO `transactions` VALUES (530, 66, '0x00000000000000000000000000000000260R5TU8', '0x00000000000000000000000000000000260R5TU8', '0x85E3C94C87184D4F8C8CFAA8D0074C42', 1599, 'CNY', '2025-04-08 01:48:23', 'purchase', NULL, NULL, 211);
INSERT INTO `transactions` VALUES (531, 66, '0x00000000000000000000000000000000260R5TU8', '0x00000000000000000000000000000000260R5TU8', '0xA2344AEFCD04451D90B978DFFBC29EA9', 1599, 'CNY', '2025-04-08 01:48:23', 'purchase', NULL, NULL, 211);
INSERT INTO `transactions` VALUES (532, 66, '0x00000000000000000000000000000000260R5TU8', '0x00000000000000000000000000000000260R5TU8', '0xAFD61A26D6C44C4790D0B5B69E15BAFE', 1599, 'CNY', '2025-04-08 01:48:23', 'purchase', NULL, NULL, 211);
INSERT INTO `transactions` VALUES (533, 66, '0x00000000000000000000000000000000260R5TU8', '0x00000000000000000000000000000000260R5TU8', '0xAFAF8AF86D7448708A3B77E502263ED2', 1599, 'CNY', '2025-04-08 01:48:23', 'purchase', NULL, NULL, 211);
INSERT INTO `transactions` VALUES (534, 66, '0x00000000000000000000000000000000260R5TU8', '0x00000000000000000000000000000000260R5TU8', '0x72A8E6F630B445F9B8DCE746F76EC077', 1599, 'CNY', '2025-04-08 01:48:24', 'purchase', NULL, NULL, 211);
INSERT INTO `transactions` VALUES (535, 66, '0x00000000000000000000000000000000260R5TU8', '0x00000000000000000000000000000000260R5TU8', '0x50E1EA4836AC4749873C6A54090B76CB', 3999, 'CNY', '2025-04-08 10:28:40', 'purchase', NULL, NULL, 211);
INSERT INTO `transactions` VALUES (536, 69, '0x00000000000000000000000000000000260D4DE4', '0x00000000000000000000000000000000260R5TU8', '0x2D6162FAD4B84543BCDD6EE3498EFD64', 2898, 'CNY', '2025-04-08 11:54:17', 'purchase', NULL, NULL, 216);
INSERT INTO `transactions` VALUES (537, 18, '0x0000000000000000000000000000000008859B43', '0x00000000000000000000000000000000260R5TU8', '0x19EE603F49AB440AB78CBBD9D903EFB9', 598, 'CNY', '2025-04-08 15:18:58', 'purchase', NULL, NULL, 161);
INSERT INTO `transactions` VALUES (538, 5, '0x0000000000000000000000000000000011F7DA29', '0x00000000000000000000000000000000260R5TU8', '0xFF853A028BB44888AA061914EDD68D14', 2103, 'CNY', '2025-04-08 15:29:39', 'purchase', NULL, NULL, 190);
INSERT INTO `transactions` VALUES (539, 5, '0x00000000000000000000000000000000260R5TU8', '0x00000000000000000000000000000000260D4DE4', '0x5C7F6AE2D50B4E84BB148A985058CC59', 2103, 'CNY', '2025-04-08 15:29:40', 'purchase', NULL, NULL, 190);
INSERT INTO `transactions` VALUES (540, 1, '0x000000000000000000000000000000000634B3D4', '0x00000000000000000000000000000000260D4DE4', '0xC500E1CC7F704E32984ADB48564EFAD6', 4477, 'CNY', '2025-04-08 16:13:39', 'purchase', NULL, NULL, 84);
INSERT INTO `transactions` VALUES (541, 1, '0x00000000000000000000000000000000260D4DE4', '0x00000000000000000000000000000000260R5TU8', '0x3A831ED6E8FF4DAB986D638DB24CD5F1', 4477, 'CNY', '2025-04-08 16:13:39', 'purchase', NULL, NULL, 84);
INSERT INTO `transactions` VALUES (542, 31, '0x000000000000000000000000000000000DE6A809', '0x00000000000000000000000000000000260D4DE4', '0x8F5DE027295D4198A7F618744C27CED9', 2789, 'CNY', '2025-04-08 17:10:37', 'purchase', NULL, NULL, 3);
INSERT INTO `transactions` VALUES (543, 6, '0x0000000000000000000000000000000009A9D20B', '0x00000000000000000000000000000000260R5TU8', '0x39765B6D6B6045A7A0CAAD8B1869EC00', 2799, 'CNY', '2025-04-08 17:16:27', 'purchase', NULL, NULL, 167);
INSERT INTO `transactions` VALUES (544, 6, '0x0000000000000000000000000000000026173A86', '0x00000000000000000000000000000000260D4DE4', '0x8717EE394A214BC89078838468A68F30', 6760, 'CNY', '2025-04-08 17:31:07', 'purchase', NULL, NULL, 24);
INSERT INTO `transactions` VALUES (545, 10, '0x00000000000000000000000000000000054C4CDA', '0x00000000000000000000000000000000260R5TU8', '0x4907039341C7480AAA1525F3676C18CA', 2658, 'CNY', '2025-04-08 17:37:32', 'purchase', NULL, NULL, 106);
INSERT INTO `transactions` VALUES (546, 1, '0x00000000000000000000000000000000313BDCC9', '0x00000000000000000000000000000000260R5TU8', '0x072BDF71B12D44EEB3B744FE4DCAC408', 1864, 'CNY', '2025-04-08 17:45:12', 'purchase', NULL, NULL, 20);
INSERT INTO `transactions` VALUES (547, 1, '0x00000000000000000000000000000000260R5TU8', '0x00000000000000000000000000000000260D4DE4', '0xC58634971ABA42C090A9124E815679EF', 1864, 'CNY', '2025-04-08 17:45:13', 'purchase', NULL, NULL, 20);
INSERT INTO `transactions` VALUES (548, 10, '0x000000000000000000000000000000000B20EB30', '0x00000000000000000000000000000000260R5TU8', '0xF1EF3D6AFC9D41729DB1216A60215259', 4759, 'CNY', '2025-04-09 10:31:39', 'purchase', NULL, NULL, 72);
INSERT INTO `transactions` VALUES (549, 10, '0x00000000000000000000000000000000260R5TU8', '0x00000000000000000000000000000000260D4DE4', '0xA074E2CA598447F39B309A7D0B76BD41', 4759, 'CNY', '2025-04-09 10:31:39', 'purchase', NULL, NULL, 72);
INSERT INTO `transactions` VALUES (550, 20, '0x000000000000000000000000000000002538CD03', '0x00000000000000000000000000000000260D4DE4', '0x699AFB77E9A14FE29DCA798F05065128', 1257, 'CNY', '2025-04-09 11:06:31', 'purchase', NULL, NULL, 175);
INSERT INTO `transactions` VALUES (551, 20, '0x0000000000000000000000000000000015A89228', '0x00000000000000000000000000000000260R5TU8', '0x77532B2895004EEFB6B6D3E09EA4EB1D', 1300, 'CNY', '2025-04-09 11:36:21', 'purchase', NULL, NULL, 142);
INSERT INTO `transactions` VALUES (552, 20, '0x0000000000000000000000000000000030B9F144', '0x00000000000000000000000000000000260R5TU8', '0x320D1E8A7B78427CAD7AC0811B72D34F', 1305, 'CNY', '2025-04-09 11:36:52', 'purchase', NULL, NULL, 131);
INSERT INTO `transactions` VALUES (553, 40, '0x0000000000000000000000000000000010F009C3', '0x00000000000000000000000000000000260D4DE4', '0x6F437336E50E44EEB98FE18B8AC80400', 8502, 'CNY', '2025-04-10 15:14:07', 'purchase', NULL, NULL, 16);
INSERT INTO `transactions` VALUES (554, 4, '0x000000000000000000000000000000001DF49548', '0x00000000000000000000000000000000260R5TU8', '0x57BD2847601B453799EE762708AFEBD5', 1406, 'CNY', '2025-04-10 16:22:57', 'purchase', NULL, NULL, 108);
INSERT INTO `transactions` VALUES (555, 6, '0x00000000000000000000000000000000260D4DE4', '0x00000000000000000000000000000000260R5TU8', '0x0DC3223200E74D879575F1B54935C4AE', 5999, 'CNY', '2025-04-10 16:49:55', 'purchase', NULL, NULL, 24);
INSERT INTO `transactions` VALUES (556, 4, '0x000000000000000000000000000000002BC74E98', '0x00000000000000000000000000000000260R5TU8', '0xFD36369EEBB548BCBBF575179B35146B', 8399, 'CNY', '2025-04-10 16:54:47', 'purchase', NULL, NULL, 2);
INSERT INTO `transactions` VALUES (557, 6, '0x0000000000000000000000000000000001F28F0D', '0x00000000000000000000000000000000260D4DE4', '0x8344EE5164E14B3DABCB79863F1408D9', 7845, 'CNY', '2025-04-13 19:50:54', 'purchase', NULL, NULL, 158);
INSERT INTO `transactions` VALUES (558, 7, '0x000000000000000000000000000000000EA0719B', '0x00000000000000000000000000000000260D4DE4', '0x6710D4ADD4554758B8B8DB587FC89C67', 2949, 'CNY', '2025-04-13 19:56:46', 'purchase', NULL, NULL, 125);
INSERT INTO `transactions` VALUES (559, 7, '0x00000000000000000000000000000000371BCD23', '0x00000000000000000000000000000000260D4DE4', '0xA35B6F64926E4DC89CF29F521F6E0089', 7620, 'CNY', '2025-04-13 20:15:16', 'purchase', NULL, NULL, 81);
INSERT INTO `transactions` VALUES (560, 66, '0x00000000000000000000000000000000260D4DE4', '0x00000000000000000000000000000000260R5TU8', '0x55FAB5AD673B4B64A0A56DBCBE156B4C', 2593, 'CNY', '2025-04-15 02:32:29', 'purchase', NULL, NULL, 210);
INSERT INTO `transactions` VALUES (561, 42, '0x00000000000000000000000000000000260D4DE4', '0x512323b4d2794baf44aaa87d34ae9d33e7c836b5', '0xD23618D8B5104E989744E38070B51E6E', 2999, 'CNY', '2025-04-15 02:54:06', 'purchase', NULL, NULL, 203);
INSERT INTO `transactions` VALUES (562, 65, '0x00000000000000000000000000000000260D4DE4', '0x512323b4d2794baf44aaa87d34ae9d33e7c836b5', '0x2262747B31E94BC6A84C9559B6523D33', 39989, 'CNY', '2025-04-15 03:16:56', 'purchase', NULL, NULL, 209);
INSERT INTO `transactions` VALUES (563, 67, '0x00000000000000000000000000000000260D4DE4', '0x512323b4d2794baf44aaa87d34ae9d33e7c836b5', '0x9C71C34B16BD4C04A119C9108D093405', 1600, 'CNY', '2025-04-15 03:23:29', 'purchase', NULL, NULL, 212);
INSERT INTO `transactions` VALUES (564, 63, '0x00000000000000000000000000000000260D4DE4', '0x512323b4d2794baf44aaa87d34ae9d33e7c836b5', '0xC0B7A025A97341FF8197A431E168C6C7', 7988, 'CNY', '2025-04-15 03:25:53', 'purchase', NULL, NULL, 204);
INSERT INTO `transactions` VALUES (565, 34, '0x00000000000000000000000000000000260D4DE4', '0x512323b4d2794baf44aaa87d34ae9d33e7c836b5', '0x8E5A65558B2043BAB9793941A2E8739D', 1560, 'CNY', '2025-04-15 03:38:12', 'purchase', NULL, NULL, 202);
INSERT INTO `transactions` VALUES (566, 17, '0x000000000000000000000000000000001AC8EF5E', '0x00000000000000000000000000000000260R5TU8', '0x5FD0AA6C187040EEBD1DF5351CE726C1', 1262, 'CNY', '2025-04-16 23:10:03', 'purchase', NULL, NULL, 191);
INSERT INTO `transactions` VALUES (567, 32, '0x000000000000000000000000000000000C8B0653', '0x00000000000000000000000000000000260R5TU8', '0xF4162E1C5A5045D198AF7822AFF08016', 575, 'CNY', '2025-04-17 00:04:10', 'purchase', NULL, NULL, 74);
INSERT INTO `transactions` VALUES (568, 3, '0x00000000000000000000000000000000260R5TU8', '0x59bc92b86b9328f268387b3504020ba6989312ba', '0x7C9A7D29698646FF896C837C55D045A6', 38988, 'CNY', '2025-04-18 11:42:37', 'purchase_request', 101, NULL, 215);
INSERT INTO `transactions` VALUES (569, 3, '0x59bc92b86b9328f268387b3504020ba6989312ba', '0x00000000000000000000000000000000260R5TU8', '0x7CF7B9587524416DAD0B510FC97CAA38', 42999, 'CNY', '2025-04-18 11:51:52', 'purchase_request', 102, NULL, 215);
INSERT INTO `transactions` VALUES (570, 3, '0x00000000000000000000000000000000260R5TU8', '0x59bc92b86b9328f268387b3504020ba6989312ba', '0x01D5DC5D12824139A73350568148BE76', 58999, 'CNY', '2025-04-18 14:53:40', 'purchase_request', 108, NULL, 215);
INSERT INTO `transactions` VALUES (571, 3, '0x59bc92b86b9328f268387b3504020ba6989312ba', '0x00000000000000000000000000000000260R5TU8', '0xF9C0A89609784E4899D0CABBE9361653', 48999, 'CNY', '2025-04-18 14:59:48', 'purchase_request', 109, NULL, 215);
INSERT INTO `transactions` VALUES (572, 3, '0x00000000000000000000000000000000260R5TU8', '0x59bc92b86b9328f268387b3504020ba6989312ba', '0xCE2A04C7F3CD49DB946352EEBE1C52C8', 48978, 'CNY', '2025-04-18 15:05:13', 'purchase_request', 110, NULL, 215);
INSERT INTO `transactions` VALUES (573, 3, '0x59bc92b86b9328f268387b3504020ba6989312ba', '0x00000000000000000000000000000000260R5TU8', '0x1363FA919BEE4A56A4611EC510CF1029', 35699, 'CNY', '2025-04-18 15:07:48', 'purchase_request', 112, NULL, 215);
INSERT INTO `transactions` VALUES (574, 3, '0x00000000000000000000000000000000260R5TU8', '0x59bc92b86b9328f268387b3504020ba6989312ba', '0xF6EAAE9762E241A2BD5162A2C481B8C2', 35699, 'CNY', '2025-04-18 15:12:13', 'purchase_request', 113, NULL, 214);
INSERT INTO `transactions` VALUES (575, 8, '0x000000000000000000000000000000001104237F', '0x00000000000000000000000000000000260R5TU8', '0x1B987E37C3154960846E7FF5F506A43A', 324, 'CNY', '2025-04-19 17:05:27', 'purchase', NULL, NULL, 57);
INSERT INTO `transactions` VALUES (576, 3, '0x00000000000000000000000000000000260R5TU8', '0x00000000000000000000000000000000260D4DE4', '0xF93706DF1551409593FD9F0B3115AE52', 35999, 'CNY', '2025-04-20 23:34:47', 'purchase_request', 129, NULL, 215);
INSERT INTO `transactions` VALUES (577, 3, '0x00000000000000000000000000000000260D4DE4', '0x00000000000000000000000000000000260R5TU8', '0xBCEEF504E5F64EB3957EBD0DE0DEEFCF', 35000, 'CNY', '2025-04-20 23:40:29', 'purchase_request', 111, NULL, 215);
INSERT INTO `transactions` VALUES (578, 3, '0x59bc92b86b9328f268387b3504020ba6989312ba', '0x00000000000000000000000000000000260D4DE4', '0x2B33D7CDCEE349F695347E3BB625DEAF', 40000, 'CNY', '2025-04-20 23:53:25', 'purchase_request', 134, NULL, 214);
INSERT INTO `transactions` VALUES (579, 6, '0x00000000000000000000000000000000260R5TU8', '0x00000000000000000000000000000000260D4DE4', '0xB45F1DFB41AA45E8BCE8027567F792A1', 5999, 'CNY', '2025-04-22 18:45:32', 'purchase', NULL, NULL, 24);
INSERT INTO `transactions` VALUES (580, 2, '0x00000000000000000000000000000000260D4DE4', '0x00000000000000000000000000000000260R5TU8', '0x43F48ED51BE246FBBC46ABD96D1DCC6A', 4891, 'CNY', '2025-04-22 18:47:22', 'purchase', NULL, NULL, 201);
INSERT INTO `transactions` VALUES (581, 5, '0x00000000000000000000000000000000369C44A4', '0x00000000000000000000000000000000260D4DE4', '0xB521BEBFCC854D75871571D548C0579A', 7151, 'CNY', '2025-04-22 18:48:34', 'purchase', NULL, NULL, 152);
INSERT INTO `transactions` VALUES (582, 12, '0x000000000000000000000000000000000364346A', '0x00000000000000000000000000000000260R5TU8', '0x499D5AC47D48418C8DCBCDD4D2B113C1', 5499, 'CNY', '2025-04-23 15:56:02', 'purchase', NULL, NULL, 76);
INSERT INTO `transactions` VALUES (583, 1, '0x00000000000000000000000000000000260R5TU8', '0x00000000000000000000000000000000260R5TU8', '0xBC389ED447214930B88C91640B20E38B', 1999, 'CNY', '2025-05-07 11:22:16', 'purchase_request', 138, NULL, 84);
INSERT INTO `transactions` VALUES (584, 19, '0x0000000000000000000000000000000029B0B754', '0x00000000000000000000000000000000260R5TU8', '0xA8DBE6EE32154999B18127E0E2C74806', 3226, 'CNY', '2025-05-07 11:24:49', 'purchase', NULL, NULL, 82);
INSERT INTO `transactions` VALUES (585, 70, NULL, '0x00000000000000000000000000000000260D4DE4', '0x5eed83d117674d978b61e2858ea80caf', 30, 'CNY', '2025-06-11 11:31:14', 'purchase', NULL, 12, 226);
INSERT INTO `transactions` VALUES (586, 71, NULL, '0x00000000000000000000000000000000260D4DE4', '0x8cfeaa43c4f549508b1d9e371318c522', 20, 'CNY', '2025-06-11 11:52:55', 'purchase', NULL, 13, 227);
INSERT INTO `transactions` VALUES (587, 71, NULL, '0x00000000000000000000000000000000260D4DE4', '0xe69117e08fe0424daa49dec86f9f0b1a', 20, 'CNY', '2025-06-11 11:52:55', 'purchase', NULL, 13, 228);
INSERT INTO `transactions` VALUES (588, 71, NULL, '0x00000000000000000000000000000000260D4DE4', '0xd4d1340ea8244e789c75f607f6a94667', 20, 'CNY', '2025-06-11 11:52:55', 'purchase', NULL, 13, 229);
INSERT INTO `transactions` VALUES (589, 71, NULL, '0x00000000000000000000000000000000260D4DE4', '0xfc646d6f0b084029b133d97b59518cf5', 20, 'CNY', '2025-06-11 11:52:55', 'purchase', NULL, 13, 230);
INSERT INTO `transactions` VALUES (590, 71, NULL, '0x00000000000000000000000000000000260D4DE4', '0x1e10a051a3cf43d78659749d991f0200', 20, 'CNY', '2025-06-11 11:52:55', 'purchase', NULL, 13, 231);
INSERT INTO `transactions` VALUES (591, 70, NULL, '0x00000000000000000000000000000000260D4DE4', '0xb9b8995499604a679d5f66397ef9364d', 30, 'CNY', '2025-06-11 11:55:30', 'purchase', NULL, 14, 232);
INSERT INTO `transactions` VALUES (592, 70, NULL, '0x00000000000000000000000000000000260D4DE4', '0xf56be9b853b04c7db87a2aa4fdf4d65f', 30, 'CNY', '2025-06-11 11:55:30', 'purchase', NULL, 14, 233);
INSERT INTO `transactions` VALUES (593, 70, NULL, '0x00000000000000000000000000000000260D4DE4', '0xaf8202cf63194f37b15afeb559fa62f1', 30, 'CNY', '2025-06-11 15:11:58', 'purchase', NULL, 15, 234);
INSERT INTO `transactions` VALUES (594, 71, NULL, '0x00000000000000000000000000000000260D4DE4', '0x21e39b0a0ad4427e8ff0273ea8864793', 20, 'ETH', '2025-06-19 09:53:03', 'purchase', NULL, 16, 235);
INSERT INTO `transactions` VALUES (595, 71, NULL, '0x00000000000000000000000000000000260D4DE4', '0xdf0f2828a1534eed8c0b63cf836354c8', 20, 'ETH', '2025-06-19 09:53:03', 'purchase', NULL, 16, 236);
INSERT INTO `transactions` VALUES (596, 71, NULL, '0x00000000000000000000000000000000260D4DE4', '0x9382f1ad749c442283e84b1a053ab9d8', 20, 'ETH', '2025-06-19 09:53:03', 'purchase', NULL, 16, 237);
INSERT INTO `transactions` VALUES (597, 71, NULL, '0x00000000000000000000000000000000260D4DE4', '0x3a4b30087ce543609905fdaf589048fb', 20, 'ETH', '2025-06-19 09:53:03', 'purchase', NULL, 16, 238);
INSERT INTO `transactions` VALUES (598, 71, NULL, '0x00000000000000000000000000000000260D4DE4', '0x3f9bcb84eb354ec4b2f2b18ae7b06339', 20, 'ETH', '2025-06-19 09:55:33', 'purchase', NULL, 17, 239);
INSERT INTO `transactions` VALUES (599, 71, NULL, '0x00000000000000000000000000000000260D4DE4', '0xa56f116c50ea41e49dabc0937eaac6f1', 20, 'ETH', '2025-06-19 10:05:37', 'purchase', NULL, 18, 240);
INSERT INTO `transactions` VALUES (600, 71, NULL, '0x00000000000000000000000000000000260D4DE4', '0xf0254287bb064e1496d4ec8f9f9af5a5', 20, 'ETH', '2025-06-19 10:07:59', 'purchase', NULL, 19, 241);
INSERT INTO `transactions` VALUES (601, 71, NULL, '0x00000000000000000000000000000000260D4DE4', '0xac6d6a5a45b048f4a261b3d4784b681d', 20, 'ETH', '2025-06-19 10:10:48', 'purchase', NULL, 20, 242);
INSERT INTO `transactions` VALUES (602, 71, NULL, '0x00000000000000000000000000000000260D4DE4', '0xe6aebed547f847f0940c6849230546e1', 20, 'CNY', '2025-06-19 10:16:46', 'purchase', NULL, 21, 243);
INSERT INTO `transactions` VALUES (603, 71, NULL, '0x00000000000000000000000000000000260D4DE4', '0xe77aa4748b80430495eb7c7327f5d005', 20, 'CNY', '2025-06-19 10:16:46', 'purchase', NULL, 21, 244);
INSERT INTO `transactions` VALUES (604, 71, NULL, '0x00000000000000000000000000000000260D4DE4', '0x1acb27c634324093b071cfe1037d37a5', 20, 'CNY', '2025-06-19 10:35:57', 'purchase', NULL, 22, 245);
INSERT INTO `transactions` VALUES (605, 71, NULL, '0x00000000000000000000000000000000260D4DE4', '0xe428ce9f0c7d41dbbcb4e5fb47cfdfd3', 20, 'CNY', '2025-06-19 10:48:18', 'purchase', NULL, 29, 246);
INSERT INTO `transactions` VALUES (606, 1, '0x0000000000000000000000000000000021666E49', '0x00000000000000000000000000000000260D4DE4', '0xF4EEEF67A3E644888B552B3AD7240770', 3771, 'CNY', '2025-07-16 02:00:14', 'purchase', NULL, NULL, 11);
INSERT INTO `transactions` VALUES (607, 70, '0x00000000000000000000000000000000260D4DE4', '0x00000000000000000000000000000000260R5TU8', '0x43308CDDBD2B4680A87686735D62B2B1', 1855, 'CNY', '2025-07-16 02:38:02', 'purchase', NULL, NULL, 233);
INSERT INTO `transactions` VALUES (608, 10, '0x000000000000000000000000000000003B50BA1C', '0x00000000000000000000000000000000260D4DE4', '0xD438C7F3A2974C5AA53FF93F0B49C15C', 4872, 'CNY', '2025-07-16 02:44:45', 'purchase', NULL, NULL, 199);
INSERT INTO `transactions` VALUES (609, 71, '0x00000000000000000000000000000000260D4DE4', '0x00000000000000000000000000000000260R5TU8', '0x1AFE052F66EB4DC880BB8FE4602C9DD2', 199, 'CNY', '2025-07-16 02:47:58', 'purchase', NULL, NULL, 228);
INSERT INTO `transactions` VALUES (610, 71, '0x00000000000000000000000000000000260R5TU8', '0x00000000000000000000000000000000260D4DE4', '0x9937B6415D164013B27F4082ED8D88D7', 255, 'CNY', '2025-07-16 02:51:42', 'purchase_request', 143, NULL, 228);
INSERT INTO `transactions` VALUES (611, 70, NULL, '0x00000000000000000000000000000000260D4DE4', '0x7932b8daa0054015941ee5cd2416578a', 30, 'CNY', '2025-07-16 02:57:43', 'purchase', NULL, 31, 247);
INSERT INTO `transactions` VALUES (612, 70, NULL, '0x00000000000000000000000000000000260D4DE4', '0xf4897c245c5a4a55b5b6b9eb99d97a85', 30, 'CNY', '2025-07-16 02:57:43', 'purchase', NULL, 31, 248);
INSERT INTO `transactions` VALUES (613, 70, NULL, '0x00000000000000000000000000000000260D4DE4', '0xb8345acaeda04d66901e0a85eb5e8403', 30, 'CNY', '2025-07-16 02:57:43', 'purchase', NULL, 31, 249);
INSERT INTO `transactions` VALUES (614, 70, NULL, '0x00000000000000000000000000000000260D4DE4', '0x0d620ab1b6b64299bc2fc921ba703fba', 30, 'CNY', '2025-07-16 02:57:43', 'purchase', NULL, 31, 250);
INSERT INTO `transactions` VALUES (615, 70, NULL, '0x00000000000000000000000000000000260D4DE4', '0xdfc4e25bfc524e0b9753800751e3a148', 30, 'CNY', '2025-07-16 02:57:43', 'purchase', NULL, 31, 251);

-- ----------------------------
-- Table structure for user_favorites
-- ----------------------------
DROP TABLE IF EXISTS `user_favorites`;
CREATE TABLE `user_favorites`  (
  `id` bigint(20) NOT NULL AUTO_INCREMENT COMMENT '收藏记录ID',
  `user_id` int(11) NOT NULL COMMENT '用户ID，关联users表的user_id',
  `nft_id` int(11) NOT NULL COMMENT 'NFT ID，关联nfts表的id',
  `created_at` timestamp(0) NOT NULL DEFAULT CURRENT_TIMESTAMP(0) COMMENT '收藏时间',
  PRIMARY KEY (`id`) USING BTREE,
  UNIQUE INDEX `user_nft_unique`(`user_id`, `nft_id`) USING BTREE COMMENT '确保用户不能重复收藏同一NFT',
  INDEX `idx_user_id`(`user_id`) USING BTREE COMMENT '用户ID索引，便于查询用户收藏列表',
  INDEX `idx_nft_id`(`nft_id`) USING BTREE COMMENT 'NFT ID索引，便于查询NFT被收藏情况'
) ENGINE = InnoDB AUTO_INCREMENT = 18 CHARACTER SET = utf8 COLLATE = utf8_general_ci COMMENT = '用户NFT收藏关系表' ROW_FORMAT = Compact;

-- ----------------------------
-- Records of user_favorites
-- ----------------------------
INSERT INTO `user_favorites` VALUES (3, 1, 3, '2025-07-15 10:51:25');
INSERT INTO `user_favorites` VALUES (4, 1, 4, '2025-07-15 11:08:26');
INSERT INTO `user_favorites` VALUES (5, 1, 5, '2025-07-15 11:08:28');
INSERT INTO `user_favorites` VALUES (6, 1, 6, '2025-07-15 10:51:41');
INSERT INTO `user_favorites` VALUES (11, 1, 9, '2025-07-15 11:08:33');
INSERT INTO `user_favorites` VALUES (12, 1, 10, '2025-07-15 11:08:34');
INSERT INTO `user_favorites` VALUES (13, 1, 11, '2025-07-15 11:08:35');
INSERT INTO `user_favorites` VALUES (17, 1, 1, '2025-07-16 01:58:52');

-- ----------------------------
-- Table structure for users
-- ----------------------------
DROP TABLE IF EXISTS `users`;
CREATE TABLE `users`  (
  `user_id` int(11) NOT NULL AUTO_INCREMENT COMMENT '用户ID，主键',
  `username` varchar(50) CHARACTER SET utf8 COLLATE utf8_general_ci NOT NULL COMMENT '用户名，唯一',
  `password` varchar(255) CHARACTER SET utf8 COLLATE utf8_general_ci NOT NULL COMMENT '密码，加密存储',
  `phone_number` varchar(15) CHARACTER SET utf8 COLLATE utf8_general_ci NOT NULL COMMENT '手机号',
  `full_name` varchar(100) CHARACTER SET utf8 COLLATE utf8_general_ci NULL DEFAULT NULL COMMENT '姓名',
  `identity_id` varchar(100) CHARACTER SET utf8 COLLATE utf8_general_ci NULL DEFAULT NULL COMMENT '身份证号码',
  `status` enum('active','inactive','pending') CHARACTER SET utf8 COLLATE utf8_general_ci NOT NULL DEFAULT 'pending' COMMENT '用户状态：active（激活）, inactive（禁用）, pending（待激活）',
  `role` enum('user','admin') CHARACTER SET utf8 COLLATE utf8_general_ci NOT NULL DEFAULT 'user' COMMENT '用户角色：user（普通用户）, admin（管理员）',
  `avatar` varchar(255) CHARACTER SET utf8 COLLATE utf8_general_ci NULL DEFAULT NULL COMMENT '头像URL',
  `created_at` datetime(0) NULL DEFAULT CURRENT_TIMESTAMP(0) COMMENT '创建时间',
  `referrer_id` int(11) NULL DEFAULT NULL COMMENT '用户推荐人ID，外键，关联推荐人',
  `referral_code` varchar(20) CHARACTER SET utf8 COLLATE utf8_general_ci NULL DEFAULT NULL COMMENT '用户推荐码，唯一',
  `referral_count` int(11) NULL DEFAULT 0 COMMENT '已推荐人数',
  `wallet_address` varchar(42) CHARACTER SET utf8 COLLATE utf8_general_ci NULL DEFAULT NULL COMMENT '用户的钱包地址',
  `transaction_password` varchar(255) CHARACTER SET utf8 COLLATE utf8_general_ci NULL DEFAULT NULL COMMENT '交易密码（加密存储）',
  PRIMARY KEY (`user_id`) USING BTREE,
  UNIQUE INDEX `username`(`username`) USING BTREE,
  UNIQUE INDEX `referral_code`(`referral_code`) USING BTREE,
  UNIQUE INDEX `wallet_address`(`wallet_address`) USING BTREE,
  INDEX `referrer_id`(`referrer_id`) USING BTREE,
  CONSTRAINT `users_ibfk_1` FOREIGN KEY (`referrer_id`) REFERENCES `users` (`user_id`) ON DELETE SET NULL ON UPDATE RESTRICT
) ENGINE = InnoDB AUTO_INCREMENT = 25 CHARACTER SET = utf8 COLLATE = utf8_general_ci COMMENT = '用户表' ROW_FORMAT = Compact;

-- ----------------------------
-- Records of users
-- ----------------------------
INSERT INTO `users` VALUES (1, '让我再赢两次', '123456', '18924353308', 'John Doe', '322022200001010412', 'active', 'admin', 'assets/images/new.png', '2025-03-11 10:03:09', NULL, 'JOHNDOE123', 1, '0x00000000000000000000000000000000260D4DE4', '200202');
INSERT INTO `users` VALUES (2, '十八年的奶牛呀', '123456', '13594402576', 'Jane Smith', '322022200001010416', 'active', 'user', 'assets/images/z.jpg', '2025-03-11 10:03:09', 1, 'JANESMITH456', 0, '0x00000000000000000000000000000000260R5TU8', '123456');
INSERT INTO `users` VALUES (3, '8VPtgG', '123456', '13593894545', NULL, NULL, 'active', 'user', NULL, '2025-03-11 16:59:54', NULL, NULL, NULL, NULL, NULL);
INSERT INTO `users` VALUES (4, 'lq0HLt', '123456', '13593835660', NULL, NULL, 'active', 'user', NULL, '2025-03-12 01:42:57', NULL, NULL, NULL, NULL, NULL);
INSERT INTO `users` VALUES (5, 'A5FWtV', '123456', '15292661138', NULL, NULL, 'active', 'user', NULL, '2025-03-15 20:47:10', NULL, NULL, NULL, NULL, NULL);
INSERT INTO `users` VALUES (6, 'oQDdsT', '123456', '13245508809', NULL, NULL, 'active', 'user', NULL, '2025-03-19 00:05:33', NULL, NULL, NULL, NULL, NULL);
INSERT INTO `users` VALUES (8, 'jT9bvk', '123456', '19923541886', NULL, NULL, 'active', 'user', 'assets/images/z.jpg', '2025-04-14 15:24:46', NULL, NULL, NULL, '0xa358dfcb69022bd08cc5cd47eb3c4e6846132563', NULL);
INSERT INTO `users` VALUES (20, 'DI3CmO', '123456', '13546880193', NULL, NULL, 'active', 'user', 'assets/images/z.jpg', '2025-04-14 16:10:44', NULL, NULL, NULL, '0x512323b4d2794baf44aaa87d34ae9d33e7c836b5', NULL);
INSERT INTO `users` VALUES (21, 'nVmAci', '123456', '15355716558', NULL, NULL, 'active', 'user', 'assets/images/z.jpg', '2025-04-14 16:17:42', NULL, NULL, NULL, '0x59bc92b86b9328f268387b3504020ba6989312ba', NULL);
INSERT INTO `users` VALUES (22, '0AmBL6', '123456', '13594402577', NULL, NULL, 'active', 'user', 'assets/images/z.jpg', '2025-05-06 17:16:04', NULL, NULL, NULL, '0x9e4f752531c2198e9a6bdab95fe2e0b8233302a2', NULL);
INSERT INTO `users` VALUES (23, 'mBmmIv', '123456', '15692980222', NULL, NULL, 'active', 'user', 'assets/images/z.jpg', '2025-05-07 10:13:00', NULL, NULL, NULL, '0x9a3de97ac1565f6114b461412bbcb0217b177578', NULL);
INSERT INTO `users` VALUES (24, 'xao4RF', '123456', '15926611380', NULL, NULL, 'active', 'user', 'assets/images/z.jpg', '2025-07-20 20:55:38', NULL, NULL, NULL, '0x290bd5aca4e92c375459f609b59011f665d44ed6', NULL);

-- ----------------------------
-- Table structure for wallets
-- ----------------------------
DROP TABLE IF EXISTS `wallets`;
CREATE TABLE `wallets`  (
  `wallet_id` int(11) NOT NULL AUTO_INCREMENT COMMENT '钱包ID，主键',
  `wallet_address` varchar(42) CHARACTER SET utf8 COLLATE utf8_general_ci NOT NULL COMMENT '钱包地址，唯一，格式如0x...',
  `user_id` int(11) NOT NULL COMMENT '关联用户ID',
  `balance` decimal(20, 2) NOT NULL COMMENT '钱包余额，支持小数',
  `currency` varchar(10) CHARACTER SET utf8 COLLATE utf8_general_ci NOT NULL DEFAULT 'ETH' COMMENT '主要货币类型，默认ETH',
  `created_at` datetime(0) NOT NULL DEFAULT CURRENT_TIMESTAMP(0) COMMENT '创建时间',
  `updated_at` datetime(0) NOT NULL DEFAULT CURRENT_TIMESTAMP(0) ON UPDATE CURRENT_TIMESTAMP(0) COMMENT '最后更新时间',
  PRIMARY KEY (`wallet_id`) USING BTREE,
  UNIQUE INDEX `wallet_address`(`wallet_address`) USING BTREE,
  UNIQUE INDEX `user_id`(`user_id`) USING BTREE,
  CONSTRAINT `wallets_ibfk_1` FOREIGN KEY (`user_id`) REFERENCES `users` (`user_id`) ON DELETE CASCADE ON UPDATE RESTRICT
) ENGINE = InnoDB AUTO_INCREMENT = 8 CHARACTER SET = utf8 COLLATE = utf8_general_ci COMMENT = '用户钱包表' ROW_FORMAT = Compact;

-- ----------------------------
-- Records of wallets
-- ----------------------------
INSERT INTO `wallets` VALUES (1, '0x00000000000000000000000000000000260D4DE4', 1, 340231.05, 'RMB', '2025-04-01 11:22:24', '2025-07-16 02:57:41');
INSERT INTO `wallets` VALUES (2, '0x00000000000000000000000000000000260R5TU8', 2, 74188.85, 'RMB', '2025-04-01 11:24:07', '2025-07-16 02:51:42');
INSERT INTO `wallets` VALUES (3, '0x512323b4d2794baf44aaa87d34ae9d33e7c836b5', 20, 51419.85, 'CNY', '2025-04-14 16:10:44', '2025-04-15 03:38:12');
INSERT INTO `wallets` VALUES (4, '0x59bc92b86b9328f268387b3504020ba6989312ba', 21, 154624.15, 'CNY', '2025-04-14 16:17:42', '2025-04-20 23:53:25');
INSERT INTO `wallets` VALUES (5, '0x9e4f752531c2198e9a6bdab95fe2e0b8233302a2', 22, 0.00, 'CNY', '2025-05-06 17:16:04', '2025-05-06 17:16:04');
INSERT INTO `wallets` VALUES (6, '0x9a3de97ac1565f6114b461412bbcb0217b177578', 23, 0.00, 'CNY', '2025-05-07 10:13:00', '2025-05-07 10:13:00');
INSERT INTO `wallets` VALUES (7, '0x290bd5aca4e92c375459f609b59011f665d44ed6', 24, 0.00, 'CNY', '2025-07-20 20:55:38', '2025-07-20 20:55:38');

SET FOREIGN_KEY_CHECKS = 1;
